,SMILES_raw,Phenotype,Permeability,status_pampa,papyrus_SMILES,papyrus_inchi_key,inchi_connectivity
0,CC1=C2C=CN=CC2=C(C3=C1NC4=CC=CC=C43)C,High,300.0,1,Cc1c2cc[nH]cc2c(C)c2c1nc1ccccc12,DMIWIJAIZZONNT-UHFFFAOYSA-N,DMIWIJAIZZONNT
1,CC1=C(N2[C@@H]([C@@H](C2=O)NC(=O)[C@@H](C3=CC=C(C=C3)O)N)SC1)C(=O)O,High,300.0,1,CC1=C(C(=O)O)N2C(=O)C(NC(=O)C(N)c3ccc(O)cc3)[C@H]2SC1,BOEGTKLJZSQCCD-QKFMDRJYSA-N,BOEGTKLJZSQCCD
2,CC1=C(C2=CC=CC=C2N1)C3(C4=C(C=CC(=C4)Cl)N(C3=O)CC5=CC=CC=C5)O,High,300.0,1,Cc1[nH]c2ccccc2c1C1(O)C(=O)N(Cc2ccccc2)c2ccc(Cl)cc21,VUUGHFZXXFTFQA-UHFFFAOYSA-N,VUUGHFZXXFTFQA
3,COC1=CC(=C(C=C1CN2CCC3=NC(=NC=C3C2)N4CCN(CC4)C5=CC=CC=C5F)OC)OC,High,300.0,1,COc1cc(OC)c(OC)cc1CN1CCc2nc(N3CCN(c4ccccc4F)CC3)ncc2C1,UAHFFTYFDVZGFK-UHFFFAOYSA-N,UAHFFTYFDVZGFK
4,CC1=CC=C(C=C1)C2=CSC3=C2C(=NC=N3)SC4=NN=NN4C,High,300.0,1,Cc1ccc(-c2csc3ncnc(Sc4nnnn4C)c23)cc1,JUNNWNYKUUVREG-UHFFFAOYSA-N,JUNNWNYKUUVREG
5,CN1C(=NN=N1)SC2=NC=NC3=C2C(=CS3)C4=CC=C(C=C4)Cl,High,300.0,1,Cn1nnnc1Sc1ncnc2scc(-c3ccc(Cl)cc3)c12,UFJAIMORMYXBTD-UHFFFAOYSA-N,UFJAIMORMYXBTD
6,CN1C(=NN=N1)SC2=NC=NC3=C2C(=CS3)C4=CC(=CC=C4)F,High,300.0,1,Cn1nnnc1Sc1ncnc2scc(-c3cccc(F)c3)c12,FMABFSDXQZDQEM-UHFFFAOYSA-N,FMABFSDXQZDQEM
7,CN1C(=NN=N1)SC2=NC=NC3=C2C(=CS3)C4=CC=C(C=C4)C(F)(F)F,High,300.0,1,Cn1nnnc1Sc1ncnc2scc(-c3ccc(C(F)(F)F)cc3)c12,YLOIWTHVMDILDR-UHFFFAOYSA-N,YLOIWTHVMDILDR
8,CC(=O)C1=CC2=C(S1)C3=C(N2C)C(=O)N(N=C3)CC4=CC=CC=C4F,High,300.0,1,CC(=O)c1cc2c(s1)c1cnn(Cc3ccccc3F)c(=O)c1n2C,VQFDKGMHSLXKBA-UHFFFAOYSA-N,VQFDKGMHSLXKBA
9,C1=CC=C(C=C1)CN2C=C(C3=C2N=CN(C3=N)C(CO)(CO)CO)C4=CC=CC=C4,High,300.0,1,N=c1c2c(-c3ccccc3)cn(Cc3ccccc3)c2ncn1C(CO)(CO)CO,BLGLCLYHBPYHHF-UHFFFAOYSA-N,BLGLCLYHBPYHHF
10,C1=CC(=CC(=C1)N2C(=O)C=CC3=CN=C4C=CC(=CC4=C32)C5=CN=C(C=C5)N)C(F)(F)F,High,300.0,1,Nc1ccc(-c2ccc3ncc4ccc(=O)n(-c5cccc(C(F)(F)F)c5)c4c3c2)cn1,GUXXEUUYCAYESJ-UHFFFAOYSA-N,GUXXEUUYCAYESJ
11,CC1([C@@H](N2[C@H](S1)[C@H](C2=O)N3C(=O)[C@H](NC3(C)C)C4=CC=CC=C4)C(=O)[O-])C,High,300.0,1,CC1(C)S[C@@H]2C(N3C(=O)C(c4ccccc4)NC3(C)C)C(=O)N2C1C(=O)O,DXVUYOAEDJXBPY-WHUXOIGISA-N,DXVUYOAEDJXBPY
12,CC(C)C[C@@H](C(=O)N[C@@H](CC1=CC=C(C=C1)OCC2=CC=CC=C2)C(=O)NC(C)(C)C)N(C)CC3=CC=C(C=C3)C(C)(C)C,High,300.0,1,CC(C)CC(C(=O)NC(Cc1ccc(OCc2ccccc2)cc1)C(=O)NC(C)(C)C)N(C)Cc1ccc(C(C)(C)C)cc1,GCDHMGROXQUFNR-UHFFFAOYSA-N,GCDHMGROXQUFNR
13,CN1C[C@H]2CC(C[C@H]2C1)COC3=C(C=C4C(=C3)N=CN=C4NC5=C(C(=C(C=C5)Cl)Cl)F)OC,High,300.0,1,COc1cc2c(Nc3ccc(Cl)c(Cl)c3F)ncnc2cc1OCC1C[C@@H]2CN(C)C[C@@H]2C1,HVXKQKFEHMGHSL-GOOCMWNKSA-N,HVXKQKFEHMGHSL
14,C1CN(CCC1CC2=CC3=CC=CC=C3N=C2)C(=O)NC4=CC=CC=C4,High,300.0,1,O=C(Nc1ccccc1)N1CCC(Cc2cnc3ccccc3c2)CC1,BIODYGOZWZNCAG-UHFFFAOYSA-N,BIODYGOZWZNCAG
15,CC1=CC=CC=C1N(C)C2CN(C2)[S+](=O)(C3=CC=CC(=C3)C(F)(F)F)[O-],High,300.0,1,Cc1ccccc1N(C)C1CN([S+](=O)(O)c2cccc(C(F)(F)F)c2)C1,BTHKDLDJBKQLHE-UHFFFAOYSA-O,BTHKDLDJBKQLHE
16,CC1=NOC(=C1)CNC(=O)C2=CC3=C(C=C2)N(C(=O)N3CC4CC4)C5CCCCC5,High,300.0,1,Cc1cc(CNC(=O)c2ccc3c(c2)n(CC2CC2)c(=O)n3C2CCCCC2)on1,OHSMTKLVCHFYEF-UHFFFAOYSA-N,OHSMTKLVCHFYEF
17,CC(C1=CC(=C(C=C1)C2=CC=CC=C2)F)C(=O)OC(C)OC(=O)C,High,300.0,1,CC(=O)OC(C)OC(=O)C(C)c1ccc(-c2ccccc2)c(F)c1,ALIVXCSEERJYHU-UHFFFAOYSA-N,ALIVXCSEERJYHU
18,CN(C)C[C@@H]1CCN2C=C(C3C(C4=CN(CCO1)C5=CC=CC=C54)C(=O)NC3=O)C6=CC=CC=C62,High,300.0,1,CN(C)C[C@@H]1CCn2cc(c3ccccc32)-c2c(O)[nH]c(O)c2-c2cn(c3ccccc23)CCO1,DABMHGIPJLZGRT-SFHVURJKSA-N,DABMHGIPJLZGRT
19,C1CN(C[C@H]1NCC2=C(C=C(C=C2)Cl)Cl)C3=NC=C(C=N3)Br,High,300.0,1,Clc1ccc(CN[C@H]2CCN(c3ncc(Br)cn3)C2)c(Cl)c1,PXQNLQLMRMROSB-ZDUSSCGKSA-N,PXQNLQLMRMROSB
20,CCC[C@H](C1=CC2=C(C=C1)OCO2)NC(=O)N3[C@H](C(C3=O)(CC)CC)OC4=CC=C(C=C4)C(=O)N5CCN(CC5)C,High,300.0,1,CCC[C@@H](NC(=O)N1C(=O)C(CC)(CC)[C@@H]1Oc1ccc(C(=O)N2CCN(C)CC2)cc1)c1ccc2c(c1)OCO2,ZSDCIRYNTCVTMF-GIGWZHCTSA-N,ZSDCIRYNTCVTMF
21,C1C(CN1CC2=CC(=C(C=C2)C3=NC4=C(S3)C=CC(=C4)CC5=CC=CC=C5F)F)C(=O)O,High,300.0,1,O=C(O)C1CN(Cc2ccc(-c3nc4cc(Cc5ccccc5F)ccc4s3)c(F)c2)C1,GVXGVDIXINMAAL-UHFFFAOYSA-N,GVXGVDIXINMAAL
22,COC1=CC(=CC(=C1OC)OC)/C=C/C(=O)NCCN2C3=CC=CC=C3C=C2C(F)(F)F,High,300.0,1,COc1cc(/C=C/C(=O)NCCn2c(C(F)(F)F)cc3ccccc32)cc(OC)c1OC,WUYOECAJFJFUFC-CMDGGOBGSA-N,WUYOECAJFJFUFC
23,CCN(CC)CCNC1=C2C(=C(C=C1)C)SC3=CC=CC=C3C2=O,High,300.0,1,CCN(CC)CCNc1ccc(C)c2sc3ccccc3c(=O)c12,FBQPGGIHOFZRGH-UHFFFAOYSA-N,FBQPGGIHOFZRGH
24,CN1CCN(CC1)C(=O)CC2=CNC3=C2C=C(C=N3)C4=CC=CC=C4OC5=CC=CC=C5,High,299.0,1,CN1CCN(C(=O)Cc2c[nH]c3ncc(-c4ccccc4Oc4ccccc4)cc23)CC1,MUACOSYOMRJSIC-UHFFFAOYSA-N,MUACOSYOMRJSIC
25,COC1=CC=C(C=C1)CN2C(=C(C3=C2N=CN(C3=N)CC4CCCO4)C5=CC=CC=C5)C6=CC=CC=C6,High,297.0,1,COc1ccc(Cn2c(-c3ccccc3)c(-c3ccccc3)c3c(=N)n(CC4CCCO4)cnc32)cc1,IGPKYGOSBCZJNA-UHFFFAOYSA-N,IGPKYGOSBCZJNA
26,CN1C(=NN=N1)SC2=NC=NC3=C2C(=CS3)C4=CC(=CC=C4)C(F)(F)F,High,296.0,1,Cn1nnnc1Sc1ncnc2scc(-c3cccc(C(F)(F)F)c3)c12,VLYWPFPPMYHFIY-UHFFFAOYSA-N,VLYWPFPPMYHFIY
27,C1=C(C=C(C(=C1SC2=C(C(=CC(=C2)Cl)Cl)O)O)Cl)Cl,High,288.0,1,Oc1c(Cl)cc(Cl)cc1Sc1cc(Cl)cc(Cl)c1O,JFIOVJDNOJYLKP-UHFFFAOYSA-N,JFIOVJDNOJYLKP
28,COC1=C(C=C(C=C1)CCN2C=NC3=C(C2=N)C(=C(N3CC4=CC=CC=C4)C5=CC=CC=C5)C6=CC=CC=C6)OC,High,287.0,1,COc1ccc(CCn2cnc3c(c(-c4ccccc4)c(-c4ccccc4)n3Cc3ccccc3)c2=N)cc1OC,UUSIUROFVFSCGV-UHFFFAOYSA-N,UUSIUROFVFSCGV
29,COC1=C(C=C(C=C1)CCN2C=NC3=C(C2=N)C(=CN3CC4=CC=CC=C4)C5=CC=CC=C5)OC,High,284.0,1,COc1ccc(CCn2cnc3c(c(-c4ccccc4)cn3Cc3ccccc3)c2=N)cc1OC,XJHYHIYCRDUTPX-UHFFFAOYSA-N,XJHYHIYCRDUTPX
30,CC=CC1=C(N2[C@@H]([C@@H](C2=O)NC(=O)[C@@H](C3=CC=C(C=C3)O)N)SC1)C(=O)O,High,282.0,1,CC=CC1=C(C(=O)O)N2C(=O)C(NC(=O)C(N)c3ccc(O)cc3)[C@H]2SC1,WDLWHQDACQUCJR-QWQCLYJRSA-N,WDLWHQDACQUCJR
31,CC1=COC2=CC3=C(C=C12)C(=C(C(=O)O3)CCC(=O)NCCC4=CC=C(C=C4)OC)C,High,279.25,1,COc1ccc(CCNC(=O)CCc2c(C)c3cc4c(C)coc4cc3oc2=O)cc1,UNPJGSCZLSQTCW-UHFFFAOYSA-N,UNPJGSCZLSQTCW
32,COC1=CC=C(C=C1)CN2C(=C(C3=C2N=CN(C3=N)CCCCO)C4=CC=CC=C4)C5=CC=CC=C5,High,279.0,1,COc1ccc(Cn2c(-c3ccccc3)c(-c3ccccc3)c3c(=N)n(CCCCO)cnc32)cc1,SXLQGTVWGMWWON-UHFFFAOYSA-N,SXLQGTVWGMWWON
33,COC1=CC=C(C=C1)CN2C(=C(C3=C2N=CN(C3=N)CCO)C4=CC=CC=C4)C5=CC=CC=C5,High,279.0,1,COc1ccc(Cn2c(-c3ccccc3)c(-c3ccccc3)c3c(=N)n(CCO)cnc32)cc1,ZVDASOIAYWCHFJ-UHFFFAOYSA-N,ZVDASOIAYWCHFJ
34,C1CC2=C(C(N=C(N2)NC3=NC4=CC=CC=C4O3)C5=C(C=NN5)Cl)C(=O)C1,High,275.0,1,O=C1CCCC2=NC(Nc3nc4ccccc4o3)=NC(c3[nH]ncc3Cl)C12,ZMZHKQBIRWLJMP-UHFFFAOYSA-N,ZMZHKQBIRWLJMP
35,COC1=CC=C(C=C1)CN2C(=C(C3=C2N=CN(C3=N)CC(OC)OC)C4=CC=CC=C4)C5=CC=CC=C5,High,272.0,1,COc1ccc(Cn2c(-c3ccccc3)c(-c3ccccc3)c3c(=N)n(CC(OC)OC)cnc32)cc1,JSHYJRYMCGRZIQ-UHFFFAOYSA-N,JSHYJRYMCGRZIQ
36,CCOC1=C(C=C(C=C1)CCNC(=O)C2=CC3=CC=CC=C3N2CC4=CC=CC(=N4)C)OCC,High,271.0,1,CCOc1ccc(CCNC(=O)c2cc3ccccc3n2Cc2cccc(C)n2)cc1OCC,XACWFPJBEOBCHI-UHFFFAOYSA-N,XACWFPJBEOBCHI
37,CN1C2=C(C3=C1C(=O)N(N=C3)CC4=CC=CC=C4F)SC(=C2)C=O,High,270.0,1,Cn1c2cc(C=O)sc2c2cnn(Cc3ccccc3F)c(=O)c21,WZZCTWMITOXLPX-UHFFFAOYSA-N,WZZCTWMITOXLPX
38,C1CC(OC1)CN2C=NC3=C(C2=N)C(=C(N3CCC4=CC=CC=C4)C5=CC=CC=C5)C6=CC=CC=C6,High,269.0,1,N=c1c2c(-c3ccccc3)c(-c3ccccc3)n(CCc3ccccc3)c2ncn1CC1CCCO1,AODNEAOHAZSRSP-UHFFFAOYSA-N,AODNEAOHAZSRSP
39,COC1=CC=CC=C1N2CCN(CC2)CCCCNC(=O)C3=CC4=CC=CC=C4C=C3,High,266.0,1,COc1ccccc1N1CCN(CCCCNC(=O)c2ccc3ccccc3c2)CC1,MNHDKMDLOJSCGN-UHFFFAOYSA-N,MNHDKMDLOJSCGN
40,CN1C(=NN=N1)SC2=NC=NC3=C2C(=CS3)C4=CC=CC5=CC=CC=C54,High,265.0,1,Cn1nnnc1Sc1ncnc2scc(-c3cccc4ccccc34)c12,IJEUXOPSDMCMRX-UHFFFAOYSA-N,IJEUXOPSDMCMRX
41,C1=CC=C(C=C1)CN2C(=C(C3=C2N=CN(C3=N)CCCCO)C4=CC=CC=C4)C5=CC=CC=C5,High,259.0,1,N=c1c2c(-c3ccccc3)c(-c3ccccc3)n(Cc3ccccc3)c2ncn1CCCCO,KTFBLDDBYQUTCL-UHFFFAOYSA-N,KTFBLDDBYQUTCL
42,CC1=C2C(=C(N(C1=O)C)NC3=C(C=C(C=C3)I)F)C(=O)N(C(=O)N2C4=CC=CC(=C4)NC(=O)C)C5CC5,High,259.0,1,CC(=O)Nc1cccc(-n2c(=O)n(C3CC3)c(=O)c3c(Nc4ccc(I)cc4F)n(C)c(=O)c(C)c32)c1,LIRYPHYGHXZJBZ-UHFFFAOYSA-N,LIRYPHYGHXZJBZ
43,CCOC1=C(C=C2C(=C1)N=CC(=C2NC3=CC(=C(C=C3)F)Cl)C#N)NC(=O)C=CCN(C)C,High,256.0,1,CCOc1cc2ncc(C#N)c(Nc3ccc(F)c(Cl)c3)c2cc1NC(=O)C=CCN(C)C,WVUNYSQLFKLYNI-UHFFFAOYSA-N,WVUNYSQLFKLYNI
44,CCOC(=O)C1=CC=C(C=C1)NC(=O)C2=C(C3=CC4=C(C5CCN4CC5)N=C3S2)N,High,255.0,1,CCOC(=O)c1ccc(NC(=O)c2sc3nc4c(cc3c2N)N2CCC4CC2)cc1,PEWHPHIJNNDLKF-UHFFFAOYSA-N,PEWHPHIJNNDLKF
45,CNCCC=C1C2=CC=CC=C2CCC3=CC=CC=C31,High,253.0,1,CNCCC=C1c2ccccc2CCc2ccccc21,PHVGLTMQBUFIQQ-UHFFFAOYSA-N,PHVGLTMQBUFIQQ
46,CN1C(=NN=N1)SC2=NC=NC3=C2C(=CS3)C4=CC=CS4,High,244.0,1,Cn1nnnc1Sc1ncnc2scc(-c3cccs3)c12,FXAAMSINVBCCQT-UHFFFAOYSA-N,FXAAMSINVBCCQT
47,C[C@@H](C1=CC=CC=C1)SC2=NC3=C(C(=N2)N[C@H](CC(C)C)CO)SC(=N3)N,High,244.0,1,CC(C)C[C@H](CO)Nc1nc(S[C@@H](C)c2ccccc2)nc2nc(N)sc12,ZMQSLMZOWVGBSM-GXTWGEPZSA-N,ZMQSLMZOWVGBSM
48,C1=CC(=CC(=C1)F)C2=CN3C(=CN=C3C4=CC=C(C=C4)C(=O)N)C=N2,High,242.0,1,NC(=O)c1ccc(-c2ncc3cnc(-c4cccc(F)c4)cn23)cc1,TUOPYHXZFQELHH-UHFFFAOYSA-N,TUOPYHXZFQELHH
49,CN1C(=NN=N1)SC2=NC=NC3=C2C(=CS3)C4=CC5=C(C=C4)OCO5,High,240.0,1,Cn1nnnc1Sc1ncnc2scc(-c3ccc4c(c3)OCO4)c12,TTWDAOGBFIRZMA-UHFFFAOYSA-N,TTWDAOGBFIRZMA
50,COC(CN1C=NC2=C(C1=N)C(=C(N2CCC3=CC=CC=C3)C4=CC=CC=C4)C5=CC=CC=C5)OC,High,236.0,1,COC(Cn1cnc2c(c(-c3ccccc3)c(-c3ccccc3)n2CCc2ccccc2)c1=N)OC,VQBNAGNDGUTFER-UHFFFAOYSA-N,VQBNAGNDGUTFER
51,CNC1CCC(CC1)N(CC2=CC(=C(C=C2)OC)C3=CC=C(C=C3)C#N)C(=O)C4=C(C5=CC=CC=C5S4)Cl,High,234.0,1,CNC1CCC(N(Cc2ccc(OC)c(-c3ccc(C#N)cc3)c2)C(=O)c2sc3ccccc3c2Cl)CC1,TUEJIDNHDMASIC-UHFFFAOYSA-N,TUEJIDNHDMASIC
52,C1CN(CCC1N2C=NC3=C(C2=N)C(=C(N3CC4=CC=CC=C4)C5=CC=CC=C5)C6=CC=CC=C6)CC7=CC=CC=C7,High,233.0,1,N=c1c2c(-c3ccccc3)c(-c3ccccc3)n(Cc3ccccc3)c2ncn1C1CCN(Cc2ccccc2)CC1,QSESVSCDAIZBHL-UHFFFAOYSA-N,QSESVSCDAIZBHL
53,COCCN1C=NC2=C(C1=N)C(=C(N2CC3=CC=C(C=C3)OC)C4=CC=CC=C4)C5=CC=CC=C5,High,231.0,1,COCCn1cnc2c(c(-c3ccccc3)c(-c3ccccc3)n2Cc2ccc(OC)cc2)c1=N,NQOPYWGRGWIJIM-UHFFFAOYSA-N,NQOPYWGRGWIJIM
54,CCOC(CCCN1C=NC2=C(C1=N)C(=C(N2CC3=CC=CC=C3)C4=CC=CC=C4)C5=CC=CC=C5)OCC,High,228.0,1,CCOC(CCCn1cnc2c(c(-c3ccccc3)c(-c3ccccc3)n2Cc2ccccc2)c1=N)OCC,PDSMFVHSAAEVQG-UHFFFAOYSA-N,PDSMFVHSAAEVQG
55,CC(C)CNC1=NC(=NC=C1)NCC2=CSC(=N2)C3=CC=CC=C3,High,228.0,1,CC(C)CNc1ccnc(NCc2csc(-c3ccccc3)n2)n1,DGRJOOOHPBSAHD-UHFFFAOYSA-N,DGRJOOOHPBSAHD
56,C1=CC=C(C=C1)CN2C=C(C3=C2N=CN(C3=N)CC4=CC=CO4)C5=CC=CC=C5,High,226.0,1,N=c1c2c(-c3ccccc3)cn(Cc3ccccc3)c2ncn1Cc1ccco1,YNVACCOOLJSYOL-UHFFFAOYSA-N,YNVACCOOLJSYOL
57,CC(C)NC(=O)COC1=CC=CC(=C1)C2=NC3=CC=CC=C3C(=N2)NC4=CC5=C(C=C4)NN=C5,High,226.0,1,CC(C)NC(=O)COc1cccc(-c2nc(Nc3ccc4[nH]ncc4c3)c3ccccc3n2)c1,GKHIVNAUVKXIIY-UHFFFAOYSA-N,GKHIVNAUVKXIIY
58,CC1=CC(=CC=C1)C2=CSC3=C2C(=NC=N3)SC4=NN=NN4C,High,225.0,1,Cc1cccc(-c2csc3ncnc(Sc4nnnn4C)c23)c1,JVJHLZGDUGMTEO-UHFFFAOYSA-N,JVJHLZGDUGMTEO
59,C1=CC=C(C=C1)CN2C(=C(C3=C2N=CN(C3=N)CCO)C4=CC=CC=C4)C5=CC=CC=C5,High,223.0,1,N=c1c2c(-c3ccccc3)c(-c3ccccc3)n(Cc3ccccc3)c2ncn1CCO,QTIHLJJOEVXLFE-UHFFFAOYSA-N,QTIHLJJOEVXLFE
60,CC1=NC2=CC=CC=C2C(=N1)N(C)C3=CC=C(C=C3)OC,High,220.0,1,COc1ccc(N(C)c2nc(C)nc3ccccc23)cc1,SNHCRNMVYDHVDT-UHFFFAOYSA-N,SNHCRNMVYDHVDT
61,CN1C(=NN=N1)SC2=NC=NC3=C2C(=CS3)C4=CC(=CC=C4)OC,High,219.0,1,COc1cccc(-c2csc3ncnc(Sc4nnnn4C)c23)c1,HTGWZEXCLHOICY-UHFFFAOYSA-N,HTGWZEXCLHOICY
62,C1=CC=C(C=C1)CCN2C(=C(C3=C2N=CN(C3=N)CCCCO)C4=CC=CC=C4)C5=CC=CC=C5,High,218.0,1,N=c1c2c(-c3ccccc3)c(-c3ccccc3)n(CCc3ccccc3)c2ncn1CCCCO,QVWKCHUPLIHDIM-UHFFFAOYSA-N,QVWKCHUPLIHDIM
63,C1CN(CCC1(C2=CC=C(C=C2)Cl)O)CCCC(=O)C3=CC=C(C=C3)F,High,217.0,1,O=C(CCCN1CCC(O)(c2ccc(Cl)cc2)CC1)c1ccc(F)cc1,LNEPOXFFQSENCJ-UHFFFAOYSA-N,LNEPOXFFQSENCJ
64,C1CC(CCC1N2C=NC3=C(C2=N)C(=CN3CC4=CC=CC=C4)C5=CC=CC=C5)O,High,217.0,1,N=c1c2c(-c3ccccc3)cn(Cc3ccccc3)c2ncn1C1CCC(O)CC1,JBXSXNCFLVMCPD-UHFFFAOYSA-N,JBXSXNCFLVMCPD
65,CC1=CC(=C(C=C1)OC)NC2=C3CCCC3=NC4=CC=CC=C42,High,214.73,1,COc1ccc(C)cc1Nc1c2c(nc3ccccc13)CCC2,GOQCYAVABDHTNR-UHFFFAOYSA-N,GOQCYAVABDHTNR
66,C1CN2CCC1C3=C2C=C4C(=C(SC4=N3)C(=O)NC5=CC(=C(C=C5)Cl)C(F)(F)F)N,High,213.0,1,Nc1c(C(=O)Nc2ccc(Cl)c(C(F)(F)F)c2)sc2nc3c(cc12)N1CCC3CC1,KLHNCJBQJMQVFV-UHFFFAOYSA-N,KLHNCJBQJMQVFV
67,CC(C)(C)C1=NN(C(=C1)NC(=O)NC2=C(C=C(C=C2)OC3=CC(=NC=C3)C(=O)NC)F)C4=CC5=C(C=C4)N=CC=C5,High,210.0,1,CNC(=O)c1cc(Oc2ccc(NC(=O)Nc3cc(C(C)(C)C)nn3-c3ccc4ncccc4c3)c(F)c2)ccn1,WVXNSAVVKYZVOE-UHFFFAOYSA-N,WVXNSAVVKYZVOE
68,C1=CC(=C(C=C1[N+](=O)[O-])Cl)NC(=O)C2=C(C=CC(=C2)Cl)O,High,209.0,1,O=C(Nc1ccc([N+](=O)[O-])cc1Cl)c1cc(Cl)ccc1O,RJMUSRYZPJIFPJ-UHFFFAOYSA-N,RJMUSRYZPJIFPJ
69,CC1=NC(=CC=C1)C#CC2=CC(=CC(=C2)F)C#N,High,209.0,1,Cc1cccc(C#Cc2cc(F)cc(C#N)c2)n1,ZGEXQIMQZVRTDZ-UHFFFAOYSA-N,ZGEXQIMQZVRTDZ
70,C1=CC=C(C=C1)C2=CN(C3=C2C(=N)N(C=N3)CCCCO)CC4=CC=C(C=C4)Br,High,208.0,1,N=c1c2c(-c3ccccc3)cn(Cc3ccc(Br)cc3)c2ncn1CCCCO,GGIQNGFKHWECSM-UHFFFAOYSA-N,GGIQNGFKHWECSM
71,C1CC(OC1)CN2C=NC3=C(C2=N)C(=C(N3CC4=CC=CC=C4)C5=CC=CC=C5)C6=CC=CC=C6,High,207.0,1,N=c1c2c(-c3ccccc3)c(-c3ccccc3)n(Cc3ccccc3)c2ncn1CC1CCCO1,GXCHOLNGMLYCRT-UHFFFAOYSA-N,GXCHOLNGMLYCRT
72,C1CN(CCC1CC2=CC=C(C=C2)F)C(=O)C(=O)NC3=CC4=C(C=C3)NC(=O)O4,High,207.0,1,O=C(Nc1ccc2[nH]c(=O)oc2c1)C(=O)N1CCC(Cc2ccc(F)cc2)CC1,GKGRZLGAQZPEHO-UHFFFAOYSA-N,GKGRZLGAQZPEHO
73,C1COCCC1(CNC(=O)C2=C(N=CC=C2)SC3=CC=CC=C3)N4CCN(CC4)C5=CC=CC=C5,High,207.0,1,O=C(NCC1(N2CCN(c3ccccc3)CC2)CCOCC1)c1cccnc1Sc1ccccc1,XREFXUCWSYMIOG-UHFFFAOYSA-N,XREFXUCWSYMIOG
74,COC1=CC=C(C=C1)CN2C(=C(C3=C2N=CN(C3=N)CCCCCO)C4=CC=CC=C4)C5=CC=CC=C5,High,206.0,1,COc1ccc(Cn2c(-c3ccccc3)c(-c3ccccc3)c3c(=N)n(CCCCCO)cnc32)cc1,AFHOZJDMBDPAGM-UHFFFAOYSA-N,AFHOZJDMBDPAGM
75,CC1=C(C(=NO1)C2=C(C=CC=C2Cl)Cl)CC(=O)NCC3=CN=C(C=C3)OCC(F)(F)F,High,204.0,1,Cc1onc(-c2c(Cl)cccc2Cl)c1CC(=O)NCc1ccc(OCC(F)(F)F)nc1,SOEIDCOJJGHLKZ-UHFFFAOYSA-N,SOEIDCOJJGHLKZ
76,C1=CC=C(C=C1)CN2C(=C(C3=C2N=CN(C3=N)CCCCCO)C4=CC=CC=C4)C5=CC=CC=C5,High,203.0,1,N=c1c2c(-c3ccccc3)c(-c3ccccc3)n(Cc3ccccc3)c2ncn1CCCCCO,XYWGUPKDZFRAEZ-UHFFFAOYSA-N,XYWGUPKDZFRAEZ
77,CC[C@@H](C1=CC(=C(C=C1)F)F)N2C(=C(NC2=S)C3=CC=NO3)C(=O)OC,High,195.0,1,CC[C@@H](c1ccc(F)c(F)c1)n1c(C(=O)OC)c(-c2ccno2)[nH]c1=S,SYARXICKXVXWNA-LBPRGKRZSA-N,SYARXICKXVXWNA
78,C1CC2=C(C=NN2)C3=C(C1)SC(=N3)NC4=CC=CC=N4,High,194.0,1,c1ccc(Nc2nc3c(s2)CCCc2[nH]ncc2-3)nc1,DBISXWCOHGUFSF-UHFFFAOYSA-N,DBISXWCOHGUFSF
79,CC1=CC=C(C=C1)N2C(=CC(=C2C)C3=NN=C4N3CCCCC4)C,High,192.0,1,Cc1ccc(-n2c(C)cc(-c3nnc4n3CCCCC4)c2C)cc1,QKPPIMNVHFZLLI-UHFFFAOYSA-N,QKPPIMNVHFZLLI
80,CC1([C@@H](N2[C@H](S1)[C@@H](C2=O)N=CN3CCCCCC3)C(=O)OCOC(=O)C(C)(C)C)C.Cl,High,189.0,1,CC(C)(C)C(=O)OCOC(=O)C1N2C(=O)C(N=CN3CCCCCC3)[C@H]2SC1(C)C,NPGNOVNWUSPMDP-VMBOVVBDSA-N,NPGNOVNWUSPMDP
81,COC(CN1C=NC2=C(C1=N)C(=C(N2CC3=CC=CC=C3)C4=CC=CC=C4)C5=CC=CC=C5)OC,High,189.0,1,COC(Cn1cnc2c(c(-c3ccccc3)c(-c3ccccc3)n2Cc2ccccc2)c1=N)OC,FNGOAYBTWAXPAN-UHFFFAOYSA-N,FNGOAYBTWAXPAN
82,CCC(=O)C1=C(N(N2C=NN=C2S1)C(=O)CC)C3=CC=C(C=C3)F,High,188.6,1,CCC(=O)C1=C(c2ccc(F)cc2)N(C(=O)CC)n2cnnc2S1,ICXZCPYJXARILC-UHFFFAOYSA-N,ICXZCPYJXARILC
83,CCCCC/C=C/C(=O)CCC1=CC(=C(C=C1)O)OC,High,187.0,1,CCCCC=CCC(=O)CCc1ccc(O)c(OC)c1,LVCXAKWFQYYXLU-UHFFFAOYSA-N,LVCXAKWFQYYXLU
84,C1=CC=C(C=C1)CCN2C(=C(C3=C2N=CN(C3=N)CCCCCO)C4=CC=CC=C4)C5=CC=CC=C5,High,183.0,1,N=c1c2c(-c3ccccc3)c(-c3ccccc3)n(CCc3ccccc3)c2ncn1CCCCCO,CMAMUPAPMZCSJO-UHFFFAOYSA-N,CMAMUPAPMZCSJO
85,CCCCOC(=O)NS(=O)(=O)C1=C(C=C(S1)CC(C)C)C2=CC=C(C=C2)CN3C=CN=C3,High,180.0,1,CCCCOC(=O)NS(=O)(=O)c1sc(CC(C)C)cc1-c1ccc(Cn2ccnc2)cc1,XTEOJPUYZWEXFI-UHFFFAOYSA-N,XTEOJPUYZWEXFI
86,CC(C)(C)[C@@]1(CCN2C[C@H]3C4=CC=CC=C4CCC5=C3C(=CC=C5)C2C1)O,High,179.0,1,CC(C)(C)[C@]1(O)CCN2C[C@H]3c4ccccc4CCc4cccc(c43)C2C1,ZZJYIKPMDIWRSN-KOVVYZNRSA-N,ZZJYIKPMDIWRSN
87,C1CC(CN(C1)C2=NC(=NC3=C2CCC3)C4=CC=CC=C4)C(=O)N5CCC(CC5)N,High,179.0,1,NC1CCN(C(=O)C2CCCN(c3nc(-c4ccccc4)nc4c3CCC4)C2)CC1,FECFLGLBRXVBBC-UHFFFAOYSA-N,FECFLGLBRXVBBC
88,COCCN1C=NC2=C(C1=N)C(=C(N2CC3=CC=CC=C3)C4=CC=CC=C4)C5=CC=CC=C5,High,174.0,1,COCCn1cnc2c(c(-c3ccccc3)c(-c3ccccc3)n2Cc2ccccc2)c1=N,JNSGKFYVDZWSNX-UHFFFAOYSA-N,JNSGKFYVDZWSNX
89,CN1C(=NN=N1)SC2=NC=NC3=C2C(=CS3)C4=CSC=C4,High,173.0,1,Cn1nnnc1Sc1ncnc2scc(-c3ccsc3)c12,DBCSPALPUCNROA-UHFFFAOYSA-N,DBCSPALPUCNROA
90,CC1=NC(=C(O1)C2=CC(=C(C=C2)S(=O)(=O)N)F)C3CCCCC3,High,172.0,1,Cc1nc(C2CCCCC2)c(-c2ccc(S(N)(=O)=O)c(F)c2)o1,MIMJSJSRRDZIPW-UHFFFAOYSA-N,MIMJSJSRRDZIPW
91,C[C@H]1[C@H](CCN1CC2=CC=CC=C2)NC(=O)C3=CC(=C(C=C3OC)NC)Cl,High,171.72,1,CNc1cc(OC)c(C(=O)N[C@H]2CCN(Cc3ccccc3)[C@H]2C)cc1Cl,KRVOJOCLBAAKSJ-KSSFIOAISA-N,KRVOJOCLBAAKSJ
92,C[C@@H](CN1C=CC(=N1)C2=CC(=C(C=C2)C#N)Cl)NC(=O)C3=CC(=NN3)C(=O)C,High,164.0,1,CC(=O)c1cc(C(=O)N[C@@H](C)Cn2ccc(-c3ccc(C#N)c(Cl)c3)n2)[nH]n1,GMBPVBVTPBWIKC-NSHDSACASA-N,GMBPVBVTPBWIKC
93,C1=CC2=C(N=C1)N=C(O2)C3=C(C=CC(=C3)NC(=O)C4=C(C=C(C=C4)C#N)F)Cl,High,160.4,1,N#Cc1ccc(C(=O)Nc2ccc(Cl)c(-c3nc4ncccc4o3)c2)c(F)c1,VFTVZZCNEZEYRR-UHFFFAOYSA-N,VFTVZZCNEZEYRR
94,CC1=CC(=CC=C1)NC(=O)C2=C3NC(=C(C(N3N=C2)C4=CC=CC=C4Cl)C(=O)NC5=CC=CC=C5OC)C,High,160.0,1,COc1ccccc1NC(=O)C1C(C)=Nc2c(C(=O)Nc3cccc(C)c3)cnn2C1c1ccccc1Cl,AGHSATSZQZSBER-UHFFFAOYSA-N,AGHSATSZQZSBER
95,COC1=CC=C(C=C1)CN2C(=C(C3=C2N=CN(C3=N)N4CCOCC4)C5=CC=CC=C5)C6=CC=CC=C6,High,160.0,1,COc1ccc(Cn2c(-c3ccccc3)c(-c3ccccc3)c3c(=N)n(N4CCOCC4)cnc32)cc1,UNKBIGKDQMISFS-UHFFFAOYSA-N,UNKBIGKDQMISFS
96,CN1C(=NN=N1)SC2=NC=NC3=C2C(=CS3)C4=CC=C(C=C4)Br,High,159.0,1,Cn1nnnc1Sc1ncnc2scc(-c3ccc(Br)cc3)c12,OYFRFXHZWLMGDU-UHFFFAOYSA-N,OYFRFXHZWLMGDU
97,C1CC1CN2CC[C@]34[C@H]5C(=O)/C(=C\C6=CC=CC=C6)/C[C@]3([C@H]2CC7=C4C(=C(C=C7)O)O5)O,High,158.22,1,O=C1/C(=C\c2ccccc2)C[C@@]2(O)[C@H]3Cc4ccc(O)c5c4[C@@]2(CCN3CC2CC2)C1O5,WXOUFNFMPVMGFZ-WNTSOKFTSA-N,WXOUFNFMPVMGFZ
98,CN1C(=O)CN=C(C2=C1C=CC(=C2)Cl)C3=CC=CC=C3,High,158.0,1,CN1C(=O)CN=C(c2ccccc2)c2cc(Cl)ccc21,AAOVKJBEBIDNHE-UHFFFAOYSA-N,AAOVKJBEBIDNHE
99,CCC(=O)N1CCN(CC1)C2=C(C=C(C=C2)N3C(=O)C=CC4=CN=C5C=CC(=CC5=C43)C6=CC7=CC=CC=C7N=C6)C(F)(F)F,High,158.0,1,CCC(=O)N1CCN(c2ccc(-n3c(=O)ccc4cnc5ccc(-c6cnc7ccccc7c6)cc5c43)cc2C(F)(F)F)CC1,AKCRNFFTGXBONI-UHFFFAOYSA-N,AKCRNFFTGXBONI
100,CC(C)(C1=CC=C(C=C1)[C@H](CCCN2CCC(CC2)C(C3=CC=CC=C3)(C4=CC=CC=C4)O)O)C(=O)O,High,155.49,1,CC(C)(C(=O)O)c1ccc([C@@H](O)CCCN2CCC(C(O)(c3ccccc3)c3ccccc3)CC2)cc1,RWTNPBWLLIMQHL-LJAQVGFWSA-N,RWTNPBWLLIMQHL
101,C1CN(CCN1CCCN2C=NC3=C(C2=N)C(=CN3CC4=CC=C(C=C4)Br)C5=CC=CC=C5)C6=CC=CC=C6,High,151.0,1,N=c1c2c(-c3ccccc3)cn(Cc3ccc(Br)cc3)c2ncn1CCCN1CCN(c2ccccc2)CC1,QRENGZGYVDZYPV-UHFFFAOYSA-N,QRENGZGYVDZYPV
102,C1CC(CCC1N2C=NC3=C(C2=N)C(=C(N3CC4=CC=CC=C4)C5=CC=CC=C5)C6=CC=CC=C6)O,High,150.0,1,N=c1c2c(-c3ccccc3)c(-c3ccccc3)n(Cc3ccccc3)c2ncn1C1CCC(O)CC1,WSMXAUJFLWRPNT-UHFFFAOYSA-N,WSMXAUJFLWRPNT
103,C1=CC(=CC(=C1)C2=NC(=NO2)C3=CN=CC=C3)C#N,High,150.0,1,N#Cc1cccc(-c2nc(-c3cccnc3)no2)c1,HGFXDSQLRSWUBO-UHFFFAOYSA-N,HGFXDSQLRSWUBO
104,CN(C)CCN1C=NC2=C(C1=N)C(=C(N2CCC3=CC=CC=C3)C4=CC=CC=C4)C5=CC=CC=C5,High,148.0,1,CN(C)CCn1cnc2c(c(-c3ccccc3)c(-c3ccccc3)n2CCc2ccccc2)c1=N,CLTUNXYONDLOOL-UHFFFAOYSA-N,CLTUNXYONDLOOL
105,CC(C)C(=O)OC(C)OC(=O)NCC1(CCCCC1)CC(=O)O,High,143.0,1,CC(OC(=O)NCC1(CC(=O)O)CCCCC1)OC(=O)C(C)C,TZDUHAJSIBHXDL-UHFFFAOYSA-N,TZDUHAJSIBHXDL
106,C1CN2CCC1C3=C2C=C4C(=C(SC4=N3)C(=O)NC5=CC=CC(=C5)C#N)N,High,142.0,1,N#Cc1cccc(NC(=O)c2sc3nc4c(cc3c2N)N2CCC4CC2)c1,RGRCISYVIDYKQZ-UHFFFAOYSA-N,RGRCISYVIDYKQZ
107,COCCN1C=NC2=C(C1=N)C(=CN2CC3=CC=CC=C3)C4=CC=CC=C4,High,139.0,1,COCCn1cnc2c(c(-c3ccccc3)cn2Cc2ccccc2)c1=N,FFIVMGPSBDSHKG-UHFFFAOYSA-N,FFIVMGPSBDSHKG
108,CC1=CC(=NC(=C1)NC(=S)N2CCN(CC2)C3=NC=C(C=C3)C(F)(F)F)C,High,136.67,1,Cc1cc(C)nc(NC(=S)N2CCN(c3ccc(C(F)(F)F)cn3)CC2)c1,HHKPPMSUPATMKP-UHFFFAOYSA-N,HHKPPMSUPATMKP
109,CN1C(=NN=N1)SC2=NC=NC3=C2C(=CS3)C4=CC(=CC=C4)Cl,High,134.0,1,Cn1nnnc1Sc1ncnc2scc(-c3cccc(Cl)c3)c12,UCPHDGROVFOLTK-UHFFFAOYSA-N,UCPHDGROVFOLTK
110,C1CN(CCC1C2=CC(=NC(=C2)N3CCC(C3)(F)F)NC4=NC=CC(=C4)C#N)C5COC5,High,133.0,1,N#Cc1ccnc(Nc2cc(C3CCN(C4COC4)CC3)cc(N3CCC(F)(F)C3)n2)c1,RHFIAUKMKYHHFA-UHFFFAOYSA-N,RHFIAUKMKYHHFA
111,C[C@H]1C[C@@H]2[C@H]([C@H]([C@]3(O2)CC[C@H]4[C@@H]5CC[C@@H]6C[C@@H](CC[C@@]6([C@H]5CC4=C(C3)C)C)NS(=O)(=O)C)C)NC1,High,132.0,1,CC1=C2C[C@H]3[C@@H](CC[C@@H]4C[C@H](NS(C)(=O)=O)CC[C@@]43C)[C@@H]2CC[C@@]2(C1)O[C@@H]1C[C@H](C)CN[C@H]1[C@H]2C,HZLFFNCLTRVYJG-WWGOJCOQSA-N,HZLFFNCLTRVYJG
112,C1=CC(=CC=C1C[C@@H](C(=O)O)N)N(CCCl)CCCl,High,131.35,1,NC(Cc1ccc(N(CCCl)CCCl)cc1)C(=O)O,SGDBTWWWUNNDEQ-UHFFFAOYSA-N,SGDBTWWWUNNDEQ
113,C1=CC=C(C=C1)CN2C=C(C3=C2N=CN(C3=N)CCN)C4=CC=CC=C4,High,131.0,1,N=c1c2c(-c3ccccc3)cn(Cc3ccccc3)c2ncn1CCN,RQADIIDNBUAZQV-UHFFFAOYSA-N,RQADIIDNBUAZQV
114,C1CN(CCC2=C1N=C(S2)N)CC3=CC=C(C=C3)Cl,High,127.0,1,Nc1nc2c(s1)CCN(Cc1ccc(Cl)cc1)CC2,QHNGFZZXGOFXPN-UHFFFAOYSA-N,QHNGFZZXGOFXPN
115,CN1C(=NN=N1)SC2=NC=NC3=C2C(=CS3)C4=CC=CN4,High,126.0,1,Cn1nnnc1Sc1ncnc2scc(-c3ccc[nH]3)c12,QBDCQPFFYLAJJK-UHFFFAOYSA-N,QBDCQPFFYLAJJK
116,CCN(CC)CCCN(C1CC2=CC=CC=C2C1)C3=CC=CC=C3.Cl,High,125.0,1,CCN(CC)CCCN(c1ccccc1)C1Cc2ccccc2C1,NZLBHDRPUJLHCE-UHFFFAOYSA-N,NZLBHDRPUJLHCE
117,CNC1=C(N=C(O1)C2=C(C(=CC=C2)Cl)Cl)C#N,High,124.0,1,CNc1oc(-c2cccc(Cl)c2Cl)nc1C#N,DGGBONAICBOTBD-UHFFFAOYSA-N,DGGBONAICBOTBD
118,CCNC(=O)C1=CC2=C(N=C(N=C2S1)N)C3=CC(=C(C=C3Cl)Cl)OCCN4CCCC4,High,123.0,1,CCNC(=O)c1cc2c(-c3cc(OCCN4CCCC4)c(Cl)cc3Cl)nc(N)nc2s1,WJUNQSYQHHIVFX-UHFFFAOYSA-N,WJUNQSYQHHIVFX
119,C/C/1=C\CC[C@]2([C@@H](O2)C(=O)C3=C(C1)OC=C3C)C,High,122.0,1,C/C1=C\CC[C@]2(C)OC2C(=O)c2c(C)coc2C1,CVIVANCKIBYAOP-GYDFTSFRSA-N,CVIVANCKIBYAOP
120,C[C@H](C(F)(F)F)NC1=NC(=NC(=N1)C2=NC(=CC=C2)Cl)N[C@@H](C)C(F)(F)F,High,122.0,1,C[C@H](Nc1nc(N[C@H](C)C(F)(F)F)nc(-c2cccc(Cl)n2)n1)C(F)(F)F,QCZAWDGAVJMPTA-KNVOCYPGSA-N,QCZAWDGAVJMPTA
121,C[N+]1=C2C(=C3C=CC(=C(C3=C1)OC)OC)C=CC4=CC5=C(C=C42)OCO5,High,121.35,1,COc1ccc2c(c[n+](C)c3c4cc5c(cc4ccc23)OCO5)c1OC,LLEJIEBFSOEYIV-UHFFFAOYSA-N,LLEJIEBFSOEYIV
122,C1CN(CCN1CCC2=CC=C(C=C2)F)C(=O)C3=CC=CC4=C3NC=C4C#N,High,121.0,1,N#Cc1c[nH]c2c(C(=O)N3CCN(CCc4ccc(F)cc4)CC3)cccc12,AQRLDDAFYYAIJP-UHFFFAOYSA-N,AQRLDDAFYYAIJP
123,C1C(CN1C(=O)/C=C\N2C=NC(=N2)C3=CC(=CC(=C3)C(F)(F)F)C(F)(F)F)(F)F,High,121.0,1,O=C(/C=C\n1cnc(-c2cc(C(F)(F)F)cc(C(F)(F)F)c2)n1)N1CC(F)(F)C1,JCHAWRDHMUSLMM-UPHRSURJSA-N,JCHAWRDHMUSLMM
124,CCC(=O)O[C@H](C(C)C)OP(=O)(CCCCC1=CC=CC=C1)CC(=O)N2C[C@@H](C[C@H]2C(=O)[O-])C3CCCCC3,High,118.0,1,CCC(=O)O[C@@H](OP(=O)(CCCCc1ccccc1)CC(=O)N1C[C@H](C2CCCCC2)CC1C(=O)O)C(C)C,BIDNLKIUORFRQP-FOIKNETQSA-N,BIDNLKIUORFRQP
125,CCNC(=O)C1=NOC(=C1C2=CC=C(C=C2)CN3CCOCC3)C4=CC(=C(C=C4O)O)C(C)C,High,117.0,1,CCNC(=O)c1noc(-c2cc(C(C)C)c(O)cc2O)c1-c1ccc(CN2CCOCC2)cc1,NDAZATDQFDPQBD-UHFFFAOYSA-N,NDAZATDQFDPQBD
126,COCCN1C=NC2=C(C1=N)C(=C(N2CCC3=CC=CC=C3)C4=CC=CC=C4)C5=CC=CC=C5,High,116.0,1,COCCn1cnc2c(c(-c3ccccc3)c(-c3ccccc3)n2CCc2ccccc2)c1=N,SAZYWQASLPAVAJ-UHFFFAOYSA-N,SAZYWQASLPAVAJ
127,COC1=C(C=C2C(=C1)C(=NC(=N2)N3CCC(CC3)N4CCCCC4)NC5CCCCCC5)OC,High,116.0,1,COc1cc2nc(N3CCC(N4CCCCC4)CC3)nc(NC3CCCCCC3)c2cc1OC,WYVBISCFCHREDA-UHFFFAOYSA-N,WYVBISCFCHREDA
128,CC1=CC(=NC=C1)NC(C2=CC(=CC=C2)O)C3=C(C4=C(C=CC(=N4)C)C=C3)O,High,115.25,1,Cc1ccnc(NC(c2cccc(O)c2)c2ccc3ccc(C)nc3c2O)c1,DVZKOAUVYRODMT-UHFFFAOYSA-N,DVZKOAUVYRODMT
129,COC1=CC=C(C=C1)N2C(=CC(=N2)C(F)F)C3=CC=C(C=C3)S(=O)C,High,115.0,1,COc1ccc(-n2nc(C(F)F)cc2-c2ccc([S+](C)O)cc2)cc1,ZYIQQAOTFGAKJH-UHFFFAOYSA-N,ZYIQQAOTFGAKJH
130,C1CN(CCN1CCOCCO)C(C2=CC=CC=C2)C3=CC=C(C=C3)Cl,High,114.0,1,OCCOCCN1CCN(C(c2ccccc2)c2ccc(Cl)cc2)CC1,ZQDWXGKKHFNSQK-UHFFFAOYSA-N,ZQDWXGKKHFNSQK
131,C1=CC=C(C=C1)CN2C=C(C3=C2N=CN(C3=N)CCO)C4=CC=CC=C4,High,113.0,1,N=c1c2c(-c3ccccc3)cn(Cc3ccccc3)c2ncn1CCO,AVSWESRNPLZOQD-UHFFFAOYSA-N,AVSWESRNPLZOQD
132,CN1CCN(CC1)C2=CC(=C(C=C2)C(=O)NC3=NNC4=C3C=C(C=C4)CC5=CC(=CC(=C5)F)F)NC6CCOCC6,High,113.0,1,CN1CCN(c2ccc(C(=O)Nc3[nH]nc4ccc(Cc5cc(F)cc(F)c5)cc34)c(NC3CCOCC3)c2)CC1,HAYYBYPASCDWEQ-UHFFFAOYSA-N,HAYYBYPASCDWEQ
133,CCOC1=CC=C(C=C1)C2=NN3C(=C2C4=CC=C(C=C4)S(=O)(=O)C)C=CC=N3,High,111.0,1,CCOc1ccc(-c2nn3ncccc3c2-c2ccc(S(C)(=O)=O)cc2)cc1,NXMZBNYLCVTRGB-UHFFFAOYSA-N,NXMZBNYLCVTRGB
134,C1=CC=C(C=C1)CN2C=C(C3=C2N=CN(C3=N)CCCCO)C4=CC=CC=C4,High,110.0,1,N=c1c2c(-c3ccccc3)cn(Cc3ccccc3)c2ncn1CCCCO,XKMCCTZCZZXNLJ-UHFFFAOYSA-N,XKMCCTZCZZXNLJ
135,C1=CC=C(C=C1)CNCCNCC2=CC=CC=C2.Cl.Cl,High,107.0,1,c1ccc(CNCCNCc2ccccc2)cc1,JUHORIMYRDESRB-UHFFFAOYSA-N,JUHORIMYRDESRB
136,C1CN(CCC1CC2=CC=CC=C2F)CC3=NC4=C(N3)C=C(C=C4)O,High,107.0,1,Oc1ccc2[nH]c(CN3CCC(Cc4ccccc4F)CC3)nc2c1,RJZREMJRJAYQCL-UHFFFAOYSA-N,RJZREMJRJAYQCL
137,C1CCCC(CC1)NC2=C3C=C(SC3=NC=N2)CNC[C@H]4CCCO4,High,105.0,1,c1nc(NC2CCCCCC2)c2cc(CNC[C@H]3CCCO3)sc2n1,SASNRPJKZVJWQW-OAHLLOKOSA-N,SASNRPJKZVJWQW
138,CC(C)C1=CC(=C(C=C1OC2=CN=C(N=C2N)NC(CO)CO)I)OC,High,103.0,1,COc1cc(C(C)C)c(Oc2cnc(NC(CO)CO)nc2N)cc1I,PAYROHWFGZADBR-UHFFFAOYSA-N,PAYROHWFGZADBR
139,C1CC[C@H]([C@@H](C1)N)N2C=NC3=C(C2=N)C(=CN3CC4=CC=CC=C4)C5=CC=CC=C5,High,101.0,1,N=c1c2c(-c3ccccc3)cn(Cc3ccccc3)c2ncn1[C@@H]1CCCC[C@H]1N,UVDKONSCZZCQAK-FGZHOGPDSA-N,UVDKONSCZZCQAK
140,CC1=C(C=C(C=C1)NC(=O)C2=CC=C(C=C2)CN3CCN(CC3)C)NC4=NC(=CS4)C5=CN=CC=C5,High,100.0,1,Cc1ccc(NC(=O)c2ccc(CN3CCN(C)CC3)cc2)cc1Nc1nc(-c2cccnc2)cs1,WJEOLQLKVOPQFV-UHFFFAOYSA-N,WJEOLQLKVOPQFV
141,CN(C)C(=O)NC1CCC(CC1)CCN2CCN(CC2)C3=C(C(=CC=C3)Cl)Cl,High,100.0,1,CN(C)C(=O)NC1CCC(CCN2CCN(c3cccc(Cl)c3Cl)CC2)CC1,KPWSJANDNDDRMB-UHFFFAOYSA-N,KPWSJANDNDDRMB
142,COC1=CC2=C(C=C1)OCC(=C2C3=CC=C(C=C3)F)CN4CCCC4,High,100.0,1,COc1ccc2c(c1)C(c1ccc(F)cc1)=C(CN1CCCC1)CO2,VMMKGVRPILDZML-UHFFFAOYSA-N,VMMKGVRPILDZML
143,CC1=CC=C(C=C1)CN2C3=C(C=C(C=C3C)Br)C(=O)C2=O,High,98.49,1,Cc1ccc(CN2C(=O)C(=O)c3cc(Br)cc(C)c32)cc1,YAQUHAGUTWROKM-UHFFFAOYSA-N,YAQUHAGUTWROKM
144,CC1=NC2=C(N1)CCN(C3=CC=CC=C32)C(=O)C4=CC=C(C=C4)NC(=O)C5=CC=CC=C5C6=CC=CC=C6,High,98.0,1,Cc1nc2c([nH]1)-c1ccccc1N(C(=O)c1ccc(NC(=O)c3ccccc3-c3ccccc3)cc1)CC2,IKENVDNFQMCRTR-UHFFFAOYSA-N,IKENVDNFQMCRTR
145,COCCNC(=O)C1=CC=C(C=C1)C2=NC=C3N2C=C(N=C3)C4=CC(=CC=C4)F,High,95.0,1,COCCNC(=O)c1ccc(-c2ncc3cnc(-c4cccc(F)c4)cn23)cc1,NLZRGTLGEZMJOK-UHFFFAOYSA-N,NLZRGTLGEZMJOK
146,C1=CC(=CC(=C1)C(=O)N)C2=CC(=NC=N2)NC3=CC=C(C=C3)OC(F)(F)F,High,94.38,1,NC(=O)c1cccc(-c2cc(Nc3ccc(OC(F)(F)F)cc3)ncn2)c1,WEVYNIUIFUYDGI-UHFFFAOYSA-N,WEVYNIUIFUYDGI
147,C1=CC(=CC(=C1)F)C2=CN3C(=CN=C3C4=CC=C(C=C4)C(=O)NCC5=NC=CN=C5)C=N2,High,94.0,1,O=C(NCc1cnccn1)c1ccc(-c2ncc3cnc(-c4cccc(F)c4)cn23)cc1,RQIVNJOOPXMGRU-UHFFFAOYSA-N,RQIVNJOOPXMGRU
148,CN1C(=NN=N1)SC2=NC=NC3=C2C(=CS3)C4=CC=C(C=C4)[N+](=O)[O-],High,93.0,1,Cn1nnnc1Sc1ncnc2scc(-c3ccc([N+](=O)[O-])cc3)c12,XKMWYIMATZNWHS-UHFFFAOYSA-N,XKMWYIMATZNWHS
149,CCC1C(=NN=C(C2=CC(=C(C=C12)OC)OC)C3=CC(=C(C=C3)OC)OC)C,High,91.0,1,CCC1C(C)=NN=C(c2ccc(OC)c(OC)c2)c2cc(OC)c(OC)cc21,RUJBDQSFYCKFAA-UHFFFAOYSA-N,RUJBDQSFYCKFAA
150,C1=CC=C(C=C1)CN2C(=C(C3=C2N=CN(C3=N)CCNC4=CC=NC=C4)C5=CC=CC=C5)C6=CC=CC=C6,High,90.0,1,N=c1c2c(-c3ccccc3)c(-c3ccccc3)n(Cc3ccccc3)c2ncn1CCNc1ccncc1,HYEIDZYLIOTLFQ-UHFFFAOYSA-N,HYEIDZYLIOTLFQ
151,CN(C)CCN(C)C(=O)C1=CC=C(C=C1)C2=NC=C3N2C=C(N=C3)C4=CC(=CC=C4)F,High,90.0,1,CN(C)CCN(C)C(=O)c1ccc(-c2ncc3cnc(-c4cccc(F)c4)cn23)cc1,SFRLYMJPHQKCTK-UHFFFAOYSA-N,SFRLYMJPHQKCTK
152,CC1=CC2=C(C=CC=C2N1C3=NC4=C(COCC4)C(=N3)NCC5=CC=CC=C5)C(=O)N,High,90.0,1,Cc1cc2c(C(N)=O)cccc2n1-c1nc2c(c(NCc3ccccc3)n1)COCC2,RDALZZCKQFLGJP-UHFFFAOYSA-N,RDALZZCKQFLGJP
153,C1=CC=C(C=C1)CN2C=C(C3=C2N=CN(C3=N)CCCCCO)C4=CC=CC=C4,High,89.0,1,N=c1c2c(-c3ccccc3)cn(Cc3ccccc3)c2ncn1CCCCCO,WSBSFDGQKUPTGZ-UHFFFAOYSA-N,WSBSFDGQKUPTGZ
154,CCCN(CCC)C1CCC2=C(C1)C(=CC=C2)O,High,88.0,1,CCCN(CCC)C1CCc2cccc(O)c2C1,ASXGJMSKWNBENU-UHFFFAOYSA-N,ASXGJMSKWNBENU
155,C1COCCN1S(=O)(=O)C2=CC=C(C=C2)NC(=O)C3=C(C=CC(=C3)Cl)NS(=O)(=O)C4=CC=C(S4)Cl,High,85.0,1,O=C(Nc1ccc(S(=O)(=O)N2CCOCC2)cc1)c1cc(Cl)ccc1NS(=O)(=O)c1ccc(Cl)s1,PQHLRGARXNPFCF-UHFFFAOYSA-N,PQHLRGARXNPFCF
156,CC1=C(C(=NO1)C2=CC=CC=C2Cl)C(=O)N[C@H]3[C@@H]4N(C3=O)[C@H](C(S4)(C)C)C(=O)[O-].[Na+],High,84.0,1,Cc1onc(-c2ccccc2Cl)c1C(=O)NC1C(=O)N2C(C(=O)O)C(C)(C)S[C@H]12,LQOLIRLGBULYKD-MQBCKMQZSA-N,LQOLIRLGBULYKD
157,CC(C)C(=O)OCC1=CC(=CC=C1)OC(=O)[C@H]2C(S[C@H]3N2C(=O)[C@H]3NC(=O)CC4=CC=CC=C4)(C)C,High,84.0,1,CC(C)C(=O)OCc1cccc(OC(=O)C2N3C(=O)C(NC(=O)Cc4ccccc4)[C@H]3SC2(C)C)c1,MGKUHWMKIYHWOJ-UBVWURDFSA-N,MGKUHWMKIYHWOJ
158,CC[C@@]1(C2=C(COC1=O)C(=O)N3CC4=C(C5=CC=CC=C5N=C4C3=C2)/C=N/OC(C)(C)C)O,High,81.0,1,CC[C@@]1(O)C(=O)OCc2c1cc1n(c2=O)Cc2c-1nc1ccccc1c2/C=N/OC(C)(C)C,UIVFUQKYVFCEKJ-OPTOVBNMSA-N,UIVFUQKYVFCEKJ
159,CC(C)C1=C(C=C(C(=C1)C2=NNC(=O)N2C3=CC4=C(C=C3)N(C=C4)C)O)O,High,79.5,1,CC(C)c1cc(-c2n[nH]c(=O)n2-c2ccc3c(ccn3C)c2)c(O)cc1O,RVAQIUULWULRNW-UHFFFAOYSA-N,RVAQIUULWULRNW
160,CN(CCOC)CC1=CC2=C(C=C1)N=C3N2C=C(S3)C(=O)N(C)C4CCCCC4,High,79.0,1,COCCN(C)Cc1ccc2nc3sc(C(=O)N(C)C4CCCCC4)cn3c2c1,AQINBUDFKZIGCN-UHFFFAOYSA-N,AQINBUDFKZIGCN
161,C1=CC=C(C=C1)CN2C(=C(C3=C2N=CN(C3=N)CCN)C4=CC=CC=C4)C5=CC=CC=C5,High,78.0,1,N=c1c2c(-c3ccccc3)c(-c3ccccc3)n(Cc3ccccc3)c2ncn1CCN,MEFVBAWWGWLVGX-UHFFFAOYSA-N,MEFVBAWWGWLVGX
162,C1CN(CCC12CCN(CC2)C(=O)C3=CC(=CC=C3)N4CC5=C(C4=O)C(=CC=C5)Cl)C6=CC=NC=C6,High,78.0,1,O=C(c1cccc(N2Cc3cccc(Cl)c3C2=O)c1)N1CCC2(CC1)CCN(c1ccncc1)CC2,ARYQHSWJGHCGJS-UHFFFAOYSA-N,ARYQHSWJGHCGJS
163,COC1=C(C=C(C=C1)C2=C(N=CN2C3=CC=C(C=C3)S(=O)(=O)N)Cl)F,High,78.0,1,COc1ccc(-c2c(Cl)ncn2-c2ccc(S(N)(=O)=O)cc2)cc1F,KYXDNECMRLFQMZ-UHFFFAOYSA-N,KYXDNECMRLFQMZ
164,C[C@H]1[C@@H](CCC2=CC(=O)C(=C(C)C)C[C@]12C)OC(=O)/C=C/SC,High,77.0,1,CS/C=C/C(=O)O[C@@H]1CC=C2CC(=O)C(=C(C)C)C[C@]2(C)[C@H]1C,LVLQYABIVQGIKP-IJIKXCSASA-N,LVLQYABIVQGIKP
165,CN1C(=NN=N1)SC2=NC=NC3=C2C(=CS3)C4=CC=CC(=C4)C#N,High,76.0,1,Cn1nnnc1Sc1ncnc2scc(-c3cccc(C#N)c3)c12,XJSVFXUBKVGTTL-UHFFFAOYSA-N,XJSVFXUBKVGTTL
166,CN(C)CCN1C=NC2=C(C1=N)C(=C(N2CC3=CC=CC=C3)C4=CC=CC=C4)C5=CC=CC=C5,High,76.0,1,CN(C)CCn1cnc2c(c(-c3ccccc3)c(-c3ccccc3)n2Cc2ccccc2)c1=N,NCGFDLIJPLVXDT-UHFFFAOYSA-N,NCGFDLIJPLVXDT
167,CC1=CC=C(C=C1)C2=C(N(C3=NC=NC(=C23)N)CCCO)C(=O)CCl,High,76.0,1,Cc1ccc(-c2c(C(=O)CCl)n(CCCO)c3ncnc(N)c23)cc1,PELFTNQHGSITLB-UHFFFAOYSA-N,PELFTNQHGSITLB
168,C[C@]12CCCCC[C@H]([C@H]1N)CC3=C2C=C(C=C3)O,High,74.0,1,C[C@@]12CCCCC[C@@H](Cc3ccc(O)cc31)[C@H]2N,VTMVHDZWSFQSQP-APHBMKBZSA-N,VTMVHDZWSFQSQP
169,C1CN(CCC1CC(=O)N2CCC(CC2)[C@@H]3C4=C(CCC5=C3N=CC(=C5)Br)C=C(C=C4Br)Cl)C(=O)N,High,73.48,1,NC(=O)N1CCC(CC(=O)N2CCC([C@H]3c4ncc(Br)cc4CCc4cc(Cl)cc(Br)c43)CC2)CC1,DHMTURDWPRKSOA-RUZDIDTESA-N,DHMTURDWPRKSOA
170,C[C@H]1C[C@@H]([C@@H]([C@H](/C=C(/[C@@H]([C@H](/C=C\C=C(\C(=O)NC2=CC(=O)C(=C(C1)C2=O)NCC=C)/C)OC)OC(=O)N)\C)C)O)OC,High,73.0,1,C=CCNc1c(O)cc2c(O)c1C=C(C)C[C@H](OC)[C@H](O)[C@@H](C)/C=C(\C)[C@H](OC(N)=O)[C@@H](OC)C=CC=C(C)C(=O)N2,CREFNIMWTPMWOS-IGFMKSIBSA-N,CREFNIMWTPMWOS
171,CC(C)(C)OC(=O)C1=CC=C(C=C1)C2=CSC3=C2C(=NC=N3)SC4=NN=NN4C,High,72.0,1,Cn1nnnc1Sc1ncnc2scc(-c3ccc(C(=O)OC(C)(C)C)cc3)c12,LHGZZJUBWUMICP-UHFFFAOYSA-N,LHGZZJUBWUMICP
172,C1=CC=C(C=C1)CCN2C(=C(C3=C2N=CN(C3=N)CCCO)C4=CC=CC=C4)C5=CC=CC=C5,High,66.0,1,N=c1c2c(-c3ccccc3)c(-c3ccccc3)n(CCc3ccccc3)c2ncn1CCCO,KQPFZBRFMWSEIY-UHFFFAOYSA-N,KQPFZBRFMWSEIY
173,CN1C(=NN=N1)SC2=NC=NC3=C2C(=CS3)C4=CC=C(C=C4)C#N,High,63.0,1,Cn1nnnc1Sc1ncnc2scc(-c3ccc(C#N)cc3)c12,HCEMNQMDDCPNJR-UHFFFAOYSA-N,HCEMNQMDDCPNJR
174,C/C(=C\C(=O)O)/C=C/[C@@H]1C[C@]1(C)C2=CC3=C(C=C2)C(CCC3(C)C)(C)C,High,63.0,1,CC(=CC=C1C[C@]1(C)c1ccc2c(c1)C(C)(C)CCC2(C)C)CC(=O)O,VUORZRRTNSRXGD-XMMPIXPASA-N,VUORZRRTNSRXGD
175,CCN1CCN(CC1)C(=O)C2=CC3=C(C=C2)S(=O)(=O)C4=CC=CC=C4C(=O)N3CC5=C(C=CC(=C5)C)C,High,62.98,1,CCN1CCN(C(=O)c2ccc3c(c2)N(Cc2cc(C)ccc2C)C(=O)c2ccccc2S3(=O)=O)CC1,QVGHIJQMNWTANH-UHFFFAOYSA-N,QVGHIJQMNWTANH
176,C1=CC(=C(C=C1C(=O)NC2=CN=C(N=C2)Cl)F)F,High,61.0,1,O=C(Nc1cnc(Cl)nc1)c1ccc(F)c(F)c1,IIBSHMFXVWTQSJ-UHFFFAOYSA-N,IIBSHMFXVWTQSJ
177,C1CCC(CC1)C2=C(C=C3C(CCC3=C2)C(=O)O)Cl,High,61.0,1,O=C(O)C1CCc2cc(C3CCCCC3)c(Cl)cc21,OIRAEJWYWSAQNG-UHFFFAOYSA-N,OIRAEJWYWSAQNG
178,C[C@@H]1COCCN1C2=NC3=C(C=CN=C3C4=CC=NN4)C(=C2)C5=CC=NN5C,High,60.13,1,C[C@@H]1COCCN1c1cc(-c2ccnn2C)c2ccnc(-c3cc[nH]n3)c2n1,YBXRSCXGRPSTMW-CYBMUJFWSA-N,YBXRSCXGRPSTMW
179,C1CN(CCN1)C2=NC(=C(C=C2)C(F)(F)F)Cl,High,60.0,1,FC(F)(F)c1ccc(N2CCNCC2)nc1Cl,QZYYPQAYSFBKPW-UHFFFAOYSA-N,QZYYPQAYSFBKPW
180,C1CC(CCC1NC(=O)C2=CC=C(C=C2)C3=NC=C4N3C=C(N=C4)C5=CC(=CC=C5)F)O,High,59.0,1,O=C(NC1CCC(O)CC1)c1ccc(-c2ncc3cnc(-c4cccc(F)c4)cn23)cc1,GKWJTXYMMAJYET-UHFFFAOYSA-N,GKWJTXYMMAJYET
181,CC1=CC=CC=C1CN2CCN3C(=NN(C3=O)CC4COC5=CC=CC=C5O4)C2=O,High,57.72,1,Cc1ccccc1CN1CCn2c(nn(CC3COc4ccccc4O3)c2=O)C1=O,DBZMVIKIFFASIR-UHFFFAOYSA-N,DBZMVIKIFFASIR
182,CCN1C2=CC=CC=C2N(C1=O)[C@@H]3CCN(C[C@H]3CO)CC4CCCCCCC4,High,57.0,1,CCn1c(=O)n([C@@H]2CCN(CC3CCCCCCC3)C[C@H]2CO)c2ccccc21,MBGVUMXBUGIIBQ-LEWJYISDSA-N,MBGVUMXBUGIIBQ
183,CCN(CC)CCNC(=O)C1=C(NC(=C1C)/C=C\2/C3=C(C=CC(=C3)F)NC2=O)C.C([C@@H](C(=O)O)O)C(=O)O,High,56.0,1,C=c1c(C(=O)NCCN(CC)CC)c(C)[nH]c1=Cc1c(O)[nH]c2ccc(F)cc12,MAXXXDSMDPPTEE-UHFFFAOYSA-N,MAXXXDSMDPPTEE
184,CC1([C@@H](N2[C@H](S1)[C@@H](C2=O)NC(=O)C3(CCCCC3)N)C(=O)O)C,High,54.0,1,CC1(C)S[C@@H]2C(NC(=O)C3(N)CCCCC3)C(=O)N2C1C(=O)O,HGBLNBBNRORJKI-NWGYLPEXSA-N,HGBLNBBNRORJKI
185,C[C@@H]1C[C@@H]([C@]2([C@@H](O1)O[C@@H]3CC4CC[C@@H]5C([C@]4(C[C@H]3O2)C=O)CC[C@]6([C@@]5(CC[C@@H]6C7=CC(=O)OC7)O)C)O)OC(=O)C,High,54.0,1,CC(=O)O[C@H]1C[C@@H](C)O[C@H]2O[C@@H]3CC4CC[C@@H]5C(CC[C@]6(C)[C@@H](C7=CC(=O)OC7)CC[C@]56O)[C@@]4(C=O)C[C@H]3O[C@]21O,OXKMZIABKYHLAR-CZISGLKOSA-N,OXKMZIABKYHLAR
186,CSC1=NC(=CC(=N1)OC2=CC=C(C=C2)C3=NC(=NN3)NC4=CC=CC(=C4)C(F)(F)F)N,High,53.82,1,CSc1nc(N)cc(Oc2ccc(-c3n[nH]c(Nc4cccc(C(F)(F)F)c4)n3)cc2)n1,CMYHZFCJPORPHY-UHFFFAOYSA-N,CMYHZFCJPORPHY
187,CN1CCN(CC1)CCCN2C3=CC=CC=C3SC4=C2C=C(C=C4)C(F)(F)F.Cl.Cl,High,53.0,1,CN1CCN(CCCN2c3ccccc3Sc3ccc(C(F)(F)F)cc32)CC1,ZEWQUBUPAILYHI-UHFFFAOYSA-N,ZEWQUBUPAILYHI
188,CCN(CC)CCCC(C)NC1=C2C=C(C=CC2=NC3=C1C=CC(=C3)Cl)OC.O.O.Cl.Cl,High,51.0,1,CCN(CC)CCCC(C)Nc1c2ccc(Cl)cc2nc2ccc(OC)cc12,GPKJTRJOBQGKQK-UHFFFAOYSA-N,GPKJTRJOBQGKQK
189,CC1=C(C(=CC=C1)C)OCC(=O)N[C@@H](CC2=CC=CC=C2)[C@H](C[C@H](CC3=CC=CC=C3)NC(=O)[C@H](C(C)C)N4CCCNC4=O)O,High,49.66,1,Cc1cccc(C)c1OCC(=O)N[C@@H](Cc1ccccc1)[C@@H](O)C[C@H](Cc1ccccc1)NC(=O)C(C(C)C)N1CCCNC1=O,KJHKTHWMRKYKJE-QZKHDZGUSA-N,KJHKTHWMRKYKJE
190,CN1C2=C(C3=C1C(=O)N(N=C3)CC4=CC=CC=C4F)SC(=C2)S(=O)C,High,49.0,1,Cn1c2cc([S+](C)O)sc2c2cnn(Cc3ccccc3F)c(=O)c21,JORUUSHMEZMJOI-UHFFFAOYSA-N,JORUUSHMEZMJOI
191,CC(C)C1=CC(=C(C=C1CC2=CN=C(N=C2N)N)OC)OC,High,48.0,1,COc1cc(Cc2cnc(N)nc2N)c(C(C)C)cc1OC,PYNPWUIBJMVRIG-UHFFFAOYSA-N,PYNPWUIBJMVRIG
192,CN(C)CC1CCOC1(C2=CC=CC=C2)C3=CC=CC=C3,High,47.0,1,CN(C)CC1CCOC1(c1ccccc1)c1ccccc1,BOTHKNZTGGXFEQ-UHFFFAOYSA-N,BOTHKNZTGGXFEQ
193,C1=CC(=CC(=C1)F)C2=CN3C(=CN=C3C4=CC=C(C=C4)C(=O)NCCCO)C=N2,High,46.0,1,O=C(NCCCO)c1ccc(-c2ncc3cnc(-c4cccc(F)c4)cn23)cc1,MJISTPRKTBEXEH-UHFFFAOYSA-N,MJISTPRKTBEXEH
194,C1CCC(C1)C2=C(C=C(C=C2)COC3=CC4=C(C=C3)NC5=C4CC[C@@H]5CC(=O)O)C(F)(F)F,High,46.0,1,O=C(O)C[C@H]1CCc2c1[nH]c1ccc(OCc3ccc(C4CCCC4)c(C(F)(F)F)c3)cc21,MVGWUTBTXDYMND-QGZVFWFLSA-N,MVGWUTBTXDYMND
195,CCOC1=CC=C(C=C1)C2C(=C(NC3=C(C=NN23)C(=O)NC4=CC=CC(=C4)C)C)C(=O)NC5=CC=CC=C5OC,High,45.0,1,CCOc1ccc(C2C(C(=O)Nc3ccccc3OC)C(C)=Nc3c(C(=O)Nc4cccc(C)c4)cnn32)cc1,BEWNKLSSURQEKZ-UHFFFAOYSA-N,BEWNKLSSURQEKZ
196,C1C[C@H]([C@@H](NC1)CC(=O)CN2C=NC3=CC(=C(C=C3C2=O)Cl)Br)O.Cl,High,43.0,1,O=C(C[C@@H]1NCCC[C@H]1O)Cn1cnc2cc(Br)c(Cl)cc2c1=O,LVASCWIMLIKXLA-LSDHHAIUSA-N,LVASCWIMLIKXLA
197,CC1=NC=CC(=C1)C2=NC(=CO2)C(=O)NC3=CN(N=C3C(=O)N)C4CCOCC4,High,43.0,1,Cc1cc(-c2nc(C(=O)Nc3cn(C4CCOCC4)nc3C(N)=O)co2)ccn1,JANBIXNDYNRYQP-UHFFFAOYSA-N,JANBIXNDYNRYQP
198,C1=CC=C(C=C1)C2(C(=O)NC(=O)N2)C3=CC=CC=C3,High,42.0,1,O=C1NC(=O)C(c2ccccc2)(c2ccccc2)N1,CXOFVDLJLONNDW-UHFFFAOYSA-N,CXOFVDLJLONNDW
199,C1CN(CCC12C(=O)NCN2C3=CC=CC=C3)CCCC(C4=CC=C(C=C4)F)C5=CC=C(C=C5)F,High,42.0,1,O=C1NCN(c2ccccc2)C12CCN(CCCC(c1ccc(F)cc1)c1ccc(F)cc1)CC2,QOYHHIBFXOOADH-UHFFFAOYSA-N,QOYHHIBFXOOADH
200,CC1=C(NC(=C1C(=O)NC[C@@H](CN2CCOCC2)O)C)/C=C\3/C4=C(C=CC(=C4)F)NC3=O,High,42.0,1,C=c1c(C(=O)NC[C@H](O)CN2CCOCC2)c(C)[nH]c1=Cc1c(O)[nH]c2ccc(F)cc12,QYNOKJAAVXJFDG-INIZCTEOSA-N,QYNOKJAAVXJFDG
201,C1COCCC1N2C(C3=CC=CC=C3C2=O)C(=O)NCC4=CC=C(C=C4)OC(F)(F)F,High,42.0,1,O=C(NCc1ccc(OC(F)(F)F)cc1)c1c2ccccc2c(O)n1C1CCOCC1,PUJRKTXCTGFOFF-UHFFFAOYSA-N,PUJRKTXCTGFOFF
202,C[N+](C)(CCNC1=C2C(=C(C=C1)NCC[N+](C)(C)[O-])C(=O)C3=C(C=CC(=C3C2=O)O)O)[O-],Moderate,40.0,1,C[N+](C)([O-])CCNc1ccc(NCC[N+](C)(C)[O-])c2c(O)c3c(c(O)c12)C(=O)C=CC3=O,FOALFYDLPRPLMJ-UHFFFAOYSA-N,FOALFYDLPRPLMJ
203,C(CCCN=C(N)N)CCC(=O)NC(C(=O)NCCCCNCCCN)O.Cl.Cl.Cl,Moderate,38.0,1,N=C(N)NCCCCCCC(=O)NC(=O)C(O)NCCCCNCCCN,DYRLWKBVSWPUST-UHFFFAOYSA-N,DYRLWKBVSWPUST
204,C1=COC(=C1)C(=O)C2=CC\3=C(C=C2)NC(=O)/C3=C\C4=CC(=C(C(=C4)Cl)O)Cl,Moderate,38.0,1,O=C1N=c2ccc(C(=O)c3ccco3)cc2=C1Cc1cc(Cl)c(O)c(Cl)c1,JEJCIAOOSYVOKA-UHFFFAOYSA-N,JEJCIAOOSYVOKA
205,CC1(C(N2C(S1(=O)=O)CC2=O)C(=O)OCOC(=O)C(C)(C)C)C,Moderate,37.0,1,CC(C)(C)C(=O)OCOC(=O)C1N2C(=O)CC2S(=O)(=O)C1(C)C,OHPVYKXTRACOSQ-UHFFFAOYSA-N,OHPVYKXTRACOSQ
206,C1CC(CCC1NC(=O)C2=CC=C(C=C2)C3=NC=C4N3C=C(N=C4)C5=CC=CC=C5)O,Moderate,35.0,1,O=C(NC1CCC(O)CC1)c1ccc(-c2ncc3cnc(-c4ccccc4)cn23)cc1,GOFQIKIRIDDQMZ-UHFFFAOYSA-N,GOFQIKIRIDDQMZ
207,CCCN(CCC)CCC1=C2CC(=O)NC2=CC=C1,Moderate,34.0,1,CCCN(CCC)CCc1cccc2[nH]c(O)cc12,FBYFJOVKHROJSY-UHFFFAOYSA-N,FBYFJOVKHROJSY
208,C[C@@H]1COCCN1C2=NC(=NC(=C2)C3(CC3)S(=N)(=O)C)C4=C5C=CNC5=NC=C4,Moderate,33.0,1,C[C@@H]1COCCN1c1cc(C2(S(C)(=N)=O)CC2)nc(-c2ccnc3[nH]ccc23)n1,OHUHVTCQTUDPIJ-RNHBAAACSA-N,OHUHVTCQTUDPIJ
209,CCN1C(=CC2=C3C(=C(N=C21)NC4=NN(C(=C4)C)C)N=CN3C)C(=O)N(C5CC5)C6CC6,Moderate,31.0,1,CCn1c(C(=O)N(C2CC2)C2CC2)cc2c3c(ncn3C)c(Nc3cc(C)n(C)n3)nc21,JCINBYQJBYJGDM-UHFFFAOYSA-N,JCINBYQJBYJGDM
210,C1CC(=O)N(C1)CCCNC(=O)C2=CC=C(C=C2)C3=NC=C4N3C=C(N=C4)C5=CC=CC=C5,Moderate,31.0,1,O=C(NCCCN1CCCC1=O)c1ccc(-c2ncc3cnc(-c4ccccc4)cn23)cc1,RTVBDYSQLNAKQI-UHFFFAOYSA-N,RTVBDYSQLNAKQI
211,CCC1=C[C@H]2C[C@@](C3=C(CN(C2)C1)C4=CC=CC=C4N3)(C5=C(C=C6C(=C5)[C@]78CCN9[C@H]7[C@@](C=CC9)([C@H]([C@@]([C@@H]8N6C)(C(=O)OC)O)OC(=O)C)CC)OC)C(=O)OC,Moderate,30.0,1,CCC1=C[C@@H]2CN(C1)Cc1c([nH]c3ccccc13)[C@@](C(=O)OC)(c1cc3c(cc1OC)N(C)[C@H]1[C@@](O)(C(=O)OC)[C@H](OC(C)=O)[C@]4(CC)C=CCN5CC[C@]31[C@@H]54)C2,GBABOYUKABKIAF-IELIFDKJSA-N,GBABOYUKABKIAF
212,C1CC[C@H]2[C@@H](C1)C3=C(O2)CCC4=C3N=C(N=C4N5CCNCC5)N,Moderate,30.0,1,Nc1nc2c(c(N3CCNCC3)n1)CC=C1O[C@H]3CCCC[C@H]3C12,UKEGGLXTKHMXEB-JZHZUCMVSA-N,UKEGGLXTKHMXEB
213,CC1=CC(=CC=C1)N2C(=NN=N2)S(=O)(=O)C,Moderate,28.27,1,Cc1cccc(-n2nnnc2S(C)(=O)=O)c1,ZJWBUCWHESKUAV-UHFFFAOYSA-N,ZJWBUCWHESKUAV
214,CC1=C(C(=NO1)C2=C(C=CC=C2Cl)F)C(=O)N[C@H]3[C@@H]4N(C3=O)[C@H](C(S4)(C)C)C(=O)[O-].[Na+],Moderate,28.0,1,Cc1onc(-c2c(F)cccc2Cl)c1C(=O)NC1C(=O)N2C(C(=O)O)C(C)(C)S[C@H]12,UIOFUWFRIANQPC-MQBCKMQZSA-N,UIOFUWFRIANQPC
215,CC(=O)NC1=CC=C(C=C1)OC(=O)C2=CC=CC=C2OC(=O)C,Moderate,27.0,1,CC(=O)Nc1ccc(OC(=O)c2ccccc2OC(C)=O)cc1,FEJKLNWAOXSSNR-UHFFFAOYSA-N,FEJKLNWAOXSSNR
216,COC(=O)C1=CC=CC(=C1)CN2C=NC3=C(C2=N)C(=C(N3CCC4=CC=CC=C4)C5=CC=CC=C5)C6=CC=CC=C6,Moderate,27.0,1,COC(=O)c1cccc(Cn2cnc3c(c(-c4ccccc4)c(-c4ccccc4)n3CCc3ccccc3)c2=N)c1,GYMVPZGEUDSIGB-UHFFFAOYSA-N,GYMVPZGEUDSIGB
217,C1C(CN1C(=O)C2=CC=C(C=C2)C3=NC=C4N3C=C(N=C4)C5=CC(=CC=C5)F)O,Moderate,27.0,1,O=C(c1ccc(-c2ncc3cnc(-c4cccc(F)c4)cn23)cc1)N1CC(O)C1,XKNNPRXCFYVLLI-UHFFFAOYSA-N,XKNNPRXCFYVLLI
218,CCCN(CCC)C1CCC2=C(C1)C=C(C=C2)O,Moderate,26.0,1,CCCN(CCC)C1CCc2ccc(O)cc2C1,BLYMJBIZMIGWFK-UHFFFAOYSA-N,BLYMJBIZMIGWFK
219,CC1=C2C(=NC=C1)N(C3=C(C=CC=N3)C(=O)N2)C4CC4,Moderate,26.0,1,Cc1ccnc2c1NC(=O)c1cccnc1N2C1CC1,NQDJXKOVJZTUJA-UHFFFAOYSA-N,NQDJXKOVJZTUJA
220,CCC1=CC=C(C=C1)C2C(=C(NC3=C(C=NN23)C(=O)NC4=CC=C(C=C4)C)C)C(=O)NC5=CC=CC=C5OC,Moderate,26.0,1,CCc1ccc(C2C(C(=O)Nc3ccccc3OC)C(C)=Nc3c(C(=O)Nc4ccc(C)cc4)cnn32)cc1,ZPMIGMJAUMBTKO-UHFFFAOYSA-N,ZPMIGMJAUMBTKO
221,COC(=O)C[C@@H](C(=O)OC)N1C=NC2=C(C1=N)C(=CN2CC3=CC=CC=C3)C4=CC=CC=C4,Moderate,26.0,1,COC(=O)CC(C(=O)OC)n1cnc2c(c(-c3ccccc3)cn2Cc2ccccc2)c1=N,PNYQAWNPQOFOBS-UHFFFAOYSA-N,PNYQAWNPQOFOBS
222,C[C@@H](C(F)(F)F)NC1=C(C(=NC2=NC=NN12)Cl)C3=C(C=C(C=C3F)OCCCNC)F,Moderate,26.0,1,CNCCCOc1cc(F)c(-c2c(Cl)nc3ncnn3c2N[C@@H](C)C(F)(F)F)c(F)c1,ZUZPCOQWSYNWLU-VIFPVBQESA-N,ZUZPCOQWSYNWLU
223,CC(C(=O)N[C@H]1[C@@H]2N(C1=O)[C@H](C(S2)(C)C)C(=O)[O-])OC3=CC=CC=C3.[K+],Moderate,25.0,1,CC(Oc1ccccc1)C(=O)NC1C(=O)N2C(C(=O)O)C(C)(C)S[C@H]12,NONJJLVGHLVQQM-CIPDSAHDSA-N,NONJJLVGHLVQQM
224,C1=CC=C2C(=C1)C=C(C=N2)OC3=C(C=C(C=C3Cl)NS(=O)(=O)C4=C(C=C(C=C4)Cl)Cl)Cl,Moderate,24.0,1,O=S(=O)(Nc1cc(Cl)c(Oc2cnc3ccccc3c2)c(Cl)c1)c1ccc(Cl)cc1Cl,NMRWDFUZLLQSBN-UHFFFAOYSA-N,NMRWDFUZLLQSBN
225,CC[C@@]1(C2=C(COC1=O)C(=O)N3CC4=CC5=CC=CC=C5N=C4C3=C2)O,Moderate,23.0,1,CC[C@@]1(O)C(=O)OCc2c1cc1n(c2=O)Cc2cc3ccccc3nc2-1,VSJKWCGYPAHWDS-FQEVSTJZSA-N,VSJKWCGYPAHWDS
226,C1=CC=C(C=C1)C2=CN3C(=CN=C3C4=CC=C(C=C4)C(=O)NCCCN5C=CN=C5)C=N2,Moderate,23.0,1,O=C(NCCCn1ccnc1)c1ccc(-c2ncc3cnc(-c4ccccc4)cn23)cc1,BQOZGAFZPAZACD-UHFFFAOYSA-N,BQOZGAFZPAZACD
227,C1=CC=C(C=C1)C[C@@H](CO)N2C=NC3=C(C2=N)C(=CN3CC4=CC=CC=C4)C5=CC=CC=C5,Moderate,22.0,1,N=c1c2c(-c3ccccc3)cn(Cc3ccccc3)c2ncn1[C@H](CO)Cc1ccccc1,CWMUQJJMYFVGAN-DEOSSOPVSA-N,CWMUQJJMYFVGAN
228,C[C@]12CCCN1CC3=NNC(=O)C4=C5C3=C2NC5=CC(=C4)F,Moderate,22.0,1,C[C@]12CCCN1CC1=NNC(=O)c3cc(F)cc4[nH]c2c1c34,DENYZIUJOTUUNY-MRXNPFEDSA-N,DENYZIUJOTUUNY
229,CC1(CC2=C(C(=O)C1)C(=NN2C3=CC(=C(C=C3)C(=O)N)NC4CCC(CC4)O)C(F)(F)F)C,Moderate,21.5,1,CC1(C)CC(=O)c2c(C(F)(F)F)nn(-c3ccc(C(N)=O)c(NC4CCC(O)CC4)c3)c2C1,ZFVRYNYOPQZKDG-UHFFFAOYSA-N,ZFVRYNYOPQZKDG
230,C1C(=O)NC(=O)[C@@]12C(=O)N(C(=O)C3=CC=CN23)CC4=C(C=C(C=C4)Br)F,Moderate,21.0,1,O=C1C[C@@]2(C(=O)N1)C(=O)N(Cc1ccc(Br)cc1F)C(=O)c1cccn12,QCVNMNYRNIMDKV-QGZVFWFLSA-N,QCVNMNYRNIMDKV
231,CC1=CC=C(C=C1)C2=C(N(C3=NC=NC(=C23)N)CCCNCCOC)C(=O)CF,Moderate,20.0,1,COCCNCCCn1c(C(=O)CF)c(-c2ccc(C)cc2)c2c(N)ncnc21,UPTQGXMIZXGVSC-UHFFFAOYSA-N,UPTQGXMIZXGVSC
232,CC(C)(C)CNCCN1C2=C(C(=NC=C2)N)N=C1SC3=CC4=C(C=C3N(C)C)OCO4,Moderate,20.0,1,CN(C)c1cc2c(cc1Sc1nc3c(N)nccc3n1CCNCC(C)(C)C)OCO2,RVJIQAYFTOPTKK-UHFFFAOYSA-N,RVJIQAYFTOPTKK
233,C1CS(=O)(=O)CCN1C(=O)C2=CC=C(C=C2)C3=NC=C4N3C=C(N=C4)C5=CC=CC=C5,Moderate,20.0,1,O=C(c1ccc(-c2ncc3cnc(-c4ccccc4)cn23)cc1)N1CCS(=O)(=O)CC1,FSFYZMPSKMLUIV-UHFFFAOYSA-N,FSFYZMPSKMLUIV
234,CN1C=NC2=C1C=C(C(=C2F)NC3=C(C=C(C=C3)Br)F)C(=O)NOCCO,Moderate,19.3,1,Cn1cnc2c(F)c(Nc3ccc(Br)cc3F)c(C(=O)NOCCO)cc21,ACWZRVQXLIRSDF-UHFFFAOYSA-N,ACWZRVQXLIRSDF
235,C1=CC(=C2C(=C1NCCNCCO)C(=O)C3=C(C=CC(=C3C2=O)O)O)NCCNCCO,Moderate,19.0,1,O=C1C=CC(=O)c2c1c(O)c1c(NCCNCCO)ccc(NCCNCCO)c1c2O,BWGNRRGTNFKGQK-UHFFFAOYSA-N,BWGNRRGTNFKGQK
236,C1CC(=O)NC2=C1C=CC(=C2)OCCCCN3CCN(CC3)C4=C(C(=CC=C4)Cl)Cl,Moderate,19.0,1,O=C1CCc2ccc(OCCCCN3CCN(c4cccc(Cl)c4Cl)CC3)cc2N1,CEUORZQYGODEFX-UHFFFAOYSA-N,CEUORZQYGODEFX
237,CC1(CCN(CC1)C2=C3C=C(C=CC3=NC=C2C(=O)N4CCN(CC4)S(=O)(=O)C)F)C#N,Moderate,19.0,1,CC1(C#N)CCN(c2c(C(=O)N3CCN(S(C)(=O)=O)CC3)cnc3ccc(F)cc23)CC1,SIGXVLVHXOJBCM-UHFFFAOYSA-N,SIGXVLVHXOJBCM
238,CC1=C(C=C(C=C1)NC(=O)C2=CC=C(C=C2)CN3CCNCC3)NC4=NC=CC(=N4)C5=CN=CC=C5,Moderate,19.0,1,Cc1ccc(NC(=O)c2ccc(CN3CCNCC3)cc2)cc1Nc1nccc(-c2cccnc2)n1,BQQYXPHRXIZMDM-UHFFFAOYSA-N,BQQYXPHRXIZMDM
239,C1C=C(N2[C@H](S1)[C@@H](C2=O)NC(=O)/C(=C\CC(=O)O)/C3=CSC(=N3)N)C(=O)O,Moderate,18.0,1,Nc1nc(C(CCC(=O)O)C(=O)N=C2C(=O)N3C(C(=O)O)=CCS[C@H]23)cs1,LLLXKOHOTQDYHM-CHDNKPGVSA-N,LLLXKOHOTQDYHM
240,CC1=CC=C(C=C1)C2=C(N(C3=NC=NC(=C23)N)CCCO)C(=O)CF,Moderate,18.0,1,Cc1ccc(-c2c(C(=O)CF)n(CCCO)c3ncnc(N)c23)cc1,IKLGYJACVCXYIL-UHFFFAOYSA-N,IKLGYJACVCXYIL
241,CC1=CC(=CC(=C1)NC(=O)C2=C(N(N=N2)CC3=C(OC(=N3)C4=CC(=C(C(=C4)OC)OC)OC)C)C)C,Moderate,17.0,1,COc1cc(-c2nc(Cn3nnc(C(=O)Nc4cc(C)cc(C)c4)c3C)c(C)o2)cc(OC)c1OC,CZVRVFAIHRCIFQ-UHFFFAOYSA-N,CZVRVFAIHRCIFQ
242,C[C@@H]1[C@@H]2[C@H](C(=O)N2C(=C1SC3CN(C3)C4=NCCS4)C(=O)OCOC(=O)C(C)(C)C)[C@@H](C)O,Moderate,17.0,1,C[C@@H](O)C1C(=O)N2C(C(=O)OCOC(=O)C(C)(C)C)=C(SC3CN(C4=NCCS4)C3)[C@H](C)[C@H]12,SNUDIPVBUUXCDG-MYIUUGPWSA-N,SNUDIPVBUUXCDG
243,CCN(CC)CCNC1=C2C3=C(C=C1)N=CN3C4=C(C2=O)C=C(C=C4)O,Moderate,17.0,1,CCN(CC)CCNc1ccc2ncn3c4ccc(O)cc4c(=O)c1c23,CUNDRHORZHFPLY-UHFFFAOYSA-N,CUNDRHORZHFPLY
244,CC(=O)NC1=C2C(=CSS2)N(C1=O)C,Moderate,16.0,1,CC(=O)Nc1c2sscc-2n(C)c1=O,MHMRAFONCSQAIA-UHFFFAOYSA-N,MHMRAFONCSQAIA
245,CC(C)(C(=O)N[C@@H](COCC1=CC=CC=C1)C(=O)N2CCC3=NN(C(=O)[C@]3(C2)CC4=CC=CC=C4)C)N,Moderate,15.0,1,CN1N=C2CCN(C(=O)C(COCc3ccccc3)NC(=O)C(C)(C)N)C[C@]2(Cc2ccccc2)C1=O,KVLLHLWBPNCVNR-WNWQKLGWSA-N,KVLLHLWBPNCVNR
246,CC1=NN(C=C1)C2=C(C=CC(=C2)Cl)[C@H](C(F)(F)F)OC3=NC(=NC(=C3)C4=CC=C(C=C4)C[C@@H](C(=O)O)N)N,Moderate,15.0,1,Cc1ccn(-c2cc(Cl)ccc2[C@@H](Oc2cc(-c3ccc(CC(N)C(=O)O)cc3)nc(N)n2)C(F)(F)F)n1,NCLGDOBQAWBXRA-LMNIDFBRSA-N,NCLGDOBQAWBXRA
247,C1=CC(=C(C(=C1)Cl)Cl)C2=C(N=C(N=N2)N)N,Moderate,14.0,1,Nc1nnc(-c2cccc(Cl)c2Cl)c(N)n1,PYZRQGJRPPTADH-UHFFFAOYSA-N,PYZRQGJRPPTADH
248,COC1=CC(=CC(=C1OC)OC)CC2=CN=C(N=C2N)N,Moderate,14.0,1,COc1cc(Cc2cnc(N)nc2N)cc(OC)c1OC,IEDVJHCEMCRBQM-UHFFFAOYSA-N,IEDVJHCEMCRBQM
249,C1CN(CCC1N2C=NC3=C(C2=N)C(=C(N3CCC4=CC=CC=C4)C5=CC=CC=C5)C6=CC=CC=C6)CC7=CC=CC=C7,Moderate,14.0,1,N=c1c2c(-c3ccccc3)c(-c3ccccc3)n(CCc3ccccc3)c2ncn1C1CCN(Cc2ccccc2)CC1,HHCWQWOTQVZKSG-UHFFFAOYSA-N,HHCWQWOTQVZKSG
250,CC1=C(C(=NN1C)C)C2=CC=CC3=C2CCC(C3)N(C)C,Moderate,13.43,1,Cc1nn(C)c(C)c1-c1cccc2c1CCC(N(C)C)C2,BTTOYOKCLDAHHO-UHFFFAOYSA-N,BTTOYOKCLDAHHO
251,COC1=CC=C(C=C1)S(=O)(=O)NC2=C(N=CC=C2)NC3=CC=C(C=C3)O,Moderate,13.0,1,COc1ccc(S(=O)(=O)Nc2cccnc2Nc2ccc(O)cc2)cc1,URCVCIZFVQDVPM-UHFFFAOYSA-N,URCVCIZFVQDVPM
252,CN([C@@H]1CC[C@]2([C@H]3CC4=C5[C@]2([C@H]1OC5=C(C=C4)O)CCN3CC6CC6)O)C(=O)/C=C/C7=COC=C7,Moderate,13.0,1,CN(C(=O)/C=C/c1ccoc1)[C@@H]1CC[C@@]2(O)[C@H]3Cc4ccc(O)c5c4[C@@]2(CCN3CC2CC2)[C@H]1O5,XGZZHZMWIXFATA-UEZBDDGYSA-N,XGZZHZMWIXFATA
253,C1C(=C(N2[C@H](S1)[C@@H](C2=O)NC(=O)[C@@H](C3=CC=CC=C3)O)C(=O)[O-])CSC4=NN=NN4CS(=O)(=O)[O-].[Na+].[Na+],Moderate,12.0,1,O=C(O)C1=C(CSc2nnnn2CS(=O)(=O)O)CS[C@@H]2C(NC(=O)C(O)c3ccccc3)C(=O)N12,DYAIAHUQIPBDIP-IJGSQOGDSA-N,DYAIAHUQIPBDIP
254,CN1C(=NN=N1)SC2=NC=NC3=C2C(=CS3)C4=CC=CC5=C4SC6=CC=CC=C56,Moderate,12.0,1,Cn1nnnc1Sc1ncnc2scc(-c3cccc4c3sc3ccccc34)c12,DEVPNNKKGPZYFO-UHFFFAOYSA-N,DEVPNNKKGPZYFO
255,C1CN(CCC1COC2=CC=CC3=C2C(=NC(=N3)N)N)CC4=CC=CC=C4F,Moderate,12.0,1,Nc1nc(N)c2c(OCC3CCN(Cc4ccccc4F)CC3)cccc2n1,GYKIQIOWVKCVBP-UHFFFAOYSA-N,GYKIQIOWVKCVBP
256,CNC(=O)C1CCN(CC1)C(=O)C2=CC=C(C=C2)C3=NC=C4N3C=C(N=C4)C5=CC=CC=C5,Moderate,12.0,1,CNC(=O)C1CCN(C(=O)c2ccc(-c3ncc4cnc(-c5ccccc5)cn34)cc2)CC1,QHNHPFMSCVOBHW-UHFFFAOYSA-N,QHNHPFMSCVOBHW
257,C[C@H]1C[C@@H]([C@@H]([C@H](/C=C(\[C@@H]([C@H](/C=C\C=C(/C(=O)NC2=CC(=O)C(=C(C1)C2=O)NCCN(C)C)\C)OC)OC(=O)N)/C)C)O)OC,Moderate,11.9,1,CO[C@H]1C=CC=C(C)C(=O)Nc2cc(O)c(NCCN(C)C)c(c2O)C=C(C)C[C@H](OC)[C@H](O)[C@@H](C)/C=C(/C)[C@@H]1OC(N)=O,OMOIZFYLRZUABO-ONSPKOBJSA-N,OMOIZFYLRZUABO
258,CCCC(C)(COC(=O)N)COC(=O)NC(C)C,Moderate,11.0,1,CCCC(C)(COC(N)=O)COC(=O)NC(C)C,OFZCIYFFPZCNJE-UHFFFAOYSA-N,OFZCIYFFPZCNJE
259,CC1=C(SC=N1)/C=C\C2=C(N3[C@@H]([C@@H](C3=O)NC(=O)/C(=N\OC)/C4=CSC(=N4)N)SC2)C(=O)OCOC(=O)C(C)(C)C,Moderate,11.0,1,CON=C(C(=O)NC1C(=O)N2C(C(=O)OCOC(=O)C(C)(C)C)=C(/C=C\c3scnc3C)CS[C@H]12)c1csc(N)n1,AFZFFLVORLEPPO-RDWHVLTKSA-N,AFZFFLVORLEPPO
260,CC[C@@]1(C2=C(COC1=O)C(=O)N3CC4=CC5=C(C=CC=C5[N+](=O)[O-])N=C4C3=C2)O,Moderate,11.0,1,CC[C@@]1(O)C(=O)OCc2c1cc1n(c2=O)Cc2cc3c([N+](=O)[O-])cccc3nc2-1,VHXNKPBCCMUMSW-FQEVSTJZSA-N,VHXNKPBCCMUMSW
261,CC(=O)NCCNC(=O)C1=CC=C(C=C1)C2=NC=C3N2C=C(N=C3)C4=CC(=CC=C4)F,Moderate,11.0,1,CC(=O)NCCNC(=O)c1ccc(-c2ncc3cnc(-c4cccc(F)c4)cn23)cc1,FSYWLZZQTDHGOX-UHFFFAOYSA-N,FSYWLZZQTDHGOX
262,C1CCC(C1)COCCC2=NOC(=N2)C3CNC3,Low,1.0,0,C1CCC(COCCc2noc(C3CNC3)n2)C1,FGEZLEBKHSAYSJ-UHFFFAOYSA-N,FGEZLEBKHSAYSJ
263,C1=CC(=CN=C1)NC(=O)C2=CC=CS2,Low,10.0,1,O=C(Nc1cccnc1)c1cccs1,UPLHUDRMLWWFRE-UHFFFAOYSA-N,UPLHUDRMLWWFRE
264,CC[C@@H]1C[C@@]1(C(=O)NS(=O)(=O)C2CC2)NC(=O)[C@@H]3C[C@@H]4CN3C(=O)[C@@H](NC(=O)OCC(CCCCC5=C6CN(CC6=CC=C5)C(=O)O4)(C)C)C(C)(C)C,Low,10.0,1,CC[C@@H]1C[C@]1(NC(=O)C1C[C@@H]2CN1C(=O)C(C(C)(C)C)NC(=O)OCC(C)(C)CCCCc1cccc3c1CN(C3)C(=O)O2)C(=O)NS(=O)(=O)C1CC1,KUQWGLQLLVFLSM-ZXPYIKHKSA-N,KUQWGLQLLVFLSM
265,CC1=C(C(CCC1)(C)C)CCC(=CCCC2=CCC(OC2O)C3=CC(=O)OC3O)C,Low,9.8,1,CC(=CCCC1=CCC(C2=CC(=O)OC2O)OC1O)CCC1=C(C)CCCC1(C)C,FGJIDQWRRLDGDB-UHFFFAOYSA-N,FGJIDQWRRLDGDB
266,CC(C)N(CCCCOCC(=O)NS(=O)(=O)C)C1=CN=C(C(=N1)C2=CC=CC=C2)C3=CC=CC=C3,Low,9.0,1,CC(C)N(CCCCOCC(=O)NS(C)(=O)=O)c1cnc(-c2ccccc2)c(-c2ccccc2)n1,QXWZQTURMXZVHJ-UHFFFAOYSA-N,QXWZQTURMXZVHJ
267,CCCCN(CCCC)C(=O)CN1C[C@@H]([C@H]([C@@H]1C2=CC=C(C=C2)OC)C(=O)O)C3=CC4=C(C=C3)OCO4,Low,9.0,1,CCCCN(CCCC)C(=O)CN1C[C@H](c2ccc3c(c2)OCO3)C(C(=O)O)[C@@H]1c1ccc(OC)cc1,MOTJMGVDPWRKOC-CUWFNYONSA-N,MOTJMGVDPWRKOC
268,CC1([C@@H](N(CCS1)S(=O)(=O)C2=CC=C(C=C2)OC3=CC=NC=C3)C(=O)NO)C,Low,9.0,1,CC1(C)SCCN(S(=O)(=O)c2ccc(Oc3ccncc3)cc2)C1C(=O)NO,YKPYIPVDTNNYCN-UHFFFAOYSA-N,YKPYIPVDTNNYCN
269,C1[C@@H]2CC3=C(C(=CC=C3)O)C(=C2C(=O)[C@]4([C@@H]1CC(=O)C(=C4O)C(=O)N)O)O,Low,9.0,1,NC(=O)C1C(=O)C[C@@H]2C[C@@H]3Cc4cccc(O)c4C(=O)C3C(=O)[C@]2(O)C1=O,MDYVZYDNBUAVCN-MPIXHSIDSA-N,MDYVZYDNBUAVCN
270,CCNC1(CN(C1)C2=NC(=NC3=C(C(=NN32)C4=CC=CC=C4Cl)C5=CC=C(C=C5)Cl)C)C(=O)N,Low,8.69,1,CCNC1(C(N)=O)CN(c2nc(C)nc3c(-c4ccc(Cl)cc4)c(-c4ccccc4Cl)nn23)C1,XJFUIILGVMOOHV-UHFFFAOYSA-N,XJFUIILGVMOOHV
271,CCN(CC)CCCC(C)NC1=C2C=CC(=CC2=NC=C1)Cl,Low,8.0,1,CCN(CC)CCCC(C)Nc1ccnc2cc(Cl)ccc12,WHTVZRBIWZFKQO-UHFFFAOYSA-N,WHTVZRBIWZFKQO
272,CC1=C(C(=NO1)C2=CC=CC=C2)C(=O)N[C@H]3[C@@H]4N(C3=O)[C@H](C(S4)(C)C)C(=O)[O-].[Na+],Low,8.0,1,Cc1onc(-c2ccccc2)c1C(=O)NC1C(=O)N2C(C(=O)O)C(C)(C)S[C@H]12,UWYHMGVUTGAWSP-MQBCKMQZSA-N,UWYHMGVUTGAWSP
273,C[C@H]1[C@H]([C@H](C[C@@H](O1)O[C@H]2C[C@@](CC3=C2C(=C4C(=C3O)C(=O)C5=C(C4=O)C(=CC=C5)OC)O)(C(=O)C)O)N)O,Low,8.0,1,COc1cccc2c(O)c3c(c(O)c12)C(=O)C1=C(C[C@@](O)(C(C)=O)C[C@@H]1O[C@H]1C[C@H](N)[C@H](O)[C@H](C)O1)C3=O,YSTRWQVEZGVBLR-VGBVRHCVSA-N,YSTRWQVEZGVBLR
274,C[C@@]12CC[C@]3(CCC(C[C@@H]3[C@@H]1C(=O)C=C4[C@]2(CC[C@@H]5[C@@]4(C=C(C(=O)C5(C)C)C#N)C)C)(C)C)C(=O)OC,Low,8.0,1,COC(=O)[C@]12CCC(C)(C)C[C@@H]1C1C(=O)C=C3[C@@]4(C)C=C(C#N)C(=O)C(C)(C)[C@@H]4CC[C@@]3(C)[C@]1(C)CC2,WPTTVJLTNAWYAO-ZREYCQBLSA-N,WPTTVJLTNAWYAO
275,C1CCC2(CC1)CC(=NO2)C3=NC4=C(C=C(C=C4N3)C5=CC=CC=C5C(F)(F)F)C(F)(F)F,Low,8.0,1,FC(F)(F)c1ccccc1-c1cc(C(F)(F)F)c2[nH]c(C3=NOC4(CCCCC4)C3)nc2c1,VSMFCZZEKTVDHM-UHFFFAOYSA-N,VSMFCZZEKTVDHM
276,C1=CC=C(C(=C1)C(=O)NC2=NC=C(S2)[N+](=O)[O-])O,Low,8.0,1,O=C(Nc1ncc([N+](=O)[O-])s1)c1ccccc1O,FDTZUTSGGSRHQF-UHFFFAOYSA-N,FDTZUTSGGSRHQF
277,CC[C@H]1CN2CCC3=CC(=C(C=C3[C@@H]2C[C@@H]1C[C@@H]4C5=CC(=C(C=C5CCN4)OC)OC)OC)OC,Low,7.0,1,CC[C@H]1CN2CCc3cc(OC)c(OC)cc3[C@@H]2C[C@@H]1C[C@H]1NCCc2cc(OC)c(OC)cc21,AUVVAXYIELKVAI-CKBKHPSWSA-N,AUVVAXYIELKVAI
278,CCN(CC)CC(=O)OC1=CC=C(C=C1)NC(=O)C,Low,7.0,1,CCN(CC)CC(=O)Oc1ccc(NC(C)=O)cc1,QTGAJCQTLIRCFL-UHFFFAOYSA-N,QTGAJCQTLIRCFL
279,CC(C)N(CCCNC(=O)NC1=CC=C(C=C1)C(C)(C)C)C[C@@H]2[C@H]([C@H]([C@@H](O2)N3C=C(C4=C(N=CN=C43)N)Br)O)O,Low,6.2,1,CC(C)N(CCCNC(=O)Nc1ccc(C(C)(C)C)cc1)C[C@H]1O[C@@H](n2cc(Br)c3c(N)ncnc32)[C@H](O)[C@@H]1O,IQCKJUKAQJINMK-HUBRGWSESA-N,IQCKJUKAQJINMK
280,CN(C)CCN1C(=NN=N1)SCC2=C(N3[C@@H]([C@@H](C3=O)NC(=O)CC4=CSC(=N4)N)SC2)C(=O)O.Cl,Low,6.0,1,CN(C)CCn1nnnc1SCC1=C(C(=O)O)N2C(=O)C(NC(=O)Cc3csc(N)n3)[C@H]2SC1,QYQDKDWGWDOFFU-WPZCJLIBSA-N,QYQDKDWGWDOFFU
281,CC1([C@@H](N2[C@H](S1)[C@@H](C2=O)NC(=O)COC3=CC=CC=C3)C(=O)[O-])C,Low,6.0,1,CC1(C)S[C@@H]2C(NC(=O)COc3ccccc3)C(=O)N2C1C(=O)O,BPLBGHOLXOTWMN-ORHYLEIMSA-N,BPLBGHOLXOTWMN
282,CC(CC1=CC2=C(C=C1)OCO2)NCC(C3=CC(=C(C=C3)O)O)O,Low,6.0,1,CC(Cc1ccc2c(c1)OCO2)NCC(O)c1ccc(O)c(O)c1,LUMAEVHDZXIGEP-UHFFFAOYSA-N,LUMAEVHDZXIGEP
283,C1CCC(CC1)NC(=O)OC2=CC(=CC(=C2)O)C3=CC(=CC=C3)C(=O)N,Low,6.0,1,NC(=O)c1cccc(-c2cc(O)cc(OC(=O)NC3CCCCC3)c2)c1,SVYQXUKEUSEONO-UHFFFAOYSA-N,SVYQXUKEUSEONO
284,C1=CC=C2C(=C1)C(=NS2(=O)=O)NC3=CC(=CC=C3)NC(=O)CCl,Low,5.9,1,O=C(CCl)Nc1cccc(N=C2NS(=O)(=O)c3ccccc32)c1,JWMFLBAPPIWNGG-UHFFFAOYSA-N,JWMFLBAPPIWNGG
285,C1=CC(=CC=C1/C=C/C2=CC(=CC(=C2)O)O)O,Low,5.0,1,Oc1ccc(C=Cc2cc(O)cc(O)c2)cc1,LUKBXSAWLPMMSZ-UHFFFAOYSA-N,LUKBXSAWLPMMSZ
286,CC1CN(CCN1)C2=C(C=C3C(=C2)N(C=C(C3=O)C(=O)O)C4=C(C=C(C=C4)F)F)F,Low,5.0,1,CC1CN(c2cc3c(cc2F)c(=O)c(C(=O)O)cn3-c2ccc(F)cc2F)CCN1,QKDHBVNJCZBTMR-UHFFFAOYSA-N,QKDHBVNJCZBTMR
287,CC(=O)NC[C@H]1CN(C(=O)O1)C2=CC(=C(C=C2)N3CCOCC3)F,Low,5.0,1,CC(=O)NC[C@H]1CN(c2ccc(N3CCOCC3)c(F)c2)C(=O)O1,TYZROVQLWOKYKF-ZDUSSCGKSA-N,TYZROVQLWOKYKF
288,C1=CC=C2C=C(C(=CC2=C1)C(=O)N/N=C/C3=CC(=C(C=C3)O)O)O,Low,5.0,1,O=C(NN=Cc1ccc(O)c(O)c1)c1cc2ccccc2cc1O,SYNDQCRDGGCQRZ-UHFFFAOYSA-N,SYNDQCRDGGCQRZ
289,C1CC2=C(C=CS2)C(=C1)C3=CN=CN3,Low,5.0,1,C1=C(c2c[nH]cn2)c2ccsc2CC1,BAADWHDQAKDYLX-UHFFFAOYSA-N,BAADWHDQAKDYLX
290,C[C@H]1CCC[C@@]2([C@@H](O2)C[C@H](NC(=O)C[C@@H](C(C(=O)[C@@H]([C@H]1O)C)(C)C)O)/C(=C/C3=CSC(=N3)C)/C)C,Low,1.7,0,C/C(=C\c1csc(C)n1)[C@@H]1C[C@@H]2O[C@]2(C)CCC[C@H](C)[C@H](O)C(C)C(=O)C(C)(C)[C@@H](O)CC(=O)N1,FABUFPQFXZVHFB-KUCAWJBASA-N,FABUFPQFXZVHFB
291,CC[C@@]1(C2=C(COC1=O)C(=O)N3CC4=CC5=C(C=CC(=C5CN(C)C)O)N=C4C3=C2)O.Cl,Low,1.37,0,CC[C@@]1(O)C(=O)OCc2c1cc1n(c2=O)Cc2cc3c(CN(C)C)c(O)ccc3nc2-1,UCFGDBYHRUNTLO-QHCPKHFHSA-N,UCFGDBYHRUNTLO
292,CCOC(=N)C1=NC2=C(S1)C3=C(C=C2)N=CN=C3NC4=CC(=C(C=C4Cl)F)F,Low,1.2,0,CCOC(=N)c1nc2ccc3ncnc(Nc4cc(F)c(F)cc4Cl)c3c2s1,VDNZVVPEBHTJCM-UHFFFAOYSA-N,VDNZVVPEBHTJCM
293,CC1=C(N2C(C(C2=O)NC(=O)C(C3=CCC=CC3)N)SC1)C(=O)O,Low,1.0,0,CC1=C(C(=O)O)N2C(=O)C(NC(=O)C(N)C3=CCC=CC3)C2SC1,RDLPVSKMFDYCOR-UHFFFAOYSA-N,RDLPVSKMFDYCOR
294,CC(=O)OCC1=C(N2[C@@H]([C@@H](C2=O)N)SC1)C(=O)O,Low,1.0,0,CC(=O)OCC1=C(C(=O)O)N2C(=O)C(N)C2SC1,HSHGZXNAXBPPDL-UHFFFAOYSA-N,HSHGZXNAXBPPDL
295,CC1=C2COC(=O)C2=C(C(=C1OC)C/C=C(\C)/CCC(=O)O)O,Low,1.0,0,COc1c(C)c2c(c(O)c1C/C=C(\C)CCC(=O)O)C(=O)OC2,HPNSFSBZBAHARI-RUDMXATFSA-N,HPNSFSBZBAHARI
296,C1C(=C(N2[C@H](S1)[C@@H](C2=O)NC(=O)CC3=CC=CC=C3CN)C(=O)O)CSC4=NN=NN4CC(=O)O,Low,1.0,0,NCc1ccccc1CC(=O)NC1C(=O)N2C(C(=O)O)=C(CSc3nnnn3CC(=O)O)CS[C@H]12,SLAYUXIURFNXPG-KPMSDPLLSA-N,SLAYUXIURFNXPG
297,CN1C(=NN=N1)SCC2=C(N3[C@@H]([C@@](C3=O)(NC(=O)C4SC(=C(C(=O)N)C(=O)O)S4)OC)SC2)C(=O)O,Low,1.0,0,CO[C@@]1(NC(O)=c2sc(=C(C(N)=O)C(=O)O)s2)C(=O)N2C(C(=O)O)=C(CSc3nnnn3C)CS[C@@H]21,SMRZELGKBINBNK-WBVHZDCISA-N,SMRZELGKBINBNK
298,CCOC1=C(C2=CC=CC=C2C=C1)C(=O)N[C@H]3[C@@H]4N(C3=O)[C@H](C(S4)(C)C)C(=O)[O-].O.[Na+],Low,1.0,0,CCOc1ccc2ccccc2c1C(=O)NC1C(=O)N2C(C(=O)O)C(C)(C)S[C@H]12,GPXLMGHLHQJAGZ-LADRWXRNSA-N,GPXLMGHLHQJAGZ
299,CN1C(=NN=N1)SCC2=C(N3[C@@H]([C@@](C3=O)(NC(=O)C(C4=CC=C(C=C4)O)C(=O)[O-])OC)OC2)C(=O)[O-].[Na+].[Na+],Low,1.0,0,CO[C@@]1(NC(=O)C(C(=O)O)c2ccc(O)cc2)C(=O)N2C(C(=O)O)=C(CSc3nnnn3C)CO[C@@H]21,JWCSIUVGFCSJCK-CAVRMKNVSA-N,JWCSIUVGFCSJCK
300,C[N+]1(CCCC1)CC2=C(N3[C@@H]([C@@H](C3=O)NC(=O)/C(=N\OC)/C4=CSC(=N4)N)SC2)C(=O)O,Low,1.0,0,CON=C(C(=O)NC1C(=O)N2C(C(=O)O)=C(C[N+]3(C)CCCC3)CS[C@H]12)c1csc(N)n1,HVFLCNVBZFFHBT-LRHAYUFXSA-O,HVFLCNVBZFFHBT
301,CC1=C(C(CCC1)(C)C)/C=C/C(=C/C=C/C(=C/C(=O)O)/C)/C,Low,1.0,0,CC1=C(/C=C/C(C)=C/C=C/C(C)=C/C(=O)O)C(C)(C)CCC1,SHGAZHPCJJPHSC-YCNIQYBTSA-N,SHGAZHPCJJPHSC
302,C1[C@@H](O[C@@H](S1)CO)N2C=CC(=NC2=O)N,Low,1.0,0,Nc1ccn([C@H]2CS[C@@H](CO)O2)c(=O)n1,JTEGQNOMFQHVDC-RQJHMYQMSA-N,JTEGQNOMFQHVDC
303,CN1C=C(C2=CC=CC=C21)C3=C(C(=O)NC3=O)C4=CN(C5=CC=CC=C54)CCCSC(=N)N,Low,1.0,0,Cn1cc(C2=C(c3cn(CCCSC(=N)N)c4ccccc34)C(=O)NC2=O)c2ccccc21,DSXXEELGXBCYNQ-UHFFFAOYSA-N,DSXXEELGXBCYNQ
304,CC1([C@@H](N2[C@H](S1)[C@@H](C2=O)NC(=O)C3=C(C=CC=C3OC)OC)C(=O)[O-])C.O.[Na+],Low,1.0,0,COc1cccc(OC)c1C(=O)NC1C(=O)N2C(C(=O)O)C(C)(C)S[C@H]12,RJQXTJLFIWVMTO-KOHJWAIASA-N,RJQXTJLFIWVMTO
305,C1C(=C(N2C(S1)C(C2=O)NC(=O)CC3=CC=CS3)C(=O)[O-])C[N+]4=CC=CC=C4,Low,1.0,0,O=C(Cc1cccs1)NC1C(=O)N2C(C(=O)O)=C(C[n+]3ccccc3)CSC12,CZTQZXZIADLWOZ-UHFFFAOYSA-O,CZTQZXZIADLWOZ
306,C=CC1=C(N2[C@@H]([C@@H](C2=O)NC(=O)/C(=N\O)/C3=CSC(=N3)N)SC1)C(=O)O,Low,1.0,0,C=CC1=C(C(=O)O)N2C(=O)C(NC(=O)C(=NO)c3csc(N)n3)[C@H]2SC1,RTXOFQZKPXMALH-LESKNEHBSA-N,RTXOFQZKPXMALH
307,CNS(=O)(=O)CC1=CC2=C(C=C1)NC=C2CCN(C)C,Low,1.0,0,CNS(=O)(=O)Cc1ccc2[nH]cc(CCN(C)C)c2c1,KQKPFRSPSRPDEB-UHFFFAOYSA-N,KQKPFRSPSRPDEB
308,CC1=C(C(N2C(=C(C=N2)C(=O)NC3=CC=C(C=C3)F)N1)C4=CC=C(C=C4)Cl)C(=O)NC5=CC=CC=C5OC,Low,1.0,0,COc1ccccc1NC(=O)C1C(C)=Nc2c(C(=O)Nc3ccc(F)cc3)cnn2C1c1ccc(Cl)cc1,CHBBIIZZDZMMDX-UHFFFAOYSA-N,CHBBIIZZDZMMDX
309,COC1=C(C=C(C=C1)Cl)NC(=O)C2=C(C3=CC4=C(C5CCN4CC5)N=C3S2)N,Low,1.0,0,COc1ccc(Cl)cc1NC(=O)c1sc2nc3c(cc2c1N)N1CCC3CC1,PZQIKQAAFQWRDM-UHFFFAOYSA-N,PZQIKQAAFQWRDM
310,CC(C)(C)NC(=O)[C@@H]1CN(CCN1C[C@H](C[C@@H](CC2=CC=CC=C2)C(=O)N[C@@H]3[C@@H](CC4=CC=CC=C34)O)O)CC5=CN=CC=C5,Low,1.0,0,CC(C)(C)NC(=O)C1CN(Cc2cccnc2)CCN1C[C@@H](O)CC(Cc1ccccc1)C(=O)N[C@H]1c2ccccc2C[C@H]1O,CBVCZFGXHXORBI-IXVTTXLYSA-N,CBVCZFGXHXORBI
311,C1=NC(=C2C(=N1)N(C=N2)[C@@H]3[C@H]([C@H]([C@@H](O3)CSCC[C@H](C(=O)O)N)O)O)N,Low,1.0,0,Nc1ncnc2c1ncn2[C@H]1O[C@@H](CSCCC(N)C(=O)O)[C@H](O)[C@@H]1O,ZJUKTBDSGOFHSH-DMDBJEJLSA-N,ZJUKTBDSGOFHSH
312,CC1C2=C(CC(N1)C(=O)O)C3=CC=CC=C3N2,Low,1.0,0,CC1NC(C(=O)O)Cc2c1[nH]c1ccccc21,ZUPHXNBLQCSEIA-UHFFFAOYSA-N,ZUPHXNBLQCSEIA
313,CC(C)[C@@]12[C@@H](O1)[C@H]3[C@@]4(O3)[C@]5(CCC6=C([C@@H]5C[C@H]7[C@]4([C@@H]2O)O7)COC6=O)C,Low,1.0,0,CC(C)[C@]12O[C@H]1[C@@H]1O[C@]13[C@]1(O[C@H]1C[C@H]1C4=C(CC[C@@]13C)C(=O)OC4)[C@@H]2O,DFBIRQPKNDILPW-CIVMWXNOSA-N,DFBIRQPKNDILPW
314,C1C[C@H](N(C1)C(=O)[C@H](CC2=CC=C(C=C2)O)N)C(=O)N[C@@H](CC3=CC=CC=C3)C(=O)N[C@@H](CC4=CC=CC=C4)C(=O)N,Low,1.0,0,NC(=O)C(Cc1ccccc1)NC(=O)C(Cc1ccccc1)NC(=O)C1CCCN1C(=O)C(N)Cc1ccc(O)cc1,XIJHWXXXIMEHKW-UHFFFAOYSA-N,XIJHWXXXIMEHKW
315,CSCC[C@@H](C(=O)O)NC(=O)[C@H](CC1=CC=CC=C1)NC(=O)CNC(=O)CNC(=O)[C@H](CC2=CC=C(C=C2)O)N,Low,1.0,0,CSCCC(NC(=O)C(Cc1ccccc1)NC(=O)CNC(=O)CNC(=O)C(N)Cc1ccc(O)cc1)C(=O)O,YFGBQHOOROIVKG-UHFFFAOYSA-N,YFGBQHOOROIVKG
316,C[C@H]([C@@H]1[C@@H]2N(C1=O)C(=C(S2)[C@H]3CCCO3)C(=O)O)O,Low,1.0,0,C[C@@H](O)C1C(=O)N2C(C(=O)O)=C([C@H]3CCCO3)S[C@H]12,HGGAKXAHAYOLDJ-HRMXVXCJSA-N,HGGAKXAHAYOLDJ
317,C1=CC=C(C=C1)COC2=CC=CC=C2C(C3=CC(=CC=C3)F)OC[C@@H](C(=O)O)N,Low,1.0,0,NC(COC(c1cccc(F)c1)c1ccccc1OCc1ccccc1)C(=O)O,ADUSZEGHFWRTQS-UHFFFAOYSA-N,ADUSZEGHFWRTQS
318,CC1=NC=C(C(=C1O)C=O)COP(=O)(O)O.O,Low,1.0,0,Cc1ncc(COP(=O)(O)O)c(C=O)c1O,NGVDGCNFYWLIFO-UHFFFAOYSA-N,NGVDGCNFYWLIFO
319,CN1CCCC(=C(C2=CC=CS2)C3=CC=CS3)C1,Low,1.0,0,CN1CCCC(=C(c2cccs2)c2cccs2)C1,JWIXXNLOKOAAQT-UHFFFAOYSA-N,JWIXXNLOKOAAQT
320,CC1=CC(=O)C(=CN1)C(=O)N[C@H](C2=CC=C(C=C2)O)C(=O)N[C@H]3[C@@H]4N(C3=O)C(=C(CS4)CSC5=NN=NN5C)C(=O)O,Low,1.0,0,Cc1cc(=O)c(C(=O)NC(C(=O)NC2C(=O)N3C(C(=O)O)=C(CSc4nnnn4C)CS[C@H]23)c2ccc(O)cc2)c[nH]1,PWAUCHMQEXVFJR-QPFKGPCDSA-N,PWAUCHMQEXVFJR
321,CO/N=C(\C1=CSC(=N1)N)/C(=O)N[C@H]2[C@@H]3N(C2=O)C(=CCS3)C(=O)[O-],Low,1.0,0,CON=C(C(=O)NC1C(=O)N2C(C(=O)O)=CCS[C@H]12)c1csc(N)n1,NNULBSISHYWZJU-QHDYGNBISA-N,NNULBSISHYWZJU
322,C1[C@H](OC2=C([C@]13C(=O)NC(=O)N3)C=C(C=C2)F)C(=O)N,Low,1.0,0,NC(=O)C1C[C@]2(NC(=O)NC2=O)c2cc(F)ccc2O1,WAAPEIZFCHNLKK-MYIOLCAUSA-N,WAAPEIZFCHNLKK
323,C1=C(N=C(S1)N)/C(=N/OCC(=O)[O-])/C(=O)N[C@H]2[C@H](N(C2=O)S(=O)(=O)[O-])COC(=O)N.[Na+].[Na+],Low,1.0,0,NC(=O)OC[C@@H]1C(=NC(=O)C(NOCC(=O)O)c2csc(N)n2)C(=O)N1S(=O)(=O)O,IDGIWLYTKRMSEG-FOUAAFFMSA-N,IDGIWLYTKRMSEG
324,COC1=CC=C(C=C1)C2=C(ON=C2C3=CC=C(C=C3)OC)CC(=O)O,Low,1.0,0,COc1ccc(-c2noc(CC(=O)O)c2-c2ccc(OC)cc2)cc1,DJEIHHYCDCTAAH-UHFFFAOYSA-N,DJEIHHYCDCTAAH
325,CC1=C(SC(=N1)SCC2=C(N3[C@@H]([C@@H](C3=O)NC(=O)/C(=N\OC)/C4=CSC(=N4)N)SC2)C(=O)[O-])CC(=O)[O-].[Na+].[Na+],Low,1.0,0,CON=C(C(=O)NC1C(=O)N2C(C(=O)O)=C(CSc3nc(C)c(CC(=O)O)s3)CS[C@H]12)c1csc(N)n1,XDZKBRJLTGRPSS-LRHAYUFXSA-N,XDZKBRJLTGRPSS
326,CC(=O)OC[C@H]1[C@@H]([C@H]([C@@H](O1)N2C=CC(=O)NC2=O)OC(=O)C)OC(=O)C,Low,1.0,0,CC(=O)OC[C@@H]1O[C@@H](n2ccc(=O)[nH]c2=O)[C@H](OC(C)=O)[C@H]1OC(C)=O,AUFUWRKPQLGTGF-SCUASFONSA-N,AUFUWRKPQLGTGF
327,COC(=O)C1=CC=CC=C1O[C@H]2[C@@H]([C@H]([C@@H]([C@H](O2)CO[C@H]3[C@@H]([C@H]([C@@H](CO3)O)O)O)O)O)O,Low,1.0,0,COC(=O)c1ccccc1O[C@@H]1O[C@H](CO[C@@H]2OC[C@@H](O)[C@H](O)[C@H]2O)[C@@H](O)[C@H](O)[C@H]1O,VHUNCYDAXJGCLO-AHMNSWSSSA-N,VHUNCYDAXJGCLO
328,C[N+]1(CC(CC(=C(C2=CC=CS2)C3=CC=CS3)C1)OC)C.[Br-],Low,1.0,0,COC1CC(=C(c2cccs2)c2cccs2)C[N+](C)(C)C1,PDYOTUCJOLELJU-UHFFFAOYSA-N,PDYOTUCJOLELJU
329,CCOC(=O)[C@H](CCC1=CC=CC=C1)N[C@@H](C)C(=O)N2[C@@H](CN(C2=O)C)C(=O)O.Cl,Low,1.0,0,CCOC(=O)C(CCc1ccccc1)NC(C)C(=O)N1C(=O)N(C)CC1C(=O)O,KLZWOWYOHUKJIG-UHFFFAOYSA-N,KLZWOWYOHUKJIG
330,CC1([C@@H](N2[C@H](S1)[C@@H](C2=O)NC(=O)C(C3=CC=CC=C3)C(=O)OC4=CC5=C(CCC5)C=C4)C(=O)O)C,Low,1.0,0,CC1(C)S[C@@H]2C(NC(=O)C(C(=O)Oc3ccc4c(c3)CCC4)c3ccccc3)C(=O)N2C1C(=O)O,JIRBAUWICKGBFE-WLGUPRKESA-N,JIRBAUWICKGBFE
331,C1=CN(C(=N1)[N+](=O)[O-])CO[C@@H](CO)[C@@H](CO)O,Low,1.0,0,O=[N+]([O-])c1nccn1CO[C@@H](CO)[C@H](O)CO,FIITXXIVUIXYMI-RQJHMYQMSA-N,FIITXXIVUIXYMI
332,CC/C=C(/C1=CSC(=N1)N)\C(=O)N[C@H]2[C@@H]3N(C2=O)C(=C(CS3)COC(=O)N)C(=O)OCOC(=O)C(C)(C)C.Cl,Low,1.0,0,CCCC(C(=O)N=C1C(=O)N2C(C(=O)OCOC(=O)C(C)(C)C)=C(COC(N)=O)CS[C@H]12)c1csc(N)n1,QUHCHUHSFDMLAB-VMHBGOFLSA-N,QUHCHUHSFDMLAB
333,CC#CCC(C)[C@@H](/C=C/[C@H]1[C@@H](C[C@H]2[C@@H]1C3=CC=CC(=C3O2)CCCC(=O)[O-])O)O.[Na+],Low,1.0,0,CC#CCC(C)[C@H](O)/C=C/[C@@H]1[C@H]2c3cccc(CCCC(=O)O)c3O[C@H]2C[C@H]1O,CTPOHARTNNSRSR-APJZLKAGSA-N,CTPOHARTNNSRSR
334,CC[N+]1(CCC(=C(C2=CC=CC=C2)C3=CC=CC=C3)C1C)CC.[Br-],Low,1.0,0,CC[N+]1(CC)CCC(=C(c2ccccc2)c2ccccc2)C1C,ZYEPZINLLPPBMI-UHFFFAOYSA-N,ZYEPZINLLPPBMI
335,CCCCCCCCC1=CC=C(C=C1)CCC(CO)(CO)N,Low,1.0,0,CCCCCCCCc1ccc(CCC(N)(CO)CO)cc1,KKGQTZUTZRNORY-UHFFFAOYSA-N,KKGQTZUTZRNORY
336,COC(=O)C[C@@H](C(=O)OC)N1C=NC2=C(C1=N)C(=CN2CC3=CC=C(C=C3)Br)C4=CC=CC=C4,Low,1.0,0,COC(=O)CC(C(=O)OC)n1cnc2c(c(-c3ccccc3)cn2Cc2ccc(Br)cc2)c1=N,LBHGEDPMCVCDIK-UHFFFAOYSA-N,LBHGEDPMCVCDIK
337,C1=CC=C(C=C1)C[C@@H](CO)N2C=NC3=C(C2=N)C(=C(N3CC4=CC=CC=C4)C5=CC=CC=C5)C6=CC=CC=C6,Low,1.0,0,N=c1c2c(-c3ccccc3)c(-c3ccccc3)n(Cc3ccccc3)c2ncn1[C@H](CO)Cc1ccccc1,KHVUAYKUOMINDG-LJAQVGFWSA-N,KHVUAYKUOMINDG
338,CN1CC[C@]23[C@@H]4[C@H]1CC5=C2C(=C(C=C5)O)O[C@H]3[C@H](C=C4)O.CN1CC[C@]23[C@@H]4[C@H]1CC5=C2C(=C(C=C5)O)O[C@H]3[C@H](C=C4)O.O.O.O.O.O.OS(=O)(=O)O,Low,1.0,0,CN1CC[C@]23c4c5ccc(O)c4O[C@H]2[C@@H](O)C=C[C@H]3[C@H]1C5,BQJCRHHNABKAKU-KBQPJGBKSA-N,BQJCRHHNABKAKU
339,CCOC(CCCN1C=NC2=C(C1=N)C(=C(N2CCC3=CC=CC=C3)C4=CC=CC=C4)C5=CC=CC=C5)OCC,Low,1.0,0,CCOC(CCCn1cnc2c(c(-c3ccccc3)c(-c3ccccc3)n2CCc2ccccc2)c1=N)OCC,XESPAGUKZNOOPH-UHFFFAOYSA-N,XESPAGUKZNOOPH
340,C1=CC=C(C=C1)CCN2C(=C(C3=C2N=CN(C3=N)[C@@H](CC4=CC=CC=C4)CO)C5=CC=CC=C5)C6=CC=CC=C6,Low,1.0,0,N=c1c2c(-c3ccccc3)c(-c3ccccc3)n(CCc3ccccc3)c2ncn1[C@H](CO)Cc1ccccc1,NIQJVCSPJYJAJX-PMERELPUSA-N,NIQJVCSPJYJAJX
341,CC1=C(N2[C@@H]([C@@H](C2=O)N)SC1)C(=O)O,Low,1.0,0,CC1=C(C(=O)O)N2C(=O)C(N)C2SC1,NVIAYEIXYQCDAN-UHFFFAOYSA-N,NVIAYEIXYQCDAN
342,C1C2=CC=CC=C2C(=O)C3=C(O1)C=CC(=C3)CC(=O)O,Low,1.0,0,O=C(O)Cc1ccc2c(c1)C(=O)c1ccccc1CO2,QFGMXJOBTNZHEL-UHFFFAOYSA-N,QFGMXJOBTNZHEL
343,CCOC(=O)C1=CC(=O)C2=C(O1)C=CC=C2OCC(COC3=CC=CC4=C3C(=O)C=C(O4)C(=O)OCC)OC(=O)[C@H](CCCCN)N,Low,1.0,0,CCOC(=O)c1cc(=O)c2c(OCC(COc3cccc4oc(C(=O)OCC)cc(=O)c34)OC(=O)C(N)CCCCN)cccc2o1,NGJJDHCBOKNREV-UHFFFAOYSA-N,NGJJDHCBOKNREV
344,CC1=C(C2=CC=CC=C2N1)CCNCC3=CC=C(C=C3)C=CC(=O)NO,Low,1.0,0,Cc1[nH]c2ccccc2c1CCNCc1ccc(C=CC(=O)NO)cc1,FPOHNWQLNRZRFC-UHFFFAOYSA-N,FPOHNWQLNRZRFC
345,CCCCCCCCCC(=O)O[C@H]1CC[C@@H]2[C@@]1(CC[C@H]3[C@H]2CCC4=CC(=O)CC[C@H]34)C,Low,1.0,0,CCCCCCCCCC(=O)O[C@H]1CC[C@H]2[C@@H]3CC=C4CC(=O)CCC4[C@H]3CC[C@]12C,BIGVGNXBSPFFKD-OFPAOALHSA-N,BIGVGNXBSPFFKD
346,C1=CC(=CC=C1[C@@H]2[C@H](C(=O)N2C3=CC=C(C=C3)F)CC[C@@H](C4=CC=C(C=C4)F)O)O,Low,1.0,0,O=C1C(CC[C@H](O)c2ccc(F)cc2)[C@@H](c2ccc(O)cc2)N1c1ccc(F)cc1,OLNTVTPDXPETLC-ATTQYFOMSA-N,OLNTVTPDXPETLC
347,CN1C(=NN=N1)SCC2=C(N3C([C@H](C3=O)NC(=O)C(C4=CC=CC=C4)O)SC2)C(=O)[O-],Low,1.0,0,Cn1nnnc1SCC1=C(C(=O)O)N2C(=O)C(NC(=O)C(O)c3ccccc3)C2SC1,OLVCFLKTBJRLHI-UHFFFAOYSA-N,OLVCFLKTBJRLHI
348,CC(C(=O)N1C(CN(C1=O)C)C(=O)O)NC(CCC2=CC=CC=C2)C(=O)O,Low,1.0,0,CC(NC(CCc1ccccc1)C(=O)O)C(=O)N1C(=O)N(C)CC1C(=O)O,VFAVNRVDTAPBNR-UHFFFAOYSA-N,VFAVNRVDTAPBNR
349,CN1C(=NN=N1)SCC2=C(N3[C@@H]([C@@H](C3=O)NC(=O)[C@@H](C4=CC=CC=C4)OC=O)SC2)C(=O)[O-],Low,1.0,0,Cn1nnnc1SCC1=C(C(=O)O)N2C(=O)C(NC(=O)C(OC=O)c3ccccc3)[C@H]2SC1,RRJHESVQVSRQEX-MKTAYPAQSA-N,RRJHESVQVSRQEX
350,CCS(=O)(=O)N1CC(C1)(CC#N)N2C=C(C=N2)C3=C4C=CNC4=NC=N3,Low,1.0,0,CCS(=O)(=O)N1CC(CC#N)(n2cc(-c3ncnc4[nH]ccc34)cn2)C1,XUZMWHLSFXCVMG-UHFFFAOYSA-N,XUZMWHLSFXCVMG
351,CON=C(C1=CSC(=N1)N)C(=O)N[C@H]2[C@@H]3N(C2=O)C(=C(CS3)CN4C=CC(=N)N4CCO)C(=O)O,Low,1.0,0,CON=C(C(=O)NC1C(=O)N2C(C(=O)O)=C(Cn3ccc(=N)n3CCO)CS[C@H]12)c1csc(N)n1,ZINFAXPQMLDEEJ-LRHAYUFXSA-N,ZINFAXPQMLDEEJ
352,C1COCCC1CNC(=O)C2=CN=C(N=C2C(F)(F)F)NC3=C(C=C(C=C3)Cl)Cl,Low,1.0,0,O=C(NCC1CCOCC1)c1cnc(Nc2ccc(Cl)cc2Cl)nc1C(F)(F)F,TWQYWUXBZHPIIV-UHFFFAOYSA-N,TWQYWUXBZHPIIV
353,CC(C)N(C[C@@H]1[C@H]([C@H]([C@@H](O1)N2C=NC3=C(N=CN=C32)N)O)O)C4CC(C4)CCC5=NC6=C(N5)C=C(C=C6)C(C)(C)C,Low,1.0,0,CC(C)N(C[C@H]1O[C@@H](n2cnc3c(N)ncnc32)[C@H](O)[C@@H]1O)C1CC(CCc2nc3cc(C(C)(C)C)ccc3[nH]2)C1,LXFOLMYKSYSZQS-XKHGBIBOSA-N,LXFOLMYKSYSZQS
354,CC(C)N(CCCNC(=O)NC1=CC=C(C=C1)C(C)(C)C)C[C@@H]2[C@H]([C@H]([C@@H](O2)N3C=CC4=C(N=CN=C43)N)O)O,Low,1.0,0,CC(C)N(CCCNC(=O)Nc1ccc(C(C)(C)C)cc1)C[C@H]1O[C@@H](n2ccc3c(N)ncnc32)[C@H](O)[C@@H]1O,WXRGFPHDRFQODR-ICLZECGLSA-N,WXRGFPHDRFQODR
355,C1CC(CCC1CCN2CCC3=C(C2)C=CC(=C3)C#N)NC(=O)C4=CC=NC5=CC=CC=C45,Low,1.0,0,N#Cc1ccc2c(c1)CCN(CCC1CCC(NC(=O)c3ccnc4ccccc34)CC1)C2,OLWRVVHPJFLNPW-UHFFFAOYSA-N,OLWRVVHPJFLNPW
356,C1CN[C@@H]1COC2=CN=CC(=C2)C#CCCCCO,Low,1.0,0,OCCCCC#Cc1cncc(OC[C@@H]2CCN2)c1,WONBUILDJNKYCB-AWEZNQCLSA-N,WONBUILDJNKYCB
357,CCO[C@H]1[C@H](CC(=O)O1)NC(=O)[C@@H]2CCCN3N2C(=O)[C@H](CCC3=O)NC(=O)C4=NC=CC5=CC=CC=C54,Low,1.0,0,CCO[C@@H]1OC(=O)C[C@@H]1NC(=O)C1CCCN2C(=O)CCC(NC(=O)c3nccc4ccccc34)C(=O)N12,CXAGHAZMQSCAKJ-KJALVQQDSA-N,CXAGHAZMQSCAKJ
358,C[C@@H]1C[C@H]([C@]2([C@@H](O1)O[C@@H]3CC4CC[C@@H]5C([C@]4(C[C@H]3O2)C=O)CC[C@]6([C@@]5(CC[C@@H]6C7=CC(=O)OC7)O)C)O)O,Low,1.0,0,C[C@@H]1C[C@@H](O)[C@]2(O)O[C@@H]3C[C@@]4(C=O)C(CC[C@@H]5C4CC[C@]4(C)[C@@H](C6=CC(=O)OC6)CC[C@]54O)C[C@H]3O[C@@H]2O1,OWPWFVVPBYFKBG-YJUZHQNUSA-N,OWPWFVVPBYFKBG
359,COC1=CC(=CC2=C1OC(C2CO)C3=CC(=C(C=C3)O)OC)CCCO,Low,1.0,0,COc1cc(C2Oc3c(OC)cc(CCCO)cc3C2CO)ccc1O,SBLZVJIHPWRSQQ-UHFFFAOYSA-N,SBLZVJIHPWRSQQ
360,CC(C)(C)C1=CC2=C(C=C1)[C@@H](CC2)NC(=O)NC3=CC=CC4=C3C=NN4,Low,1.0,0,CC(C)(C)c1ccc2c(c1)CC[C@H]2NC(=O)Nc1cccc2[nH]ncc12,TYOYXJNGINZFET-GOSISDBHSA-N,TYOYXJNGINZFET
361,C1=C(C=C(C=C1C(=O)NCCO)C(=O)NCCO)C(=O)NCCO,Low,1.0,0,O=C(NCCO)c1cc(C(=O)NCCO)cc(C(=O)NCCO)c1,RGWJKANXFYJKHN-UHFFFAOYSA-N,RGWJKANXFYJKHN
362,CC1([C@@H](N2[C@H](S1)[C@@H](C2=O)NC(=O)C(C3=CSC=C3)C(=O)O)C(=O)[O-])C,Low,1.0,0,CC1(C)S[C@@H]2C(NC(=O)C(C(=O)O)c3ccsc3)C(=O)N2C1C(=O)O,OHKOGUYZJXTSFX-ROBJAFKPSA-N,OHKOGUYZJXTSFX
363,C1OC2=C(O1)C=C(C=C2)/C=C\3/C(=O)NC(=N3)NC4=CC=CC=C4,Low,1.0,0,O=C1N=C(Nc2ccccc2)N=C1Cc1ccc2c(c1)OCO2,ZDINVWCJHPMIKS-UHFFFAOYSA-N,ZDINVWCJHPMIKS
364,CC(=O)N1CCN(CC1)C(=O)C2=CC=C(C=C2)C3=NC=C4N3C=C(N=C4)C5=CC(=CC=C5)F,Low,1.0,0,CC(=O)N1CCN(C(=O)c2ccc(-c3ncc4cnc(-c5cccc(F)c5)cn34)cc2)CC1,FTFNRSVBVUFLAE-UHFFFAOYSA-N,FTFNRSVBVUFLAE
365,C1=CC=C(C=C1)C2=CN3C(=CN=C3C4=CC=C(C=C4)C(=O)O)C=N2,Low,1.0,0,O=C(O)c1ccc(-c2ncc3cnc(-c4ccccc4)cn23)cc1,UQVJPNWAMVJQFK-UHFFFAOYSA-N,UQVJPNWAMVJQFK
366,C1=CC(=CC(=C1)F)C2=CN3C(=CN=C3C4=CC=C(C=C4)C(=O)NCCC5=CN=CN5)C=N2,Low,1.0,0,O=C(NCCc1c[nH]cn1)c1ccc(-c2ncc3cnc(-c4cccc(F)c4)cn23)cc1,QUBOHTQCPXQKTE-UHFFFAOYSA-N,QUBOHTQCPXQKTE
367,C1C[C@@H](C[C@H]1NC2=NC=CC(=N2)C3=CC=NC=C3)NC(=O)CNC(=O)N,Low,1.0,0,NC(=O)NCC(=O)N[C@H]1CC[C@H](Nc2nccc(-c3ccncc3)n2)C1,LBIFWJBFUWPZLT-STQMWFEESA-N,LBIFWJBFUWPZLT
368,CC(C)CN(CC(=O)N(CCCN1CCCC1=O)CC(=O)N)C(=O)CNCCC2=CC=CC=C2F,Low,1.0,0,CC(C)CN(CC(=O)N(CCCN1CCCC1=O)CC(N)=O)C(=O)CNCCc1ccccc1F,ODCKWAPNRBCXHV-UHFFFAOYSA-N,ODCKWAPNRBCXHV
369,CC#CC(=O)N1CCC[C@H]1C2=NC(=C3N2C=CN=C3N)C4=CC=C(C=C4)C(=O)NC5=CC=CC=N5,Low,1.0,0,CC#CC(=O)N1CCC[C@H]1c1nc(-c2ccc(C(=O)Nc3ccccn3)cc2)c2c(N)nccn12,WDENQIQQYWYTPO-IBGZPJMESA-N,WDENQIQQYWYTPO
370,C1=CC(=CC=C1C2=CC(=O)C3=C(C(=C(C=C3O2)O[C@H]4[C@@H]([C@H]([C@@H]([C@H](O4)C(=O)O)O)O)O)O)O)O,Low,1.0,0,O=C(O)C1O[C@@H](Oc2cc3oc(-c4ccc(O)cc4)cc(=O)c3c(O)c2O)[C@H](O)[C@@H](O)[C@@H]1O,DJSISFGPUUYILV-FBYGNRARSA-N,DJSISFGPUUYILV
371,C1=CC(=CC=C1CNC2=C3C(=NC=N2)N(C=N3)[C@H]4[C@@H]([C@@H]([C@H](O4)CO)O)O)O,Low,1.0,0,OC[C@H]1O[C@@H](n2cnc3c(NCc4ccc(O)cc4)ncnc32)[C@H](O)[C@@H]1O,UGVIXKXYLBAZND-LSCFUAHRSA-N,UGVIXKXYLBAZND
372,C1CN(CCC1(F)F)C(=O)C2=CC=C(C=C2)C3=CC(=C4C(=C3)C=C(O4)CNC(=O)/C=C/C5=CN=C(C=C5)N)C6=CC=C(C=C6)F,Low,1.0,0,Nc1ccc(C=CC(=O)NCc2cc3cc(-c4ccc(C(=O)N5CCC(F)(F)CC5)cc4)cc(-c4ccc(F)cc4)c3o2)cn1,MRFOPLWJZULAQD-UHFFFAOYSA-N,MRFOPLWJZULAQD
373,C1=NC(=C2C(=N1)N(C=N2)CCNCCCCCO)N,Low,1.0,0,Nc1ncnc2c1ncn2CCNCCCCCO,CVPTTZZCRDVGSU-UHFFFAOYSA-N,CVPTTZZCRDVGSU
374,C1CC[C@H]2[C@@H](C1)C[C@H](N2C(=O)[C@@H]3C[C@H]3C4=CC=CC=C4)C(=O)N5CCSC5,Low,1.0,0,O=C(C1C[C@@H]2CCCC[C@@H]2N1C(=O)C1C[C@H]1c1ccccc1)N1CCSC1,NXSXRIHXEQSYEZ-WKKAHXHTSA-N,NXSXRIHXEQSYEZ
375,CC1=NC(=CC=C1)NC(=O)C2=C(C=C(C=C2)C(F)(F)F)C(=O)O,Low,1.0,0,Cc1cccc(NC(=O)c2ccc(C(F)(F)F)cc2C(=O)O)n1,JWCUSQCZMQIBMR-UHFFFAOYSA-N,JWCUSQCZMQIBMR
376,C1CNC2=C(C(=O)C2=O)N(C1)CCP(=O)(O)O,Low,1.0,0,O=c1c2c(c1=O)N(CCP(=O)(O)O)CCCN2,BDABGOLMYNHHTR-UHFFFAOYSA-N,BDABGOLMYNHHTR
377,CCC1=C(C2=CC3=C(C(=C(N3)C=C4[C@H]([C@@H](C(=N4)C(=C5C(=C(C(=N5)C=C1N2)C)C(=O)O)CC(=O)N[C@@H](CC(=O)O)C(=O)O)CCC(=O)O)C)C)C=C)C,Low,1.0,0,C=Cc1c(C)c2[nH]c1=Cc1[nH]c(c(=CC)c1C)=Cc1[nH]c(c(C(=O)O)c1C)C(CC(=O)NC(CC(=O)O)C(=O)O)=C1N=C(C=2)[C@@H](C)C1CCC(=O)O,OGBIMVRFEGANAI-KLJXIMFWSA-N,OGBIMVRFEGANAI
378,CCN1CCN(C(=O)C1=O)C(=O)N[C@H]([C@H](C)O)C(=O)N[C@]2([C@@H]3N(C2=O)C(=C(CS3)CSC4=NN=NN4C)C(=O)O)OC,Low,1.0,0,CCN1CCN(C(=O)NC(C(=O)N[C@]2(OC)C(=O)N3C(C(=O)O)=C(CSc4nnnn4C)CS[C@@H]32)[C@H](C)O)C(=O)C1=O,SMSRCGPDNDCXFR-PLSIIPPCSA-N,SMSRCGPDNDCXFR
379,COCCOCCOCCOCCOCCOCCOCCO[C@H]1CC[C@]2([C@H]3CC4=C5[C@]2([C@H]1OC5=C(C=C4)O)CCN3CC=C)O,Low,1.0,0,C=CCN1CC[C@]23c4c5ccc(O)c4O[C@H]2[C@@H](OCCOCCOCCOCCOCCOCCOCCOC)CC[C@@]3(O)[C@H]1C5,XNKCCCKFOQNXKV-ZRSCBOBOSA-N,XNKCCCKFOQNXKV
380,C1C[C@H](N2[C@H](C1)SCC[C@@H](C2=O)NC(=O)[C@H](CC3=CC=CC=C3)S)C(=O)O,Low,1.0,0,O=C(NC1CCS[C@H]2CCCC(C(=O)O)N2C1=O)C(S)Cc1ccccc1,LVRLSYPNFFBYCZ-AUSYRVNMSA-N,LVRLSYPNFFBYCZ
381,C[N+]1=CC=CC(=C1)OC(=O)N(C)CCCCCCN(C)C(=O)OC2=C[N+](=CC=C2)C,Low,1.0,0,CN(CCCCCCN(C)C(=O)Oc1ccc[n+](C)c1)C(=O)Oc1ccc[n+](C)c1,AHZBEVXBKNYXPU-UHFFFAOYSA-N,AHZBEVXBKNYXPU
382,CN1C2=C(C=C(C=C2)N(CCCl)CCCl)N=C1CCCCCCC(=O)NO,Low,1.0,0,Cn1c(CCCCCCC(=O)NO)nc2cc(N(CCCl)CCCl)ccc21,GISXTRIGVCKQBX-UHFFFAOYSA-N,GISXTRIGVCKQBX
383,C1C(CN1C(=O)CBr)([N+](=O)[O-])[N+](=O)[O-],Low,1.0,0,O=C(CBr)N1CC([N+](=O)[O-])([N+](=O)[O-])C1,JODKFOVZURLVTG-UHFFFAOYSA-N,JODKFOVZURLVTG
384,C1CC(=C(N2[C@H]1[C@@H](C2=O)NC(=O)[C@@H](C3=CC=CC=C3)N)C(=O)O)Cl,Low,1.0,0,NC(C(=O)NC1C(=O)N2C(C(=O)O)=C(Cl)CC[C@H]12)c1ccccc1,JAPHQRWPEGVNBT-VOMCLLRMSA-N,JAPHQRWPEGVNBT
385,CC(=O)OCC1=C(N2[C@@H]([C@@H](C2=O)NC(=O)CC#N)SC1)C(=O)O,Low,1.0,0,CC(=O)OCC1=C(C(=O)O)N2C(=O)C(NC(=O)CC#N)[C@H]2SC1,RRYMAQUWDLIUPV-FFFFSGIJSA-N,RRYMAQUWDLIUPV
386,CC(=O)OCC1=C(N2[C@@H]([C@@H](C2=O)NC(=O)[C@@H](C3=CC=CC=C3)N)SC1)C(=O)O,Low,1.0,0,CC(=O)OCC1=C(C(=O)O)N2C(=O)C(NC(=O)C(N)c3ccccc3)[C@H]2SC1,FUBBGQLTSCSAON-QWQCLYJRSA-N,FUBBGQLTSCSAON
387,COCC1=C(N2[C@@H]([C@@H](C2=O)NC(=O)/C(=N\OC)/C3=CSC(=N3)N)SC1)C(=O)O,Low,1.0,0,COCC1=C(C(=O)O)N2C(=O)C(=NC(=O)C(NOC)c3csc(N)n3)[C@H]2SC1,FABCMJIZWLKMHL-AZMWARKLSA-N,FABCMJIZWLKMHL
