,SMILES_raw,status_influx,papyrus_SMILES,papyrus_inchi_key,inchi_connectivity
0,CO[C@H]1/C=C/O[C@@]2(C)Oc3c(C)c(O)c4c(O)c(cc(O)c4c3C2=O)NC(=O)/C(C)=C\C=C\[C@H](C)[C@H](O)[C@@H](C)[C@@H](O)[C@@H](C)[C@H](OC(C)=O)[C@@H]1C,Non-substrate,CO[C@H]1/C=C/O[C@@]2(C)Oc3c(C)c(O)c4c(O)c(cc(O)c4c3C2=O)NC(=O)C(C)=CC=CC(C)[C@H](O)[C@@H](C)[C@@H](O)[C@@H](C)[C@H](OC(C)=O)[C@@H]1C,HJYYPODYNSCCOU-WXCWORQHSA-N,HJYYPODYNSCCOU
1,CC(C)N(CCC(C(N)=O)(c1ccccc1)c1ccccn1)C(C)C,Non-substrate,CC(C)N(CCC(C(N)=O)(c1ccccc1)c1ccccn1)C(C)C,UVTNFZQICZKOEM-UHFFFAOYSA-N,UVTNFZQICZKOEM
2,OCCN(CCO)c1nc(N2CCCCC2)c2nc(N(CCO)CCO)nc(N3CCCCC3)c2n1,Non-substrate,OCCN(CCO)c1nc(N2CCCCC2)c2nc(N(CCO)CCO)nc(N3CCCCC3)c2n1,IZEKFCXSFNUWAM-UHFFFAOYSA-N,IZEKFCXSFNUWAM
3,CN(C)CCCN1c2ccccc2CCc2ccccc21,Non-substrate,CN(C)CCCN1c2ccccc2CCc2ccccc21,BCGWQEUPMDMJNV-UHFFFAOYSA-N,BCGWQEUPMDMJNV
4,Cc1ccccc1C(OCCN(C)C)c1ccccc1,Non-substrate,Cc1ccccc1C(OCCN(C)C)c1ccccc1,QVYRGXJJSLMXQH-UHFFFAOYSA-N,QVYRGXJJSLMXQH
5,Cc1nccn1CC1CCc2c(c3ccccc3n2C)C1=O,Substrate,Cc1nccn1CC1CCc2c(c3ccccc3n2C)C1=O,FELGMEQIXOGIFQ-UHFFFAOYSA-N,FELGMEQIXOGIFQ
6,CN/C(=N\CCSCc1nc[nH]c1C)NC#N,Substrate,CN=C(NC#N)NCCSCc1[nH]cnc1C,AQIXAKUUQRKLND-UHFFFAOYSA-N,AQIXAKUUQRKLND
7,N=C(N)c1ccc(OCCCCCOc2ccc(C(=N)N)cc2)cc1,Substrate,N=C(N)c1ccc(OCCCCCOc2ccc(C(=N)N)cc2)cc1,XDRYMKDFEDOLFX-UHFFFAOYSA-N,XDRYMKDFEDOLFX
8,Cn1c(NCCN(CCO)CCCc2ccc([N+](=O)[O-])cc2)cc(=O)n(C)c1=O,Substrate,Cn1c(NCCN(CCO)CCCc2ccc([N+](=O)[O-])cc2)cc(=O)n(C)c1=O,OEBPANQZQGQPHF-UHFFFAOYSA-N,OEBPANQZQGQPHF
9,O=C1c2c(O)ccc(O)c2C(=O)c2c(NCCNCCO)ccc(NCCNCCO)c21,Substrate,O=C1C=CC(=O)c2c1c(O)c1c(NCCNCCO)ccc(NCCNCCO)c1c2O,BWGNRRGTNFKGQK-UHFFFAOYSA-N,BWGNRRGTNFKGQK
10,Cc1ccc(NC(=O)c2ccc(CN3CCN(C)CC3)cc2)cc1Nc1nccc(-c2cccnc2)n1,Substrate,Cc1ccc(NC(=O)c2ccc(CN3CCN(C)CC3)cc2)cc1Nc1nccc(-c2cccnc2)n1,KTUFNOKKBVMGRW-UHFFFAOYSA-N,KTUFNOKKBVMGRW
11,CC(C)(C)NC(=O)[C@@H]1CN(Cc2cccnc2)CCN1C[C@@H](O)C[C@@H](Cc1ccccc1)C(=O)N[C@H]1c2ccccc2C[C@H]1O,Substrate,CC(C)(C)NC(=O)C1CN(Cc2cccnc2)CCN1C[C@@H](O)CC(Cc1ccccc1)C(=O)N[C@H]1c2ccccc2C[C@H]1O,CBVCZFGXHXORBI-IXVTTXLYSA-N,CBVCZFGXHXORBI
12,CC(C)c1nc(CN(C)C(=O)N[C@H](C(=O)N[C@@H](Cc2ccccc2)C[C@H](O)[C@H](Cc2ccccc2)NC(=O)OCc2cncs2)C(C)C)cs1,Substrate,CC(C)c1nc(CN(C)C(=O)NC(C(=O)N[C@@H](Cc2ccccc2)C[C@H](O)[C@H](Cc2ccccc2)NC(=O)OCc2cncs2)C(C)C)cs1,NCDNCNXCDXHOMX-BWGGSIGWSA-N,NCDNCNXCDXHOMX
13,CCc1c2c(nc3ccc(OC(=O)N4CCC(N5CCCCC5)CC4)cc13)-c1cc3c(c(=O)n1C2)COC(=O)[C@]3(O)CC,Substrate,CCc1c2c(nc3ccc(OC(=O)N4CCC(N5CCCCC5)CC4)cc13)-c1cc3c(c(=O)n1C2)COC(=O)[C@]3(O)CC,UWKQSNNFCGGAFS-XIFFEERXSA-N,UWKQSNNFCGGAFS
14,Cn1c(CNc2ccc(C(=N)N)cc2)nc2cc(C(=O)N(CCC(=O)O)c3ccccn3)ccc21,Substrate,Cn1c(CNc2ccc(C(=N)N)cc2)nc2cc(C(=O)N(CCC(=O)O)c3ccccn3)ccc21,YBSJFWOBGCMAKL-UHFFFAOYSA-N,YBSJFWOBGCMAKL
15,NC(N)=Nc1nc(CSCC/C(N)=N/S(N)(=O)=O)cs1,Substrate,N=C(CCSCc1csc(N=C(N)N)n1)NS(N)(=O)=O,XUFQPHANEAPEMJ-UHFFFAOYSA-N,XUFQPHANEAPEMJ
16,Cc1nnc(C(C)C)n1[C@@H]1C[C@H]2CC[C@@H](C1)N2CC[C@H](NC(=O)C1CCC(F)(F)CC1)c1ccccc1,Non-substrate,Cc1nnc(C(C)C)n1[C@@H]1C[C@H]2CC[C@@H](C1)N2CC[C@H](NC(=O)C1CCC(F)(F)CC1)c1ccccc1,GSNHKUDZZFZSJB-QYOOZWMWSA-N,GSNHKUDZZFZSJB
17,Cc1nc2n(c(=O)c1CCN1CCC(c3noc4cc(F)ccc34)CC1)CCCC2,Substrate,Cc1nc2n(c(=O)c1CCN1CCC(c3noc4cc(F)ccc34)CC1)CCCC2,RAPZEAPATHNIPO-UHFFFAOYSA-N,RAPZEAPATHNIPO
18,CNS(=O)(=O)Cc1ccc2[nH]cc(CCN(C)C)c2c1,Substrate,CNS(=O)(=O)Cc1ccc2[nH]cc(CCN(C)C)c2c1,KQKPFRSPSRPDEB-UHFFFAOYSA-N,KQKPFRSPSRPDEB
19,C[C@]12CCC(=O)C=C1CC[C@@H]1[C@@H]2C(=O)C[C@@]2(C)[C@H]1CC[C@]2(O)C(=O)CO,Non-substrate,C[C@]12CCC(=O)C=C1CC[C@@H]1C2C(=O)C[C@@]2(C)[C@H]1CC[C@]2(O)C(=O)CO,MFYSYFVPBJMHGN-VLNSYWPESA-N,MFYSYFVPBJMHGN
20,Clc1cccc(Cl)c1NC1=NCCN1,Non-substrate,Clc1cccc(Cl)c1NC1=NCCN1,GJSURZIOUXUGAL-UHFFFAOYSA-N,GJSURZIOUXUGAL
21,C=C[C@H]1CN2CC[C@H]1C[C@@H]2[C@@H](O)c1ccnc2ccc(OC)cc12,Non-substrate,C=C[C@H]1CN2CC[C@H]1C[C@@H]2[C@@H](O)c1ccnc2ccc(OC)cc12,LOUPRKONTZGTKE-LHHVKLHASA-N,LOUPRKONTZGTKE
22,CC(=O)S[C@@H]1CC2=CC(=O)CC[C@]2(C)[C@H]2CC[C@@]3(C)[C@@H](CC[C@@]34CCC(=O)O4)[C@H]12,Non-substrate,CC(=O)S[C@@H]1C=C2CC(=O)CC[C@]2(C)[C@H]2CC[C@@]3(C)[C@@H](CC[C@@]34CCC(=O)O4)[C@H]12,RRQQBPFUONLKTL-ZHYRCANASA-N,RRQQBPFUONLKTL
23,CNC(=C[N+](=O)[O-])NCCSCc1ccc(CN(C)C)o1,Substrate,CN=C(C[N+](=O)[O-])NCCSCc1ccc(CN(C)C)o1,SYNOVMDJYWJCON-UHFFFAOYSA-N,SYNOVMDJYWJCON
24,COc1ccc2c(c1OC)C(=O)O[C@@H]2[C@H]1c2c(cc3c(c2OC)OCO3)CCN1C,Non-substrate,COc1ccc2c(c1OC)C(=O)O[C@@H]2[C@H]1c2c(cc3c(c2OC)OCO3)CCN1C,AKNNEGZIBPJZJG-MSOLQXFVSA-N,AKNNEGZIBPJZJG
25,COc1ccc(CCN2CCC(Nc3nc4ccccc4n3Cc3ccc(F)cc3)CC2)cc1,Non-substrate,COc1ccc(CCN2CCC(Nc3nc4ccccc4n3Cc3ccc(F)cc3)CC2)cc1,GXDALQBWZGODGZ-UHFFFAOYSA-N,GXDALQBWZGODGZ
26,CCCc1nc2c(C)cc(-c3nc4ccccc4n3C)cc2n1Cc1ccc(-c2ccccc2C(=O)O)cc1,Non-substrate,CCCc1nc2c(C)cc(-c3nc4ccccc4n3C)cc2n1Cc1ccc(-c2ccccc2C(=O)O)cc1,RMMXLENWKUUMAY-UHFFFAOYSA-N,RMMXLENWKUUMAY
27,COc1ccccc1OCCNCC(O)COc1cccc2[nH]c3ccccc3c12,Non-substrate,COc1ccccc1OCCNCC(O)COc1cccc2[nH]c3ccccc3c12,OGHNVEJMJSYVRP-UHFFFAOYSA-N,OGHNVEJMJSYVRP
28,CC[C@@]1(O)C(=O)OCc2c1cc1n(c2=O)Cc2cc3c(CN(C)C)c(O)ccc3nc2-1,Substrate,CC[C@@]1(O)C(=O)OCc2c1cc1n(c2=O)Cc2cc3c(CN(C)C)c(O)ccc3nc2-1,UCFGDBYHRUNTLO-QHCPKHFHSA-N,UCFGDBYHRUNTLO
29,COc1cc(C(=O)NS(=O)(=O)c2ccccc2C)ccc1Cc1cn(C)c2ccc(NC(=O)OC3CCCC3)cc12,Substrate,COc1cc(C(=O)NS(=O)(=O)c2ccccc2C)ccc1Cc1cn(C)c2ccc(NC(=O)OC3CCCC3)cc12,YEEZWCHGZNKEEK-UHFFFAOYSA-N,YEEZWCHGZNKEEK
30,C#C[C@]1(O)CC[C@H]2[C@@H]3CCc4cc(O)ccc4[C@H]3CC[C@@]21C,Non-substrate,C#C[C@]1(O)CC[C@H]2[C@@H]3CCc4cc(O)ccc4[C@H]3CC[C@@]21C,BFPYWIDHMRZLRN-SLHNCBLASA-N,BFPYWIDHMRZLRN
31,O=c1[nH]c2ccccc2n1CCCN1CCC(n2c(=O)[nH]c3cc(Cl)ccc32)CC1,Substrate,O=c1[nH]c2ccccc2n1CCCN1CCC(n2c(=O)[nH]c3cc(Cl)ccc32)CC1,FGXWKSZFVQUSTL-UHFFFAOYSA-N,FGXWKSZFVQUSTL
32,CN1C2CCCC1CC(NC(=O)c1nn(C)c3ccccc13)C2,Substrate,CN1C2CCCC1CC(NC(=O)c1nn(C)c3ccccc13)C2,MFWNKCLOYSRHCJ-UHFFFAOYSA-N,MFWNKCLOYSRHCJ
33,O=C1CC2(CCCC2)CC(=O)N1CCCCN1CCN(c2ncccn2)CC1,Substrate,O=C1CC2(CCCC2)CC(=O)N1CCCCN1CCN(c2ncccn2)CC1,QWCRAEMEVRGPNT-UHFFFAOYSA-N,QWCRAEMEVRGPNT
34,CN1C[C@H](C(=O)N[C@]2(C)O[C@@]3(O)[C@@H]4CCCN4C(=O)[C@H](Cc4ccccc4)N3C2=O)C[C@@H]2c3cccc4[nH]cc(c34)C[C@H]21,Substrate,CN1CC(C(=O)N[C@]2(C)O[C@@]3(O)[C@@H]4CCCN4C(=O)C(Cc4ccccc4)N3C2=O)C[C@@H]2c3cccc4[nH]cc(c34)C[C@H]21,LUZRJRNZXALNLM-IPNFMWJESA-N,LUZRJRNZXALNLM
35,COc1cc2nc(N3CCN(C(=O)c4ccco4)CC3)nc(N)c2cc1OC,Substrate,COc1cc2nc(N3CCN(C(=O)c4ccco4)CC3)nc(N)c2cc1OC,IENZQIKPVFGBNW-UHFFFAOYSA-N,IENZQIKPVFGBNW
36,CN(C)C(=O)COC(=O)Cc1ccc(OC(=O)c2ccc(NC(=N)N)cc2)cc1,Substrate,CN(C)C(=O)COC(=O)Cc1ccc(OC(=O)c2ccc(N=C(N)N)cc2)cc1,XASIMHXSUQUHLV-UHFFFAOYSA-N,XASIMHXSUQUHLV
37,CC(=O)O[C@H]1C[C@@H]2CC[C@@H]3[C@H](CC[C@@]4(C)[C@H]3C[C@H]([N+]3(C)CCCCC3)[C@@H]4OC(C)=O)[C@@]2(C)C[C@@H]1N1CCCCC1.[Br-],Substrate,CC(=O)O[C@H]1C[C@@H]2CC[C@@H]3[C@H](CC[C@@]4(C)[C@H]3C[C@H]([N+]3(C)CCCCC3)[C@@H]4OC(C)=O)[C@@]2(C)C[C@@H]1N1CCCCC1,BGSZAXLLHYERSY-XQIGCQGXSA-N,BGSZAXLLHYERSY
38,N=C(NCCCCCCNC(=N)NC(=N)Nc1ccc(Cl)cc1)NC(=N)Nc1ccc(Cl)cc1,Substrate,N=C(N=C(N)NCCCCCCN=C(N)N=C(N)Nc1ccc(Cl)cc1)Nc1ccc(Cl)cc1,GHXZTYHSJHQHIJ-UHFFFAOYSA-N,GHXZTYHSJHQHIJ
39,Oc1c(Cl)cc(Cl)cc1Sc1cc(Cl)cc(Cl)c1O,Substrate,Oc1c(Cl)cc(Cl)cc1Sc1cc(Cl)cc(Cl)c1O,JFIOVJDNOJYLKP-UHFFFAOYSA-N,JFIOVJDNOJYLKP
40,COc1cc2c3cc1Oc1cc(ccc1O)C[C@@H]1c4c(cc(OC)c(O)c4Oc4ccc(cc4)C[C@@H]3N(C)CC2)CC[N+]1(C)C,Substrate,COc1cc2c3cc1Oc1cc(ccc1O)C[C@@H]1c4c(cc(OC)c(O)c4Oc4ccc(cc4)C[C@@H]3N(C)CC2)CC[N+]1(C)C,JFJZZMVDLULRGK-URLMMPGGSA-O,JFJZZMVDLULRGK
41,CCOC(=O)c1ccc(OC(=O)CCCCCNC(=N)N)cc1,Substrate,CCOC(=O)c1ccc(OC(=O)CCCCCN=C(N)N)cc1,YKGYIDJEEQRWQH-UHFFFAOYSA-N,YKGYIDJEEQRWQH
42,NC1=NCC2c3ccccc3Cc3ccccc3N12,Substrate,NC1=NCC2c3ccccc3Cc3ccccc3N12,WHWZLSFABNNENI-UHFFFAOYSA-N,WHWZLSFABNNENI
43,CC(C)C[C@H](NC(=O)[C@H](Cc1ccccc1)NC(=O)[C@H](Cn1cc(CCc2ccccc2)nn1)NC(=O)[C@H](CO)NC(=O)CN)C(N)=O,Substrate,CC(C)CC(NC(=O)C(Cc1ccccc1)NC(=O)C(Cn1cc(CCc2ccccc2)nn1)NC(=O)C(CO)NC(=O)CN)C(N)=O,HCIUBYMUNUSUNO-UHFFFAOYSA-N,HCIUBYMUNUSUNO
44,CC(C)C[C@H](NC(=O)[C@H](Cc1ccccc1)NC(=O)[C@H](Cn1cc(Cc2ccccc2)nn1)NC(=O)[C@H](CO)NC(=O)CN)C(N)=O,Substrate,CC(C)CC(NC(=O)C(Cc1ccccc1)NC(=O)C(Cn1cc(Cc2ccccc2)nn1)NC(=O)C(CO)NC(=O)CN)C(N)=O,DLHLAUJNPITBMI-UHFFFAOYSA-N,DLHLAUJNPITBMI
45,N[C@@H](Cc1ccc(O)c(Cc2ccccc2)c1)C(=O)O,Substrate,NC(Cc1ccc(O)c(Cc2ccccc2)c1)C(=O)O,FULCCCZBEUTMED-UHFFFAOYSA-N,FULCCCZBEUTMED
46,COC(=O)c1cc(C)cc(C[C@H](N)C(=O)O)c1,Non-substrate,COC(=O)c1cc(C)cc(CC(N)C(=O)O)c1,NFNNFFRHXLDFNV-UHFFFAOYSA-N,NFNNFFRHXLDFNV
47,N[C@@H](Cc1cccc(Cc2ccccc2)c1)C(=O)O,Substrate,NC(Cc1cccc(Cc2ccccc2)c1)C(=O)O,WDAJRFDYHJVFMA-UHFFFAOYSA-N,WDAJRFDYHJVFMA
48,N[C@@H](Cc1cccc(-c2ccccc2)c1)C(=O)O,Substrate,NC(Cc1cccc(-c2ccccc2)c1)C(=O)O,XXPHIHDDXCFWMS-UHFFFAOYSA-N,XXPHIHDDXCFWMS
49,CNC(=O)c1cccc(C[C@H](N)C(=O)O)c1,Non-substrate,CNC(=O)c1cccc(CC(N)C(=O)O)c1,MOUPFWHCJUMJAN-UHFFFAOYSA-N,MOUPFWHCJUMJAN
50,CC(=O)c1cccc(C[C@H](N)C(=O)O)c1,Non-substrate,CC(=O)c1cccc(CC(N)C(=O)O)c1,IBCKYXVMEMSMQM-UHFFFAOYSA-N,IBCKYXVMEMSMQM
51,COC(=O)c1cccc(C[C@H](N)C(=O)O)c1,Non-substrate,COC(=O)c1cccc(CC(N)C(=O)O)c1,DCMBHDKEVFGGFS-UHFFFAOYSA-N,DCMBHDKEVFGGFS
52,COC(=O)Cc1cccc(C[C@H](N)C(=O)O)c1,Non-substrate,COC(=O)Cc1cccc(CC(N)C(=O)O)c1,UUYOJJYHZFAUQI-UHFFFAOYSA-N,UUYOJJYHZFAUQI
53,CC(C)(C)OC(=O)c1cccc(C[C@H](N)C(=O)O)c1,Non-substrate,CC(C)(C)OC(=O)c1cccc(CC(N)C(=O)O)c1,ZFAGSQFMGXPASJ-UHFFFAOYSA-N,ZFAGSQFMGXPASJ
54,N[C@@H](Cc1cccc(C(=O)OCCO)c1)C(=O)O,Non-substrate,NC(Cc1cccc(C(=O)OCCO)c1)C(=O)O,XKUGEYZFKRHITK-UHFFFAOYSA-N,XKUGEYZFKRHITK
55,Cl.N[C@@H](Cc1ccc(OC(=O)NCCc2ccc(O)c(O)c2)cc1)C(=O)O,Non-substrate,NC(Cc1ccc(OC(=O)NCCc2ccc(O)c(O)c2)cc1)C(=O)O,RKRDSKYZMBDOCT-UHFFFAOYSA-N,RKRDSKYZMBDOCT
56,Cl.NC(Cc1cccc(C(=O)NCCc2ccc(O)c(O)c2)c1)C(=O)O,Non-substrate,NC(Cc1cccc(C(=O)NCCc2ccc(O)c(O)c2)c1)C(=O)O,SBINIUGKIMWCGA-UHFFFAOYSA-N,SBINIUGKIMWCGA
57,CCS(=O)(=O)c1ccc2oc(-c3ccc4c(c3)C=C[C@H](O)[C@H]4O)nc2c1,Non-substrate,CCS(=O)(=O)c1ccc2oc(-c3ccc4c(c3)C=C[C@H](O)[C@H]4O)nc2c1,NYOSMIIPIQXLMM-WMZOPIPTSA-N,NYOSMIIPIQXLMM
58,FC(F)(F)Oc1ccc(/N=c2\ssnc2Cl)nc1,Substrate,FC(F)(F)Oc1ccc(/N=c2\ssnc2Cl)nc1,VHNMNFSCLSUTHD-AUWJEWJLSA-N,VHNMNFSCLSUTHD
59,Nc1cc(COc2c(Cl)cc(C[C@H](N)C(=O)O)cc2Cl)c2oc(-c3ccccc3)nc2c1,Substrate,Nc1cc(COc2c(Cl)cc(CC(N)C(=O)O)cc2Cl)c2oc(-c3ccccc3)nc2c1,XNRZJPQTMQZBCE-UHFFFAOYSA-N,XNRZJPQTMQZBCE
60,CNC(=O)COc1ccc(-c2c(C#N)c(NC(=O)c3cccc(C[C@H](N)C(=O)O)c3)n3c(nc4ccccc43)c2C#N)cc1,Non-substrate,CNC(=O)COc1ccc(-c2c(C#N)c(NC(=O)c3cccc(CC(N)C(=O)O)c3)n3c(nc4ccccc43)c2C#N)cc1,MLNOOVGSMCJSCE-UHFFFAOYSA-N,MLNOOVGSMCJSCE
61,CC1(C)CC[C@]2(C(=O)NCC(F)(F)F)CC[C@]3(C)[C@H](C(=O)C=C4[C@@]5(C)C=C(C#N)C(=O)C(C)(C)[C@@H]5CC[C@]43C)[C@@H]2C1,Non-substrate,CC1(C)CC[C@]2(C(=O)NCC(F)(F)F)CC[C@]3(C)C(C(=O)C=C4[C@@]5(C)C=C(C#N)C(=O)C(C)(C)[C@@H]5CC[C@]43C)[C@@H]2C1,UBRASLQCAYTTEB-FUARBKCBSA-N,UBRASLQCAYTTEB
62,CC1(C)CC[C@]2(C(=O)n3ccnc3)CC[C@]3(C)[C@H](C(=O)C=C4[C@@]5(C)C=C(C#N)C(=O)C(C)(C)[C@@H]5CC[C@]43C)[C@@H]2C1,Non-substrate,CC1(C)CC[C@]2(C(=O)n3ccnc3)CC[C@]3(C)C(C(=O)C=C4[C@@]5(C)C=C(C#N)C(=O)C(C)(C)[C@@H]5CC[C@]43C)[C@@H]2C1,ITFBYYCNYVFPKD-UVPXPBJQSA-N,ITFBYYCNYVFPKD
63,COC(=O)[C@]12CCC(C)(C)C[C@H]1[C@H]1C(=O)C=C3[C@@]4(C)C=C(C#N)C(=O)C(C)(C)[C@@H]4CC[C@@]3(C)[C@]1(C)CC2,Non-substrate,COC(=O)[C@]12CCC(C)(C)C[C@H]1C1C(=O)C=C3[C@@]4(C)C=C(C#N)C(=O)C(C)(C)[C@@H]4CC[C@@]3(C)[C@]1(C)CC2,WPTTVJLTNAWYAO-FUARBKCBSA-N,WPTTVJLTNAWYAO
64,CC(C)CCN1CCN([C@@H](CNCc2ccccc2)CC2CCCCC2)C[C@@H]1CC(C)C,Substrate,CC(C)CCN1CCN([C@@H](CNCc2ccccc2)CC2CCCCC2)C[C@@H]1CC(C)C,GCNDGNXMQOEIIO-WDYNHAJCSA-N,GCNDGNXMQOEIIO
65,COC(=O)N[C@@H](C)C(=O)N1CCC(CCc2c(N)nc(C)nc2Cl)CC1,Substrate,COC(=O)NC(C)C(=O)N1CCC(CCc2c(N)nc(C)nc2Cl)CC1,CTAGBUIPLIEQID-UHFFFAOYSA-N,CTAGBUIPLIEQID
66,Cc1nc(N)c(CCC2CCN(C(=O)[C@H](C)NC(=O)c3cnc(C)s3)CC2)c(Cl)n1,Substrate,Cc1nc(N)c(CCC2CCN(C(=O)C(C)NC(=O)c3cnc(C)s3)CC2)c(Cl)n1,KLRWUOFULIPURB-UHFFFAOYSA-N,KLRWUOFULIPURB
67,Cc1nc(Cl)nc(N)c1CCC1CCN(C(=O)[C@H](C)NC(=O)c2cn[nH]c2C)CC1,Substrate,Cc1n[nH]cc1C(=O)NC(C)C(=O)N1CCC(CCc2c(C)nc(Cl)nc2N)CC1,XMPTZLSWBARYOE-UHFFFAOYSA-N,XMPTZLSWBARYOE
68,Cc1nc(C(F)(F)F)nc(N)c1CCC1CCN(C(=O)[C@H](C)NC(=O)c2ccnn2C)CC1,Substrate,Cc1nc(C(F)(F)F)nc(N)c1CCC1CCN(C(=O)C(C)NC(=O)c2ccnn2C)CC1,FJLGBNQKFIHNGX-UHFFFAOYSA-N,FJLGBNQKFIHNGX
69,C[C@H](NC(=O)c1ccn(C)n1)C(=O)N1CCC(CCc2c(N)nc(N)nc2Cl)CC1,Substrate,CC(NC(=O)c1ccn(C)n1)C(=O)N1CCC(CCc2c(N)nc(N)nc2Cl)CC1,DDNFORUESGOAET-UHFFFAOYSA-N,DDNFORUESGOAET
70,C[C@H](NC(=O)C1CC1)C(=O)N1CCC(CCc2c(N)nc(N)nc2Cl)CC1,Substrate,CC(NC(=O)C1CC1)C(=O)N1CCC(CCc2c(N)nc(N)nc2Cl)CC1,OHEQORXVQPCHAQ-UHFFFAOYSA-N,OHEQORXVQPCHAQ
71,C[C@@H](O)[C@H](NC(=O)[C@@H]1CCCN1C(=O)[C@H](CO)NC(=O)[C@H](Cc1cccc2ccccc12)NC(=O)[C@H](CN)NC(=O)[C@H](CO)NC(=O)CN)C(N)=O,Substrate,C[C@@H](O)C(NC(=O)C1CCCN1C(=O)C(CO)NC(=O)C(Cc1cccc2ccccc12)NC(=O)C(CN)NC(=O)C(CO)NC(=O)CN)C(N)=O,OXOPLJKMWZGJTQ-PNAPECLXSA-N,OXOPLJKMWZGJTQ
72,CC1(C)C(=O)C(C#N)=C[C@]2(C)[C@H]3CC[C@]4(C)CCC[C@H]4[C@@H]3CC[C@@H]12,Substrate,CC1(C)C(=O)C(C#N)=C[C@]2(C)[C@H]3CC[C@]4(C)CCC[C@H]4[C@@H]3CC[C@@H]12,XZVXQIBHMFEQPK-KIHPVRBWSA-N,XZVXQIBHMFEQPK
73,CCNC(=O)[C@]12CCC(C)(C)C[C@H]1[C@H]1C(=O)C=C3[C@@]4(C)C=C(C#N)C(=O)C(C)(C)[C@@H]4CC[C@@]3(C)[C@]1(C)CC2,Substrate,CCNC(=O)[C@]12CCC(C)(C)C[C@H]1C1C(=O)C=C3[C@@]4(C)C=C(C#N)C(=O)C(C)(C)[C@@H]4CC[C@@]3(C)[C@]1(C)CC2,RZRQJICXYQPEQJ-JMFLSPGUSA-N,RZRQJICXYQPEQJ
74,CC(C)C[C@H](NC(=O)[C@H](Cc1ccccc1)NC(=O)[C@H](Cn1cc(CCCc2ccccc2)nn1)NC(=O)[C@H](CO)NC(=O)CN)C(N)=O,Substrate,CC(C)CC(NC(=O)C(Cc1ccccc1)NC(=O)C(Cn1cc(CCCc2ccccc2)nn1)NC(=O)C(CO)NC(=O)CN)C(N)=O,VIVIFJSCGWLIIQ-UHFFFAOYSA-N,VIVIFJSCGWLIIQ
75,Cc1nc(C(F)(F)F)ccc1COc1cc(Cl)c2cc(CC(=O)O)sc2c1Cl,Substrate,Cc1nc(C(F)(F)F)ccc1COc1cc(Cl)c2cc(CC(=O)O)sc2c1Cl,RWBDAOBCFDZDSF-UHFFFAOYSA-N,RWBDAOBCFDZDSF
76,O=C(O)c1ccc2oc(SCc3ccc(Cl)cc3Cl)nc2c1,Substrate,O=C(O)c1ccc2oc(SCc3ccc(Cl)cc3Cl)nc2c1,XJWRLMFEUPVROI-UHFFFAOYSA-N,XJWRLMFEUPVROI
77,Cc1nc2ncnn2c(N)c1Cc1ccc(Br)c(OC(F)F)n1,Substrate,Cc1nc2ncnn2c(N)c1Cc1ccc(Br)c(OC(F)F)n1,AZHBLVQIWNQJLF-UHFFFAOYSA-N,AZHBLVQIWNQJLF
78,Cc1nc2nonc2c(N)c1CN1CCC(OC(F)(F)F)CC1,Substrate,Cc1nc2nonc2c(N)c1CN1CCC(OC(F)(F)F)CC1,WGCQGXYLXMBLPP-UHFFFAOYSA-N,WGCQGXYLXMBLPP
79,Cc1nc2nonc2c(N)c1Cn1ccc(-c2cccc(C(F)(F)F)n2)n1,Substrate,Cc1nc2nonc2c(N)c1Cn1ccc(-c2cccc(C(F)(F)F)n2)n1,PEMOKRBTCSJWJN-UHFFFAOYSA-N,PEMOKRBTCSJWJN
80,COc1cc(C(F)(F)F)ccc1Cc1c(C)nc2nonc2c1N,Substrate,COc1cc(C(F)(F)F)ccc1Cc1c(C)nc2nonc2c1N,QZAGZJOGIKVNCE-UHFFFAOYSA-N,QZAGZJOGIKVNCE
81,Cc1nc2nonc2c(N)c1Cc1ccc(C#N)c(NC2CC2)n1,Substrate,Cc1nc2nonc2c(N)c1Cc1ccc(C#N)c(NC2CC2)n1,FFSUJBAEJTXBRA-UHFFFAOYSA-N,FFSUJBAEJTXBRA
82,C[C@@]12CCC[C@H]1[C@@H]1CC[C@H]3CC(=O)C(Br)=C[C@]3(C)[C@H]1CC2,Non-substrate,C[C@@]12CCC[C@H]1[C@@H]1CC[C@H]3CC(=O)C(Br)=C[C@]3(C)[C@H]1CC2,FBRNKWMVKROLNN-VRBUCKFRSA-N,FBRNKWMVKROLNN
83,C[C@@]12CCC[C@H]1[C@@H]1CC[C@H]3CC(=O)C(C#N)=C[C@]3(C)[C@H]1CC2,Substrate,C[C@@]12CCC[C@H]1[C@@H]1CC[C@H]3CC(=O)C(C#N)=C[C@]3(C)[C@H]1CC2,IWDCXOKCJYHVAW-BGZMIMFDSA-N,IWDCXOKCJYHVAW
84,Cc1[nH]cnc1CSCCNc1ncccn1,Substrate,Cc1[nH]cnc1CSCCNc1ncccn1,MNGRAPYYTJTLKV-UHFFFAOYSA-N,MNGRAPYYTJTLKV
85,CNC(=O)COc1ccc(C2=C(C#N)C3N=C4C=CC=CC4N3C(NC(=O)c3cccc(C[C@H](N)C(=O)O)c3)=C2C#N)cc1,Non-substrate,CNC(=O)COc1ccc(C2=C(C#N)C(=NC(=O)c3cccc(CC(N)C(=O)O)c3)N3C4C=CC=CC4=NC3C2C#N)cc1,FMDSXLFDERBOEZ-UHFFFAOYSA-N,FMDSXLFDERBOEZ
86,C[C@](N)(Cc1ccc(O)c(F)c1)C(=O)O,Substrate,C[C@](N)(Cc1ccc(O)c(F)c1)C(=O)O,STUMEFJLAPRRME-JTQLQIEISA-N,STUMEFJLAPRRME
87,CC(CCc1ccccc1)NCC(O)c1ccc(O)c(C(N)=O)c1,Substrate,CC(CCc1ccccc1)NCC(O)c1ccc(O)c(C(N)=O)c1,SGUAFYQXFOLMHL-UHFFFAOYSA-N,SGUAFYQXFOLMHL
88,C=C[C@H]1C[N@+]2(C)CC[C@H]1C[C@H]2[C@H](O)c1ccnc2ccc(OC)cc12,Substrate,C=C[C@H]1C[N@+]2(C)CC[C@H]1C[C@H]2[C@H](O)c1ccnc2ccc(OC)cc12,SJTSZVLGFLZBFK-UIHPHKDJSA-N,SJTSZVLGFLZBFK
89,C[C@@H]1O[C@@H](O[C@H]2C[C@@H](O)[C@]3(CO)[C@H]4[C@H](O)C[C@]5(C)[C@@H](C6=CC(=O)OC6)CC[C@]5(O)[C@@H]4CC[C@]3(O)C2)[C@H](O)[C@H](O)[C@H]1O,Substrate,C[C@@H]1O[C@@H](O[C@H]2C[C@@H](O)[C@]3(CO)[C@H]4[C@H](O)C[C@]5(C)[C@@H](C6=CC(=O)OC6)CC[C@]5(O)[C@@H]4CC[C@]3(O)C2)[C@H](O)[C@H](O)[C@H]1O,LPMXVESGRSUGHW-HBYQJFLCSA-N,LPMXVESGRSUGHW
90,CC(C)c1c(C(=O)Nc2ccccc2)c(-c2ccccc2)c(-c2ccc(F)cc2)n1CC[C@@H](O)C[C@@H](O)CC(=O)O,Substrate,CC(C)c1c(C(=O)Nc2ccccc2)c(-c2ccccc2)c(-c2ccc(F)cc2)n1CC[C@@H](O)C[C@@H](O)CC(=O)O,XUKUURHRXDUEBC-KAYWLYCHSA-N,XUKUURHRXDUEBC
91,N[C@@H](Cc1ccc(Oc2cc(I)c(O)c(I)c2)c(I)c1)C(=O)O,Substrate,NC(Cc1ccc(Oc2cc(I)c(O)c(I)c2)c(I)c1)C(=O)O,HZCBWYNLGPIQRK-UHFFFAOYSA-N,HZCBWYNLGPIQRK
92,C[C@]12CC[C@@H]3c4ccc(OS(=O)(=O)O)cc4CC[C@H]3[C@@H]1CCC2=O,Substrate,C[C@]12CC[C@@H]3c4ccc(OS(=O)(=O)O)cc4CC[C@H]3[C@@H]1CCC2=O,JKKFKPJIXZFSSB-CBZIJGRNSA-N,JKKFKPJIXZFSSB
93,CN(Cc1cnc2nc(N)nc(N)c2n1)c1ccc(C(=O)N[C@@H](CCC(=O)O)C(=O)O)cc1,Substrate,CN(Cc1cnc2nc(N)nc(N)c2n1)c1ccc(C(=O)NC(CCC(=O)O)C(=O)O)cc1,FBOZXECLQNJBKD-UHFFFAOYSA-N,FBOZXECLQNJBKD
94,CC(C)(C)NCC(O)COc1cccc2c1CC(O)C(O)C2,Substrate,CC(C)(C)NCC(O)COc1cccc2c1CC(O)C(O)C2,VWPOSFSPZNDTMJ-UHFFFAOYSA-N,VWPOSFSPZNDTMJ
95,CCn1cc(C(=O)O)c(=O)c2cc(F)c(N3CCNCC3)cc21,Substrate,CCn1cc(C(=O)O)c(=O)c2cc(F)c(N3CCNCC3)cc21,OGJPXUAPXNRGGI-UHFFFAOYSA-N,OGJPXUAPXNRGGI
96,O=C(O[C@@H]1Cc2c(O)cc(O)cc2O[C@@H]1c1ccc(O)c(O)c1)c1cc(O)c(O)c(O)c1,Substrate,O=C(O[C@@H]1Cc2c(O)cc(O)cc2O[C@@H]1c1ccc(O)c(O)c1)c1cc(O)c(O)c(O)c1,LSHVYAFMTMFKBA-TZIWHRDSSA-N,LSHVYAFMTMFKBA
97,COC(=O)c1ccccc1-c1c2ccc(N)cc2[o+]c2cc(N)ccc12.[Cl-],Substrate,COC(=O)c1ccccc1-c1c2ccc(N)cc2[o+]c2cc(N)ccc12,ZWODABSNRKVFCK-UHFFFAOYSA-N,ZWODABSNRKVFCK
98,C[C@H](CCC(=O)NCC(=O)O)[C@H]1CC[C@H]2[C@@H]3[C@H](O)C[C@@H]4C[C@H](O)CC[C@]4(C)[C@H]3C[C@H](O)[C@]12C,Substrate,C[C@H](CCC(=O)NCC(=O)O)[C@H]1CC[C@H]2[C@@H]3[C@H](O)C[C@@H]4C[C@H](O)CC[C@]4(C)[C@H]3C[C@H](O)[C@]12C,RFDAIACWWDREDC-FRVQLJSFSA-N,RFDAIACWWDREDC
99,COc1cccc(OC)c1-c1ccc(C[C@@H](C(=O)O)N(C=O)c2c(Cl)cccc2Cl)cc1,Substrate,COc1cccc(OC)c1-c1ccc(CC(C(=O)O)N(C=O)c2c(Cl)cccc2Cl)cc1,SNRRKTQMVCADSZ-UHFFFAOYSA-N,SNRRKTQMVCADSZ
100,C[C@]12CC[C@H](OS(=O)(=O)O)CC1=CC[C@@H]1[C@@H]2CC[C@]2(C)C(=O)CC[C@@H]12,Substrate,C[C@]12CC[C@H](OS(=O)(=O)O)CC1=CC[C@@H]1[C@@H]2CC[C@]2(C)C(=O)CC[C@@H]12,CZWCKYRVOZZJNM-USOAJAOKSA-N,CZWCKYRVOZZJNM
101,CC(C)(C)NCC(O)COc1ccc(NC(=O)NC2CCCCC2)cc1,Substrate,CC(C)(C)NCC(O)COc1ccc(NC(=O)NC2CCCCC2)cc1,MXFWWQICDIZSOA-UHFFFAOYSA-N,MXFWWQICDIZSOA
102,CC(C)C(NC(=O)[C@H](CCC(=O)O)NC(=O)[C@H](Cc1ccccc1)NC(=O)[C@@H](C)NC(=O)[C@@H](N)Cc1ccc(O)cc1)C(=O)N[C@H](C(=O)NCC(N)=O)C(C)C,Substrate,CC(NC(=O)C(N)Cc1ccc(O)cc1)C(=O)NC(Cc1ccccc1)C(=O)NC(CCC(=O)O)C(=O)NC(C(=O)NC(C(=O)NCC(N)=O)C(C)C)C(C)C,NUNBRHVOPFWRRG-UHFFFAOYSA-N,NUNBRHVOPFWRRG
103,CCCCCCCC(=O)CC[C@@H]1[C@@H](C/C=C\CCCC(=O)O)[C@@H](O)C[C@H]1O,Substrate,CCCCCCCC(=O)CC[C@@H]1[C@@H](C/C=C\CCCC(=O)O)[C@@H](O)C[C@H]1O,TVHAZVBUYQMHBC-SNHXEXRGSA-N,TVHAZVBUYQMHBC
104,C[C@H](CCC(=O)O)[C@H]1CC[C@H]2[C@@H]3[C@H](O)C[C@@H]4C[C@H](O)CC[C@]4(C)[C@H]3C[C@H](O)[C@]12C,Substrate,C[C@H](CCC(=O)O)[C@H]1CC[C@H]2[C@@H]3[C@H](O)C[C@@H]4C[C@H](O)CC[C@]4(C)[C@H]3C[C@H](O)[C@]12C,BHQCQFFYRZLCQQ-OELDTZBJSA-N,BHQCQFFYRZLCQQ
105,Cc1c(F)c(N2CCNC(C)C2)cc2c1c(=O)c(C(=O)O)cn2C1CC1,Substrate,Cc1c(F)c(N2CCNC(C)C2)cc2c1c(=O)c(C(=O)O)cn2C1CC1,AIJTTZAVMXIJGM-UHFFFAOYSA-N,AIJTTZAVMXIJGM
106,CCN(CC)C(=O)Nc1ccc(OCC(O)CNC(C)(C)C)c(C(C)=O)c1,Substrate,CCN(CC)C(=O)Nc1ccc(OCC(O)CNC(C)(C)C)c(C(C)=O)c1,JOATXPAWOHTVSZ-UHFFFAOYSA-N,JOATXPAWOHTVSZ
107,O=C(O)C[C@H](O)C[C@H](O)/C=C/c1c(C2CC2)nc2ccccc2c1-c1ccc(F)cc1,Substrate,O=C(O)C[C@H](O)C[C@H](O)/C=C/c1c(C2CC2)nc2ccccc2c1-c1ccc(F)cc1,VGYFMXBACGZSIL-MCBHFWOFSA-N,VGYFMXBACGZSIL
108,CCn1cc(C(=O)O)c(=O)c2cc(F)c(N3CCNCC3)nc21,Substrate,CCn1cc(C(=O)O)c(=O)c2cc(F)c(N3CCNCC3)nc21,IDYZIJYBMGIQMJ-UHFFFAOYSA-N,IDYZIJYBMGIQMJ
109,N[C@@H](Cc1cc(I)c(Oc2ccc(O)c(I)c2)c(I)c1)C(=O)O,Substrate,NC(Cc1cc(I)c(Oc2ccc(O)c(I)c2)c(I)c1)C(=O)O,AUYYCJSJGJYCDS-UHFFFAOYSA-N,AUYYCJSJGJYCDS
110,O=C1OC(c2ccc(O)c(S(=O)(=O)[O-])c2)(c2ccc(O)c(S(=O)(=O)[O-])c2)c2c(Br)c(Br)c(Br)c(Br)c21.[Na+].[Na+],Substrate,O=C1OC(c2ccc(O)c(S(=O)(=O)O)c2)(c2ccc(O)c(S(=O)(=O)O)c2)c2c(Br)c(Br)c(Br)c(Br)c21,OHTXTCNTQJFRIG-UHFFFAOYSA-N,OHTXTCNTQJFRIG
111,CC(C)(C)NC(=O)[C@@H]1C[C@@H]2CCCC[C@@H]2CN1C[C@@H](O)[C@H](Cc1ccccc1)NC(=O)[C@H](CC(N)=O)NC(=O)c1ccc2ccccc2n1,Substrate,CC(C)(C)NC(=O)C1C[C@@H]2CCCC[C@@H]2CN1C[C@@H](O)[C@H](Cc1ccccc1)NC(=O)C(CC(N)=O)NC(=O)c1ccc2ccccc2n1,QWAXKHKRTORLEM-PVCXOJBVSA-N,QWAXKHKRTORLEM
112,CC(C)(C(=O)O)c1ccc(C(O)CCCN2CCC(C(O)(c3ccccc3)c3ccccc3)CC2)cc1,Substrate,CC(C)(C(=O)O)c1ccc(C(O)CCCN2CCC(C(O)(c3ccccc3)c3ccccc3)CC2)cc1,RWTNPBWLLIMQHL-UHFFFAOYSA-N,RWTNPBWLLIMQHL
113,C[C@@H]1Cc2c(Cl)cc(C(=O)N[C@@H](Cc3ccccc3)C(=O)O)c(O)c2C(=O)O1,Substrate,C[C@@H]1Cc2c(Cl)cc(C(=O)NC(Cc3ccccc3)C(=O)O)c(O)c2C(=O)O1,RWQKHEORZBHNRI-INHVJJQHSA-N,RWQKHEORZBHNRI
114,O=C(O)c1cn(C2CC2)c2cc(N3CCNCC3)c(F)cc2c1=O,Substrate,O=C(O)c1cn(C2CC2)c2cc(N3CCNCC3)c(F)cc2c1=O,MYSWGUAQZAJSOK-UHFFFAOYSA-N,MYSWGUAQZAJSOK
115,N[C@@H](Cc1cc(I)c(Oc2cc(I)c(O)c(I)c2)c(I)c1)C(=O)O,Substrate,NC(Cc1cc(I)c(Oc2cc(I)c(O)c(I)c2)c(I)c1)C(=O)O,XUIIKFGFIJCVMT-UHFFFAOYSA-N,XUIIKFGFIJCVMT
116,CC(C)NCC(O)COc1ccc(CC(N)=O)cc1,Substrate,CC(C)NCC(O)COc1ccc(CC(N)=O)cc1,METKIMKYRPQLGS-UHFFFAOYSA-N,METKIMKYRPQLGS
117,O=C(O)CCCc1ccc(N(CCCl)CCCl)cc1,Substrate,O=C(O)CCCc1ccc(N(CCCl)CCCl)cc1,JCKYGMPEJWAADB-UHFFFAOYSA-N,JCKYGMPEJWAADB
118,CC(C)CN(C[C@@H](O)[C@H](Cc1ccccc1)NC(=O)O[C@H]1CO[C@H]2OCC[C@H]21)S(=O)(=O)c1ccc(N)cc1,Substrate,CC(C)CN(C[C@@H](O)[C@H](Cc1ccccc1)NC(=O)O[C@H]1CO[C@H]2OCC[C@H]21)S(=O)(=O)c1ccc(N)cc1,CJBJHOAVZSMMDJ-HEXNFIEUSA-N,CJBJHOAVZSMMDJ
119,CCCCN(CCCC)C(=O)CN1C[C@H](c2ccc3c(c2)OCO3)[C@@H](C(=O)O)[C@@H]1c1ccc(OC)cc1,Substrate,CCCCN(CCCC)C(=O)CN1C[C@H](c2ccc3c(c2)OCO3)C(C(=O)O)[C@@H]1c1ccc(OC)cc1,MOTJMGVDPWRKOC-CUWFNYONSA-N,MOTJMGVDPWRKOC
120,CC(C)C[C@@H]1NC(=O)[C@@H](C(C)C)NC(=O)[C@@H]2CCCN2C(=O)[C@@H](CC(=O)O)NC(=O)[C@@H](Cc2c[nH]c3ccccc23)NC1=O,Substrate,CC(C)CC1NC(=O)C(C(C)C)NC(=O)C2CCCN2C(=O)C(CC(=O)O)NC(=O)C(Cc2c[nH]c3ccccc23)NC1=O,VYCMAAOURFJIHD-UHFFFAOYSA-N,VYCMAAOURFJIHD
121,C[C@]12CC[C@@H]3c4ccc(O)cc4CC[C@H]3[C@@H]1CC[C@@H]2O[C@@H]1O[C@H](C(=O)O)[C@@H](O)[C@H](O)[C@H]1O,Substrate,C[C@]12CC[C@@H]3c4ccc(O)cc4CC[C@H]3[C@@H]1CC[C@@H]2O[C@@H]1OC(C(=O)O)[C@@H](O)[C@H](O)[C@H]1O,MTKNDAQYHASLID-MZCZEQTOSA-N,MTKNDAQYHASLID
122,CCCCC[C@H](O)/C=C/[C@H]1[C@H](O)CC(=O)[C@@H]1C/C=C\CCCC(=O)O,Substrate,CCCCC[C@H](O)/C=C/[C@@H]1C(C/C=C\CCCC(=O)O)C(=O)C[C@H]1O,XEYBRNLFEZDVAW-CASDQVHDSA-N,XEYBRNLFEZDVAW
123,C[C@H](CCC(=O)NCCS(=O)(=O)O)[C@H]1CC[C@H]2[C@@H]3[C@@H](O)C[C@@H]4C[C@H](O)CC[C@]4(C)[C@H]3CC[C@]12C,Substrate,C[C@H](CCC(=O)NCCS(=O)(=O)O)[C@H]1CC[C@H]2[C@@H]3[C@@H](O)C[C@@H]4C[C@H](O)CC[C@]4(C)[C@H]3CC[C@]12C,BHTRKEVKTKCXOH-LBSADWJPSA-N,BHTRKEVKTKCXOH
124,CCCC(=O)Nc1ccc(OCC(O)CNC(C)C)c(C(C)=O)c1,Substrate,CCCC(=O)Nc1ccc(OCC(O)CNC(C)C)c(C(C)=O)c1,GOEMGAFJFRBGGG-UHFFFAOYSA-N,GOEMGAFJFRBGGG
125,CC(C)c1nc(N(C)S(C)(=O)=O)nc(-c2ccc(F)cc2)c1/C=C/[C@@H](O)C[C@@H](O)CC(=O)O,Substrate,CC(C)=c1nc(N(C)S(C)(=O)=O)nc(-c2ccc(F)cc2)c1=CC[C@@H](O)C[C@@H](O)CC(=O)O,DRLXVNRHGMULCY-IAGOWNOFSA-N,DRLXVNRHGMULCY
126,COc1c(N2CCNC(C)C2)c(F)cc2c(=O)c(C(=O)O)cn(C3CC3)c12,Substrate,COc1c(N2CCNC(C)C2)c(F)cc2c(=O)c(C(=O)O)cn(C3CC3)c12,XUBOMFCQGDBHNK-UHFFFAOYSA-N,XUBOMFCQGDBHNK
127,O=C(O[C@@H]1Cc2c(O)cc(O)cc2O[C@@H]1c1cc(O)c(O)c(O)c1)c1cc(O)c(O)c(O)c1,Substrate,O=C(O[C@@H]1Cc2c(O)cc(O)cc2O[C@@H]1c1cc(O)c(O)c(O)c1)c1cc(O)c(O)c(O)c1,WMBWREPUVVBILR-WIYYLYMNSA-N,WMBWREPUVVBILR
128,CC(C)NCC(O)c1ccc(NS(C)(=O)=O)cc1,Substrate,CC(C)NCC(O)c1ccc(NS(C)(=O)=O)cc1,ZBMZVLHSJCTVON-UHFFFAOYSA-N,ZBMZVLHSJCTVON
129,C[C@@H](O)[C@H]1C(=O)N2C(C(=O)OCOC(=O)C(C)(C)C)=C(SC3CN(C4=NCCS4)C3)[C@H](C)[C@H]12,Substrate,C[C@@H](O)C1C(=O)N2C(C(=O)OCOC(=O)C(C)(C)C)=C(SC3CN(C4=NCCS4)C3)[C@H](C)[C@H]12,SNUDIPVBUUXCDG-MYIUUGPWSA-N,SNUDIPVBUUXCDG
130,C=CC[N+]1([C@H]2C[C@H]3[C@@H]4CC[C@H]5C[C@H](O)[C@@H](N6CCOCC6)C[C@]5(C)[C@H]4CC[C@]3(C)[C@H]2OC(C)=O)CCCC1,Substrate,C=CC[N+]1([C@H]2C[C@H]3[C@@H]4CC[C@H]5C[C@H](O)[C@@H](N6CCOCC6)C[C@]5(C)[C@H]4CC[C@]3(C)[C@H]2OC(C)=O)CCCC1,YXRDKMPIGHSVRX-OOJCLDBCSA-N,YXRDKMPIGHSVRX
131,C[C@H](CCC(=O)NCCS(=O)(=O)O)[C@H]1CC[C@H]2[C@@H]3[C@H](O)C[C@@H]4C[C@H](O)CC[C@]4(C)[C@H]3C[C@H](O)[C@]12C,Substrate,C[C@H](CCC(=O)NCCS(=O)(=O)O)[C@H]1CC[C@H]2[C@@H]3[C@H](O)C[C@@H]4C[C@H](O)CC[C@]4(C)[C@H]3C[C@H](O)[C@]12C,WBWWGRHZICKQGZ-HZAMXZRMSA-N,WBWWGRHZICKQGZ
132,CCn1cc(C(=O)O)c(=O)c2cc(F)c(N3CCNC(C)C3)c(F)c21,Substrate,CCn1cc(C(=O)O)c(=O)c2cc(F)c(N3CCNC(C)C3)c(F)c21,ZEKZLJVOYLTDKK-UHFFFAOYSA-N,ZEKZLJVOYLTDKK
133,CC1(C)SSC(C)(C)[C@@H](NC(=O)[C@@H](N)Cc2ccc(O)cc2)C(=O)NCC(=O)N[C@@H](Cc2ccccc2)C(=O)N[C@H]1C(=O)O,Substrate,CC1(C)SSC(C)(C)C(NC(=O)C(N)Cc2ccc(O)cc2)C(=O)NCC(=O)NC(Cc2ccccc2)C(=O)NC1C(=O)O,MCMMCRYPQBNCPH-UHFFFAOYSA-N,MCMMCRYPQBNCPH
134,CNC(=O)c1cc(Oc2ccc(NC(=O)Nc3ccc(Cl)c(C(F)(F)F)c3)cc2)ccn1,Non-substrate,CNC(=O)c1cc(Oc2ccc(NC(=O)Nc3ccc(Cl)c(C(F)(F)F)c3)cc2)ccn1,MLDQJTXFUGDVEO-UHFFFAOYSA-N,MLDQJTXFUGDVEO
135,CCN(CC)CCNC(=O)c1c(C)[nH]c(/C=C2\C(=O)Nc3ccc(F)cc32)c1C,Non-substrate,C=c1c(C(=O)NCCN(CC)CC)c(C)[nH]c1=Cc1c(O)[nH]c2ccc(F)cc12,MAXXXDSMDPPTEE-UHFFFAOYSA-N,MAXXXDSMDPPTEE
136,CC[C@H](C)C(=O)O[C@H]1C[C@H](O)C=C2C=C[C@H](C)[C@H](CC[C@@H](O)C[C@@H](O)CC(=O)O)[C@H]21,Non-substrate,CCC(C)C(=O)O[C@H]1C[C@H](O)C=C2C=C[C@H](C)[C@H](CC[C@@H](O)C[C@@H](O)CC(=O)O)[C@H]21,TUZYXOIXSAXUGO-RXYRLICESA-N,TUZYXOIXSAXUGO
137,CCOc1ccc(CC(CN(CCN(CC(=O)O)CC(=O)O)CC(=O)O)N(CC(=O)O)CC(=O)O)cc1,Non-substrate,CCOc1ccc(CC(CN(CCN(CC(=O)O)CC(=O)O)CC(=O)O)N(CC(=O)O)CC(=O)O)cc1,AQOXEJNYXXLRQQ-UHFFFAOYSA-N,AQOXEJNYXXLRQQ
138,N[C@@H](CCC(=O)N[C@@H](CSc1ccc([N+](=O)[O-])cc1[N+](=O)[O-])C(=O)NCC(=O)O)C(=O)O,Non-substrate,NC(CCC(=O)NC(CSc1ccc([N+](=O)[O-])cc1[N+](=O)[O-])C(=O)NCC(=O)O)C(=O)O,FXEUKVKGTKDDIQ-UHFFFAOYSA-N,FXEUKVKGTKDDIQ
139,NCCc1ccc(Oc2ccc(O)cc2)c(I)c1,Non-substrate,NCCc1ccc(Oc2ccc(O)cc2)c(I)c1,XIINYOJWNGOUPF-UHFFFAOYSA-N,XIINYOJWNGOUPF
140,CCCCC/C=C\C/C=C\C=C\C=C\[C@@H](SC[C@H](NC(=O)CC[C@H](N)C(=O)O)C(=O)NCC(=O)O)[C@@H](O)CCCC(=O)O,Non-substrate,CCCCC/C=C\C/C=C\C=C\C=C\[C@@H](SCC(NC(=O)CCC(N)C(=O)O)C(=O)NCC(=O)O)[C@@H](O)CCCC(=O)O,GWNVDXQDILPJIG-SWOVEEFNSA-N,GWNVDXQDILPJIG
141,Cc1ncc2n1-c1ccc(Cl)cc1C(c1ccccc1F)=NC2,Non-substrate,Cc1ncc2n1-c1ccc(Cl)cc1C(c1ccccc1F)=NC2,DDLIGBOFAVUZHB-UHFFFAOYSA-N,DDLIGBOFAVUZHB
142,CCCC[N+](C)(CCCC)CCCC,Non-substrate,CCCC[N+](C)(CCCC)CCCC,HJHUXWBTVVFLQI-UHFFFAOYSA-N,HJHUXWBTVVFLQI
143,COc1c(C)c2c(c(O)c1C/C=C(\C)CCC(=O)O)C(=O)OC2,Non-substrate,COc1c(C)c2c(c(O)c1C/C=C(\C)CCC(=O)O)C(=O)OC2,HPNSFSBZBAHARI-RUDMXATFSA-N,HPNSFSBZBAHARI
144,COc1c(C)c2c(c(OC3O[C@H](C(=O)O)[C@@H](O)[C@H](O)[C@H]3O)c1C/C=C(\C)CCC(=O)O)C(=O)OC2,Non-substrate,COc1c(C)c2c(c(OC3OC(C(=O)O)[C@@H](O)[C@H](O)[C@H]3O)c1C/C=C(\C)CCC(=O)O)C(=O)OC2,BYFGTSAYQQIUCN-RREAYTQWSA-N,BYFGTSAYQQIUCN
145,C[C@]12CCC(=O)C=C1CC[C@@H]1[C@@H]2[C@@H](O)C[C@]2(C=O)[C@@H](C(=O)CO)CC[C@@H]12,Non-substrate,C[C@]12CCC(=O)C=C1CC[C@@H]1[C@@H]2[C@@H](O)C[C@]2(C=O)C(C(=O)CO)CC[C@@H]12,PQSUYGKTWSAVDQ-LNXQYSHSSA-N,PQSUYGKTWSAVDQ
146,C[C@]12CCC(=O)C=C1CC[C@@H]1[C@@H]2[C@@H](O)C[C@@]2(C)[C@H]1CC[C@]2(O)C(=O)CO,Non-substrate,C[C@]12CCC(=O)C=C1CC[C@@H]1[C@@H]2[C@@H](O)C[C@@]2(C)[C@H]1CC[C@]2(O)C(=O)CO,JYGXADMDTFJGBT-VWUMJDOOSA-N,JYGXADMDTFJGBT
147,CCCCCCCC(=O)CC[C@@H]1[C@@H](C/C=C\CCCC(=O)OC(C)C)[C@@H](O)C[C@H]1O,Non-substrate,CCCCCCCC(=O)CC[C@@H]1[C@@H](C/C=C\CCCC(=O)OC(C)C)[C@@H](O)C[C@H]1O,XXUPXHKCPIKWLR-JHUOEJJVSA-N,XXUPXHKCPIKWLR
148,CCOC(=O)[C@H](CCc1ccccc1)N[C@@H](C)C(=O)N1CCC[C@H]1C(=O)O,Non-substrate,CCOC(=O)C(CCc1ccccc1)NC(C)C(=O)N1CCCC1C(=O)O,GBXSMTUPTTWBMN-UHFFFAOYSA-N,GBXSMTUPTTWBMN
149,C[C@H]1O[C@@H](O[C@H]2[C@@H](O)C[C@H](O[C@H]3[C@@H](O)C[C@H](O[C@H]4CC[C@@]5(C)[C@H](CC[C@@H]6[C@@H]5C[C@@H](O)[C@]5(C)[C@@H](C7=CC(=O)OC7)CC[C@]65O)C4)O[C@@H]3C)O[C@@H]2C)C[C@H](O)[C@@H]1O,Non-substrate,C[C@H]1O[C@@H](O[C@H]2[C@@H](O)C[C@H](O[C@H]3[C@@H](O)C[C@H](O[C@H]4CC[C@@]5(C)[C@H](CC[C@@H]6[C@@H]5C[C@@H](O)[C@]5(C)[C@@H](C7=CC(=O)OC7)CC[C@]65O)C4)O[C@@H]3C)O[C@@H]2C)C[C@H](O)[C@@H]1O,LTMHDMANZUZIPE-PUGKRICDSA-N,LTMHDMANZUZIPE
150,O=C(O)C(F)(F)C(F)(F)C(F)(F)C(F)(F)C(F)(F)C(F)(F)C(F)(F)F,Non-substrate,O=C(O)C(F)(F)C(F)(F)C(F)(F)C(F)(F)C(F)(F)C(F)(F)C(F)(F)F,SNGREZUHAYWORS-UHFFFAOYSA-N,SNGREZUHAYWORS
