,status_influx,papyrus_SMILES,papyrus_inchi_key,inchi_connectivity
0,1.0,CCn1cc(C(=O)O)c(=O)c2cc(F)c(N3CCNCC3)cc21,OGJPXUAPXNRGGI-UHFFFAOYSA-N,OGJPXUAPXNRGGI
1,1.0,CC(C)(C)NCC(O)COc1cccc2c1CC(O)C(O)C2,VWPOSFSPZNDTMJ-UHFFFAOYSA-N,VWPOSFSPZNDTMJ
2,1.0,C[C@H](CCC(=O)O)[C@H]1CC[C@H]2[C@@H]3[C@H](O)C[C@@H]4C[C@H](O)CC[C@]4(C)[C@H]3C[C@H](O)[C@]12C,BHQCQFFYRZLCQQ-OELDTZBJSA-N,BHQCQFFYRZLCQQ
3,0.0,NCCc1ccc(Oc2ccc(O)cc2)c(I)c1,XIINYOJWNGOUPF-UHFFFAOYSA-N,XIINYOJWNGOUPF
4,0.0,COc1c(C)c2c(c(O)c1CC=C(C)CCC(=O)O)C(=O)OC2,HPNSFSBZBAHARI-UHFFFAOYSA-N,HPNSFSBZBAHARI
5,0.0,COc1c(C)c2c(c(OC3OC(C(=O)O)[C@@H](O)[C@H](O)[C@H]3O)c1CC=C(C)CCC(=O)O)C(=O)OC2,BYFGTSAYQQIUCN-URYOTEEKSA-N,BYFGTSAYQQIUCN
6,0.0,O=C(O)C(F)(F)C(F)(F)C(F)(F)C(F)(F)C(F)(F)C(F)(F)C(F)(F)F,SNGREZUHAYWORS-UHFFFAOYSA-N,SNGREZUHAYWORS
7,0.0,NC(CCC(=O)NC(CSc1ccc([N+](=O)[O-])cc1[N+](=O)[O-])C(=O)NCC(=O)O)C(=O)O,FXEUKVKGTKDDIQ-UHFFFAOYSA-N,FXEUKVKGTKDDIQ
8,0.0,CCOc1ccc(CC(CN(CCN(CC(=O)O)CC(=O)O)CC(=O)O)N(CC(=O)O)CC(=O)O)cc1,AQOXEJNYXXLRQQ-UHFFFAOYSA-N,AQOXEJNYXXLRQQ
9,1.0,CC(C)n1c(C=C[C@H](O)C[C@H](O)CC(=O)O)c(-c2ccc(F)cc2)c2ccccc21,FJLGEFLZQAZZCD-OALUTQOASA-N,FJLGEFLZQAZZCD
10,1.0,COc1ccccc1Oc1c(NS(=O)(=O)c2ccc(C(C)(C)C)cc2)nc(-c2ncccn2)nc1OCCO,GJPICJJJRGTNOD-UHFFFAOYSA-N,GJPICJJJRGTNOD
11,1.0,Cc1ccccc1C(=O)N1CCC(=NOS(=O)(=O)O)c2ccc(Cl)cc21,QQCSUWGQBREWRO-UHFFFAOYSA-N,QQCSUWGQBREWRO
12,1.0,Brc1ccc(Oc2ccc(Br)cc2Br)c(Br)c1,XYBSIYMGXVUVGY-UHFFFAOYSA-N,XYBSIYMGXVUVGY
13,1.0,Brc1cc(Br)c(Oc2cc(Br)c(Br)cc2Br)cc1Br,RZXIRSKYBISPGF-UHFFFAOYSA-N,RZXIRSKYBISPGF
14,1.0,O=C(O)c1ccc(NC(=O)C(CC2CCCC2)n2cnc(C(F)(F)F)c2)nc1,GKMLFBRLRVQVJO-UHFFFAOYSA-N,GKMLFBRLRVQVJO
15,1.0,COCc1c(-c2ccc(F)cc2)c(=CC[C@@H](O)C[C@@H](O)CC(=O)O)c(C(C)C)nc1=C(C)C,CDHNVTRRQNLWKA-WOJBJXKFSA-N,CDHNVTRRQNLWKA
16,1.0,CC(C)(O)c1ccccc1CC[C@@H](SCC1(CC(=O)O)CC1)c1cccc(C=Cc2ccc3ccc(Cl)cc3n2)c1,UCHDWCPVSPXUMX-JGCGQSQUSA-N,UCHDWCPVSPXUMX
17,1.0,Cc1ccc(-n2[nH]c(C)c(N=Nc3cccc(-c4cccc(C(=O)O)c4)c3O)c2=O)cc1C,SVOQIEJWJCQGDQ-UHFFFAOYSA-N,SVOQIEJWJCQGDQ
18,1.0,O=C(O)C[C@H](O)C[C@H](O)CCn1c(-c2ccc(F)cc2)nc(C(=O)NCc2cccc(F)c2)c1C1CC1,MTCOKKTVNVFMCS-FGZHOGPDSA-N,MTCOKKTVNVFMCS
19,1.0,O=C(O)C1O[C@@H](Oc2ccc([C@@H]3C(CC[C@H](O)c4ccc(F)cc4)C(=O)N3c3ccc(F)cc3)cc2)[C@H](O)[C@@H](O)[C@@H]1O,UOFYCFMTERCNEW-SGSUOIHRSA-N,UOFYCFMTERCNEW
20,1.0,CC#CCC(C)[C@H](O)C=C[C@@H]1[C@H]2CC(=CCCCC(=O)O)C[C@H]2C[C@H]1O,HIFJCPQKFCZDDL-XZCJVGAVSA-N,HIFJCPQKFCZDDL
21,1.0,CCCCC[C@H](O)C=C[C@H]1OC(O)C[C@H](O)[C@@H]1CC=CCCCC(=O)O,XNRNNGPBEPRNAR-YLQJXANPSA-N,XNRNNGPBEPRNAR
22,0.0,Nc1nc(=O)c2c([nH]1)NC[C@H](CNc1ccc(C(=O)NC(CCC(=O)O)C(=O)O)cc1)N2C=O,VVIAGPKUTFNRDU-UEWDXFNNSA-N,VVIAGPKUTFNRDU
23,0.0,O=C1OC2(c3ccc(O)cc3Oc3cc(O)ccc32)c2ccccc21,GNBHRKFJIUUOQI-UHFFFAOYSA-N,GNBHRKFJIUUOQI
24,0.0,Cc1c(C)c2c(c(C)c1OS(=O)(=O)O)CCC(C)(COc1ccc(Cc3sc(=O)[nH]c3O)cc1)O2,NLJKZNWTIBFEPA-UHFFFAOYSA-N,NLJKZNWTIBFEPA
25,0.0,CC(C)(C)COc1ccc(-n2cc(C(=O)O)cn2)cc1C#N,AETHRPHBGJAIBT-UHFFFAOYSA-N,AETHRPHBGJAIBT
26,0.0,C[C@]12CC[C@@H]3c4ccc(OS(=O)(=O)O)cc4CC[C@H]3[C@@H]1CC[C@@H]2OC1OC(C(=O)O)[C@@H](O)[C@H](O)[C@H]1O,VRMSCBRLZUCJBX-DIQQBHKDSA-N,VRMSCBRLZUCJBX
27,0.0,CC(C)Cc1ccc(C(C)C(=O)O)cc1,HEFNNWSXXWATRW-UHFFFAOYSA-N,HEFNNWSXXWATRW
28,0.0,CC(C)OC(=O)CCCC=CC[C@@H]1[C@@H](CC[C@@H](O)CCc2ccccc2)[C@H](O)C[C@@H]1O,GGXICVAJURFBLW-VCDBXAJLSA-N,GGXICVAJURFBLW
29,0.0,C[C@H](CC(=O)O)[C@H]1CC[C@H]2[C@@H]3[C@@H](O)C[C@@H]4C[C@H](O)CC[C@]4(C)[C@H]3CC[C@]12C,QYYDXDSPYPOWRO-JHMCBHKWSA-N,QYYDXDSPYPOWRO
30,0.0,CC(O)CC1NC(=O)C2Cc3c([nH]c4ccccc34)SCC(NC(=O)C(C(C)O)NC(=O)C(C)NC1=O)C(=O)N1CC(O)CC1C(=O)NC(C)C(=O)N2,QFBWBPWXLYXNHF-UHFFFAOYSA-N,QFBWBPWXLYXNHF
31,0.0,CCCCNC(=O)NS(=O)(=O)c1ccc(C)cc1,JLRGJRBPOGGCBT-UHFFFAOYSA-N,JLRGJRBPOGGCBT
32,1.0,Nc1nc(=O)c2ncn(COC(CO)CO)c2[nH]1,IRSCQMHQWWYFCW-UHFFFAOYSA-N,IRSCQMHQWWYFCW
33,1.0,CN=C(NC#N)NCCSCc1[nH]cnc1C,AQIXAKUUQRKLND-UHFFFAOYSA-N,AQIXAKUUQRKLND
34,1.0,c1ccc(C2(N3CCCCC3)CCCCC2)cc1,JTJMJGYZQZDUJJ-UHFFFAOYSA-N,JTJMJGYZQZDUJJ
35,1.0,CN(C)CC1CCCCC1(O)c1cccc(O)c1,UWJUQVWARXYRCG-UHFFFAOYSA-N,UWJUQVWARXYRCG
36,1.0,COc1ccc2cc3[n+](cc2c1OC)CCc1cc2c(cc1-3)OCO2,YBHILYKTIRIUTE-UHFFFAOYSA-N,YBHILYKTIRIUTE
37,1.0,Nc1nc(Cl)nc2c1ncn2[C@H]1C[C@H](O)[C@@H](CO)O1,PTOAARAWEBMLNO-KVQBGUIXSA-N,PTOAARAWEBMLNO
38,1.0,CNS(=O)(=O)Cc1ccc2[nH]cc(CCN(C)C)c2c1,KQKPFRSPSRPDEB-UHFFFAOYSA-N,KQKPFRSPSRPDEB
39,1.0,CN=C(C[N+](=O)[O-])NCCSCc1csc(CN(C)C)n1,XPZQPVYGEOEOKS-UHFFFAOYSA-N,XPZQPVYGEOEOKS
40,1.0,CC(C)(C)NCC(O)c1cc(O)cc(O)c1,XWTYSIMOBUGWOL-UHFFFAOYSA-N,XWTYSIMOBUGWOL
41,1.0,CC(C)NC[C@H](O)COc1ccc(CC(N)=O)cc1,METKIMKYRPQLGS-LBPRGKRZSA-N,METKIMKYRPQLGS
42,1.0,CC(Cc1ccc(O)cc1)NCC(O)c1cc(O)cc(O)c1,LSLYOANBFKQKPT-UHFFFAOYSA-N,LSLYOANBFKQKPT
43,1.0,c1cnc2cc3c(cc2n1)[C@@H]1CNC[C@H]3C1,JQSHBVHOMNKWFT-DTORHVGOSA-N,JQSHBVHOMNKWFT
44,1.0,CC(C)[N+]1(C)[C@@H]2CC[C@@H]1CC(OC(=O)C(CO)c1ccccc1)C2,OEXHQOGQTVQTAT-IPHBXJNRSA-N,OEXHQOGQTVQTAT
45,1.0,C[N+]12CCC(CC1)C(OC(=O)C(O)(c1ccccc1)c1ccccc1)C2,HOOSGZJRQIVJSZ-UHFFFAOYSA-N,HOOSGZJRQIVJSZ
46,1.0,COc1ccc(CC(C)NCC(O)c2ccc(O)c(NC=O)c2)cc1,BPZSYCZIITTYBL-UHFFFAOYSA-N,BPZSYCZIITTYBL
47,1.0,C[N+]1(C)CCC(OC(=O)C(O)(c2ccccc2)C2CCCC2)C1,ANGKOCUUWGHLCE-UHFFFAOYSA-N,ANGKOCUUWGHLCE
48,1.0,CC[C@H](NC(C)C)[C@H](O)c1ccc(O)c2[nH]c(=O)ccc12,FKNXQNWAXFXVNW-BLLLJJGKSA-N,FKNXQNWAXFXVNW
49,1.0,CC(O)(CNC1CC1)COc1ccccc1-c1cc(C(N)=O)c(NC(N)=O)s1,KTPBZNRBJZFXCY-UHFFFAOYSA-N,KTPBZNRBJZFXCY
50,1.0,CNc1nccc(-c2cc3cc(C(=O)NC(CN(c4ccccc4)c4ccccn4)C(=O)O)ccc3[nH]2)n1,ICBAJJBPHLBVEN-UHFFFAOYSA-N,ICBAJJBPHLBVEN
51,1.0,NC(=O)Nc1cc(-c2ccccc2O)sc1C(N)=O,HLYYZHSRKHRCFV-UHFFFAOYSA-N,HLYYZHSRKHRCFV
52,1.0,CCOC(=O)Nc1nc(C(N)=O)c(NC(N)=O)s1,NSKHIVFCVLJSFR-UHFFFAOYSA-N,NSKHIVFCVLJSFR
53,1.0,COCCN1CC[C@H](Oc2ccccc2-c2cc(C(N)=O)c(NC(N)=O)s2)C1,BRNZAKQKEABRDF-LBPRGKRZSA-N,BRNZAKQKEABRDF
54,1.0,NC(=O)Nc1sc(-c2ccccc2O[C@@H]2CN[C@H](CF)C2)cc1C(N)=O,WGFAAHIWNLBDFX-UWVGGRQHSA-N,WGFAAHIWNLBDFX
55,1.0,COC[C@@H]1C[C@H](Oc2ccccc2-c2cc(C(N)=O)c(NC(N)=O)s2)CN1,GHNNMGCIUWTMQU-QWRGUYRKSA-N,GHNNMGCIUWTMQU
56,1.0,NC(=O)Nc1sc(-c2cc(F)cc(Br)c2O[C@H]2CCNC2)cc1C(N)=O,IUFDYLQRGBLZKH-QMMMGPOBSA-N,IUFDYLQRGBLZKH
57,1.0,NC(=O)COc1ccc(-c2cc(C(N)=O)c(NC(N)=O)s2)c(OCc2ccccc2)c1,JELBPJNCMYNJHN-UHFFFAOYSA-N,JELBPJNCMYNJHN
58,1.0,CC(C)NC(C)COc1ccccc1-c1cc(C(N)=O)c(NC(N)=O)s1,NVEIXEFXOYEIJY-UHFFFAOYSA-N,NVEIXEFXOYEIJY
59,1.0,CCC(C)NCC(O)COc1ccccc1-c1cc(C(N)=O)c(NC(N)=O)s1,ZGMWEENJNXBREE-UHFFFAOYSA-N,ZGMWEENJNXBREE
60,1.0,C[N+]1(C)CCCC(c2cc(-c3c(O)cccc3OCC3CC3)nc3c2COC(=O)N3)C1,ZUTKEQYLAVSOKY-UHFFFAOYSA-O,ZUTKEQYLAVSOKY
61,1.0,CCS(=O)(=O)c1ccc(-c2cc(C(N)=O)c(NC(N)=O)s2)cc1,BLFFDDSISGGHMW-UHFFFAOYSA-N,BLFFDDSISGGHMW
62,1.0,CN1CCC(COc2ccccc2-c2cc(C(N)=O)c(NC(N)=O)s2)C1,BDGMCPUJLSQUEV-UHFFFAOYSA-N,BDGMCPUJLSQUEV
63,1.0,CCOCCNCC(O)COc1ccccc1-c1cc(C(N)=O)c(NC(N)=O)s1,IJEWHIKAYANADC-UHFFFAOYSA-N,IJEWHIKAYANADC
64,1.0,NC(=O)Nc1sc(-c2ccccc2O[C@@H]2CN[C@H](CO)C2)cc1C(N)=O,ZJADKQFETPWPJU-UWVGGRQHSA-N,ZJADKQFETPWPJU
65,1.0,NC(=O)Nc1sc(-c2ccccc2OCC2CCCNC2)cc1C(N)=O,YFVSBTPKBCLQPR-UHFFFAOYSA-N,YFVSBTPKBCLQPR
66,1.0,NC(=O)Nc1sc(-c2ccccc2OCC(O)CNCCO)cc1C(N)=O,DNZCUJPOBGCHLI-UHFFFAOYSA-N,DNZCUJPOBGCHLI
67,1.0,COC(=O)c1ccc(-c2cc(C(N)=O)c(NC(N)=O)s2)c(O)c1,TULMCWRPWQZUGJ-UHFFFAOYSA-N,TULMCWRPWQZUGJ
68,1.0,CS(=O)(=O)N1CC=C(c2cc(C(N)=O)c(NC(N)=O)s2)CC1,JGQVMJADKPCNOA-UHFFFAOYSA-N,JGQVMJADKPCNOA
69,1.0,CCS(=O)(=O)N1CC=C(c2cc(C(N)=O)c(NC(N)=O)s2)CC1,HBGZRQLZCUWVLG-UHFFFAOYSA-N,HBGZRQLZCUWVLG
70,1.0,CCNCC(O)COc1ccccc1-c1cc(C(N)=O)c(NC(N)=O)s1,GFEMAJJSMSCUDR-UHFFFAOYSA-N,GFEMAJJSMSCUDR
71,1.0,CC(Oc1ccccc1-c1cc(C(N)=O)c(NC(N)=O)s1)C(N)=O,PTJYIGOCOSQPKD-UHFFFAOYSA-N,PTJYIGOCOSQPKD
72,1.0,C[C@@H](N)COc1ccccc1-c1cc(C(N)=O)c(NC(N)=O)s1,BGKIHTSJQWYABS-MRVPVSSYSA-N,BGKIHTSJQWYABS
73,1.0,NC(=O)Nc1sc(-c2cc(Cl)ccc2O[C@H]2CCNC2)cc1C(N)=O,WRBFAMCVPVLDOG-VIFPVBQESA-N,WRBFAMCVPVLDOG
74,1.0,CC(C)NC(=O)Nc1nc(C(N)=O)c(NC(N)=O)s1,SOLLNQIOYNOLOU-UHFFFAOYSA-N,SOLLNQIOYNOLOU
75,1.0,NC(=O)c1cnc(N)c2cc(-c3ccccc3OC3CCNC3)sc12,BUVVGOSANOVPPV-UHFFFAOYSA-N,BUVVGOSANOVPPV
76,1.0,CNCCOc1ccccc1-c1cc(C(N)=O)c(NC(N)=O)s1,UOLYRCVSRILPEU-UHFFFAOYSA-N,UOLYRCVSRILPEU
77,1.0,NC(=O)Nc1sc(-c2ccccc2OC[C@@H]2CCNC2)cc1C(N)=O,XVNIKHJHBYVNID-SNVBAGLBSA-N,XVNIKHJHBYVNID
78,1.0,NC(=O)Nc1sc(-c2ccccc2OC2CNC2)cc1C(N)=O,JATLYEOSXJJASN-UHFFFAOYSA-N,JATLYEOSXJJASN
79,1.0,NC(=O)Nc1sc(-c2ccccc2OC2CCCNCC2)cc1C(N)=O,TZGQBWHLUAYDJE-UHFFFAOYSA-N,TZGQBWHLUAYDJE
80,1.0,NC(=O)Nc1sc(-c2ccc(O)cc2O)cc1C(N)=O,RMCNMGIFOIAUNO-UHFFFAOYSA-N,RMCNMGIFOIAUNO
81,1.0,CNCC(O)COc1ccccc1-c1cc(C(N)=O)c(NC(N)=O)s1,JBYXPRIVEXKUOC-UHFFFAOYSA-N,JBYXPRIVEXKUOC
82,1.0,NC(=O)COc1ccc(-c2cc(C(N)=O)c(NC(N)=O)s2)cc1,DKJNMJHIRZIJDQ-UHFFFAOYSA-N,DKJNMJHIRZIJDQ
83,1.0,NC(=O)Nc1sc(-c2ccccc2OC2CCNCC2)cc1C(N)=O,BXDIGQDHWUHRAU-UHFFFAOYSA-N,BXDIGQDHWUHRAU
84,1.0,CC(=N)N[C@H](CNC(=O)c1nc(Cl)c(N)nc1N)Cc1ccccc1C,HPFURSBLVUSLGW-LBPRGKRZSA-N,HPFURSBLVUSLGW
85,1.0,NC(=O)Nc1sc(-c2ccccc2OC2CCNC2)nc1C(N)=O,IDQPBWYCQAOXKI-UHFFFAOYSA-N,IDQPBWYCQAOXKI
86,1.0,C[N+]1(C)CCCC(c2cc(-c3c(O)cccc3OCC3CC3)nc(N)c2C#N)C1,ISCNFTCLGRMVFK-UHFFFAOYSA-O,ISCNFTCLGRMVFK
87,1.0,C[N+](C)(C)CC(O)COc1ccccc1-c1cc(C(N)=O)c(NC(N)=O)s1,LRQYFZKLHMXCJX-UHFFFAOYSA-O,LRQYFZKLHMXCJX
88,1.0,N#Cc1ccc(OC2CCNC2)c(-c2cc(C(N)=O)c(NC(N)=O)s2)c1,LSURYHMYIRZBGK-UHFFFAOYSA-N,LSURYHMYIRZBGK
89,1.0,C[N+]1(C)CCC(Oc2ccccc2-c2cc(C(N)=O)c(NC(N)=O)s2)C1,ULTDOZRLXLILGZ-UHFFFAOYSA-O,ULTDOZRLXLILGZ
90,1.0,NC(=O)Nc1sc(-c2cccc(OC3CCNC3)c2)cc1C(N)=O,XHUSGSUWISLEJZ-UHFFFAOYSA-N,XHUSGSUWISLEJZ
91,1.0,NCCOc1ccc(-c2cc(C(N)=O)c(NC(N)=O)s2)cc1,KULFIIXTHOTPDX-UHFFFAOYSA-N,KULFIIXTHOTPDX
92,1.0,NC(=O)Nc1sc(-c2ccc(OC3CCNC3)cc2)cc1C(N)=O,GRIIDYGAJBBZJB-UHFFFAOYSA-N,GRIIDYGAJBBZJB
93,1.0,C[N+]1(C)[C@@H]2C[C@@H](OC(=O)C(O)(c3cccs3)c3cccs3)C[C@H]1[C@@H]1O[C@@H]12,LERNTVKEWCAPOY-DZZGSBJMSA-N,LERNTVKEWCAPOY
94,1.0,O=C(NCCNC[C@@H](O)COc1ccc(O)cc1)N1CCOCC1,DXPOSRCHIDYWHW-CQSZACIVSA-N,DXPOSRCHIDYWHW
95,0.0,Cc1nc(Nc2ncc(C(=O)Nc3c(C)cccc3Cl)s2)cc(N2CCN(CCO)CC2)n1,ZBNZXTGUTAYRHI-UHFFFAOYSA-N,ZBNZXTGUTAYRHI
96,0.0,Cc1cn(-c2cc(NC(=O)c3ccc(C)c(Nc4nccc(-c5cccnc5)n4)c3)cc(C(F)(F)F)c2)cn1,HHZIURLSWUIHRB-UHFFFAOYSA-N,HHZIURLSWUIHRB
97,0.0,COc1cc2ncnc(Nc3ccc(F)c(Cl)c3)c2cc1OCCCN1CCOCC1,XGALLCVXEZPNRQ-UHFFFAOYSA-N,XGALLCVXEZPNRQ
98,0.0,COc1ccc(CC(N)C(=O)N[C@H]2[C@@H](O)[C@H](n3cnc4c(N(C)C)ncnc43)O[C@@H]2CO)cc1,RXWNCPJZOCPEPQ-ZRKVXJNMSA-N,RXWNCPJZOCPEPQ
99,0.0,COCC(=O)O[C@]1(CCN(C)CCCc2nc3ccccc3[nH]2)CCc2cc(F)ccc2[C@@H]1C(C)C,HBNPJJILLOYFJU-VMPREFPWSA-N,HBNPJJILLOYFJU
100,0.0,CC(NC(C)(C)C)C(=O)c1cccc(Cl)c1,SNPPWIUOZRMYNY-UHFFFAOYSA-N,SNPPWIUOZRMYNY
101,0.0,CN1CCN(C2=Nc3cc(Cl)ccc3Nc3ccccc32)CC1,QZUDBNBUXVUHMW-UHFFFAOYSA-N,QZUDBNBUXVUHMW
102,0.0,CCCCN1CCCCC1C(=O)Nc1c(C)cccc1C,LEBVLXFERQHONN-UHFFFAOYSA-N,LEBVLXFERQHONN
103,0.0,CNC1(c2ccccc2Cl)CCCCC1=O,YQEZLKZALYSWHR-UHFFFAOYSA-N,YQEZLKZALYSWHR
104,0.0,COc1ccc(C[C@@H]2NC[C@@H](O)[C@@H]2OC(C)=O)cc1,YKJYKKNCCRKFSL-BFHYXJOUSA-N,YKJYKKNCCRKFSL
105,0.0,CN1N=C2CCN(C(=O)C(COCc3ccccc3)NC(=O)C(C)(C)N)C[C@@]2(Cc2ccccc2)C1=O,KVLLHLWBPNCVNR-AALRHGRASA-N,KVLLHLWBPNCVNR
106,0.0,CCN1C[C@]2(OC(=O)c3ccccc3NC(C)=O)CC[C@H](OC)[C@@]34[C@@H]2C[C@@H]([C@@H]13)[C@@]1(O)C[C@H](OC)[C@H]2C[C@@H]4[C@]1(O)[C@H]2OC,NWBWCXBPKTTZNQ-QOQRDJBUSA-N,NWBWCXBPKTTZNQ
107,0.0,N=C(NC(=O)c1nc(Cl)c(N)nc1N)Nc1ccccc1,NIOHELZQFBGCEO-UHFFFAOYSA-N,NIOHELZQFBGCEO
108,0.0,CC(C)(C)OC(=O)N1CC[C@@H](COc2ccccc2-c2cc(C(N)=O)c(NC(N)=O)s2)C1,IJHZFJITOPEXKR-CYBMUJFWSA-N,IJHZFJITOPEXKR
109,0.0,CC(C)(C)OC(=O)N1CC=C(c2cc(C(N)=O)c(NC(N)=O)s2)CC1,ZGKKLVJMNPQUFJ-UHFFFAOYSA-N,ZGKKLVJMNPQUFJ
110,0.0,NC(=O)Nc1sc(-c2ccc(Cl)cc2)cc1C(N)=O,WPYPRHJBDHULLS-UHFFFAOYSA-N,WPYPRHJBDHULLS
111,0.0,CNc1nccc(-c2cc3cc(C(=O)NC(CN(c4ccccc4)c4ccccn4)C(=O)OC)ccc3[nH]2)n1,BHWJZFUTTXRWPE-UHFFFAOYSA-N,BHWJZFUTTXRWPE
112,0.0,CC1(C)CN(CC(=O)N2CCCC2)C(C(=O)Nc2cc(Cl)cc3c2[nH]c2cnccc23)CO1,GXVJNIMBOAMEPI-UHFFFAOYSA-N,GXVJNIMBOAMEPI
113,0.0,O=C1Nc2nc(-c3c(O)cccc3OCC3CC3)cc(C3CCCNC3)c2CO1,IGJVFGZEWDGDOO-UHFFFAOYSA-N,IGJVFGZEWDGDOO
114,0.0,COc1cc(C(F)(F)F)ccc1-c1cc(C(N)=O)c(NC(N)=O)s1,MKPQFLNETIRQPE-UHFFFAOYSA-N,MKPQFLNETIRQPE
115,0.0,CC(=O)Nc1cc(Cl)c(O)cc1OC[C@@](C)(O)CNC1CCN(Cc2ccc(Cl)cc2)CC1,CPIUYOMCHIGWAP-DEOSSOPVSA-N,CPIUYOMCHIGWAP
116,0.0,Cc1c(-c2ccnn2-c2ccc(C#N)cc2)cc(C(=O)NCCC[N+](C)(C)C)c(=O)n1-c1cccc(C(F)(F)F)c1,CAMKOXHBYIJASR-UHFFFAOYSA-O,CAMKOXHBYIJASR
117,0.0,N#Cc1ccc(-n2nccc2-c2ccc(=O)n(-c3cccc(C(F)(F)F)c3)c2CN)cc1,CJQWZOYUARIEJP-UHFFFAOYSA-N,CJQWZOYUARIEJP
118,0.0,N#Cc1ccc(-n2nccc2-c2cc(C(N)=O)c(=O)n(-c3cccc(C(F)(F)F)c3)c2CN)cc1,MSMUCNQHCHVERI-UHFFFAOYSA-N,MSMUCNQHCHVERI
119,0.0,Cc1c(-c2ccnn2-c2ccc(C#N)cc2)cc(C(=O)NCCCNC(C)C)c(=O)n1-c1cccc(C(F)(F)F)c1,OYFKJLOOPMGMLN-UHFFFAOYSA-N,OYFKJLOOPMGMLN
120,0.0,Cc1c(-c2ccnn2-c2ccc(C#N)cc2)cc(C(=O)NCCCN(C)C)c(=O)n1-c1cccc(C(F)(F)F)c1,UGIPGXZXVPZBPZ-UHFFFAOYSA-N,UGIPGXZXVPZBPZ
121,0.0,CCNC(=O)C1O[C@@H](n2cnc3c(NC(CC)CC)nc(NCCNC(=O)Nc4cc[n+](C)cc4)nc32)[C@H](O)[C@@H]1O,VHFJCFMYSOWKQJ-LLHTUKDZSA-O,VHFJCFMYSOWKQJ
122,0.0,CCNC(=O)C1O[C@@H](n2cnc3c(N)nc(NCCc4ccc(CCN)cc4)nc32)[C@H](O)[C@@H]1O,KAALKHJMFAROHR-LAGODOEZSA-N,KAALKHJMFAROHR
123,0.0,CCNC(=O)C1O[C@@H](n2cnc3c(NC(CC)CC)nc(NCCNC(=O)Nc4ccncc4)nc32)[C@H](O)[C@@H]1O,QKTKJFJGXRGWJJ-DAZYMWJRSA-N,QKTKJFJGXRGWJJ
124,0.0,CCNC(=O)C1O[C@@H](n2cnc3c(N)nc(NCCc4ccc(CC[N+](C)(C)C)cc4)nc32)[C@H](O)[C@@H]1O,NTZHHNNGFMSYPZ-LLHTUKDZSA-O,NTZHHNNGFMSYPZ
125,0.0,O=C(N[C@H]1CC[C@@H](n2c(=O)c3cc(F)cnc3n(-c3cccc(-c4ccc(O)cc4CN4CCNCC4)c3)c2=O)CC1)c1cn2cc(F)ccc2n1,BIIGVLUTGSXJFX-HNRBIFIRSA-N,BIIGVLUTGSXJFX
126,0.0,Cc1ccc(O)c(C(=O)N[C@H]2CC[C@@H](NC(=O)c3cc(F)cnc3Oc3cccc(-c4ccc(CN5C[C@@H](C)N[C@@H](C)C5)cc4CN4CCOCC4)c3)CC2)c1,JHTLYFBBYQROBV-DZHYTCOUSA-N,JHTLYFBBYQROBV
127,0.0,CC(C)(c1ccccn1)C(N)c1ccccc1F,ONQKJTUUZBHGAN-UHFFFAOYSA-N,ONQKJTUUZBHGAN
128,0.0,CC1(C)Cc2c(CN3CCC4(CC3)CCN(C(=O)c3ccnc(N)c3)CC4)cccc2O1,RWGFKKGYHOTXRZ-UHFFFAOYSA-N,RWGFKKGYHOTXRZ
129,0.0,OCc1cc(C(O)CNCCCCCCOCCCCc2ccccc2)ccc1O,GIIZNNXWQWCKIB-UHFFFAOYSA-N,GIIZNNXWQWCKIB
130,0.0,CCc1oc2ccc(O)cc2c1C(=O)c1ccc(O)cc1,CGUSGHJDNCSDGH-UHFFFAOYSA-N,CGUSGHJDNCSDGH
131,0.0,CCc1oc2ccc(OC)cc2c1C(=O)c1cc(Br)c(O)c(Br)c1,LAENDNBFKZKHLA-UHFFFAOYSA-N,LAENDNBFKZKHLA
132,0.0,CCc1cc2c(C(=O)c3ccc(OC)cc3)cc(Br)c(O)c2o1,OUIKBAUKQYEGQB-UHFFFAOYSA-N,OUIKBAUKQYEGQB
133,0.0,O=c1c(O)c(-c2ccc(O)cc2O)oc2cc(O)cc(O)c12,YXOLAZRVSSWPPT-UHFFFAOYSA-N,YXOLAZRVSSWPPT
134,0.0,CCc1oc2cc(O)c(Br)cc2c1C(=O)c1cc(Br)c(O)c(Br)c1,PWXOHBHYWAQZIE-UHFFFAOYSA-N,PWXOHBHYWAQZIE
135,0.0,COc1ccc2nccc(SC3(C(=O)O)CCC3)c2c1,GGRHUZYQEPPMKD-UHFFFAOYSA-N,GGRHUZYQEPPMKD
136,0.0,N#CCCc1ccc2nccc(SC3(C(=O)O)CCC3)c2c1,JKUYCINLQCCRRW-UHFFFAOYSA-N,JKUYCINLQCCRRW
137,0.0,O=C(O)C1(Sc2ccnc3ccc(Br)cc23)CCCC1,GGHJJKMZKBPJRM-UHFFFAOYSA-N,GGHJJKMZKBPJRM
138,0.0,O=c1c(CC[S+](O)c2ccccc2)c(O)n(-c2ccccc2)n1-c1ccccc1,VESRCPPWLJEJIB-UHFFFAOYSA-O,VESRCPPWLJEJIB
139,0.0,Cc1cc(Oc2ccc(S(=O)(=O)Nc3ccc(F)cn3)c(F)c2)cc(C)c1C#N,SUYOQQGNJSOVRX-UHFFFAOYSA-N,SUYOQQGNJSOVRX
140,0.0,N#Cc1cc(S(=O)(=O)Nc2ccc(F)cn2)ccc1Oc1ccc(F)c(Cl)c1,LQYOUCYIUNWYOJ-UHFFFAOYSA-N,LQYOUCYIUNWYOJ
141,0.0,CC(C)(Sc1ccncc1-c1ccc(C#N)c2ccccc12)C(=O)O,YYBOLPLTQDKXPM-UHFFFAOYSA-N,YYBOLPLTQDKXPM
142,0.0,O=S(=O)(Nc1ccc(F)c(C(F)(F)F)c1)c1ccccc1C(F)(F)F,DZRAGPLJMUNJQR-UHFFFAOYSA-N,DZRAGPLJMUNJQR
143,0.0,CC(C)(Oc1ccc(C(=O)c2ccc(Cl)cc2)cc1)C(=O)O,MQOBSOSZFYZQOK-UHFFFAOYSA-N,MQOBSOSZFYZQOK
144,0.0,N#Cc1ccc(Oc2ccc(S(=O)(=O)Nc3ccc(F)cn3)c(F)c2)cc1F,QRRJYNRFCIERSX-UHFFFAOYSA-N,QRRJYNRFCIERSX
145,0.0,N#Cc1ccc(Oc2ccc(S(=O)(=O)Nc3ccc(F)cn3)cc2F)cc1F,BYPLZJKGKNJROQ-UHFFFAOYSA-N,BYPLZJKGKNJROQ
146,0.0,N#Cc1ccc(Oc2ccc(S(=O)(=O)Nc3ccc(F)cn3)cc2C#N)c(Cl)c1,SOJQETCIROIFPH-UHFFFAOYSA-N,SOJQETCIROIFPH
147,0.0,N#Cc1ccccc1NS(=O)(=O)c1ccccc1C(F)(F)F,JQTIYFIQUJBMHI-UHFFFAOYSA-N,JQTIYFIQUJBMHI
148,0.0,N#Cc1ccc(NS(=O)(=O)c2ccccc2C(F)(F)F)cc1Cl,UMROKUTXYJZWIP-UHFFFAOYSA-N,UMROKUTXYJZWIP
149,0.0,N#Cc1ccc(NS(=O)(=O)c2ccccc2C(F)(F)F)c(Cl)c1,ZYLOMPUTVAUWRS-UHFFFAOYSA-N,ZYLOMPUTVAUWRS
150,0.0,Cc1ccccc1S(=O)(=O)Nc1ccc(Cl)c(C#N)c1,PQDXLMYYLWKAJI-UHFFFAOYSA-N,PQDXLMYYLWKAJI
151,0.0,CCc1cc2c(C(=O)c3cc(Br)c(O)c(Br)c3)c(OC)ccc2o1,NGZJITNNZBCMAC-UHFFFAOYSA-N,NGZJITNNZBCMAC
152,0.0,CCc1oc2cc(O)ccc2c1C(=O)c1ccc(O)cc1,DWFUZQVYEKONJB-UHFFFAOYSA-N,DWFUZQVYEKONJB
153,0.0,CCc1oc2ccc(OC)cc2c1C(=O)c1ccc(O)cc1,JRZLKGRTWHCYMH-UHFFFAOYSA-N,JRZLKGRTWHCYMH
154,0.0,CCc1oc2ccccc2c1C(=O)c1ccc(O)cc1,RFRXIWQYSOIBDI-UHFFFAOYSA-N,RFRXIWQYSOIBDI
155,0.0,CCc1oc2ccc(O)cc2c1C(=O)c1cc(Br)c(O)c(Br)c1,QWHPIJVTUFQZOL-UHFFFAOYSA-N,QWHPIJVTUFQZOL
156,0.0,CCc1oc2cc(OC)ccc2c1C(=O)c1cc(Br)c(O)c(Br)c1,XQZPJZLYNLGNAL-UHFFFAOYSA-N,XQZPJZLYNLGNAL
157,0.0,CCc1oc2cc(O)ccc2c1C(=O)c1cc(Br)c(O)c(Br)c1,FEXBXMFVRKZOOZ-UHFFFAOYSA-N,FEXBXMFVRKZOOZ
158,0.0,CCc1cc2c(C(=O)c3ccc(O)cc3)ccc(O)c2o1,XZTGPYIPBPYERP-UHFFFAOYSA-N,XZTGPYIPBPYERP
159,0.0,CCc1cc2cc(OC)cc(C(=O)c3cc(Br)c(O)c(Br)c3)c2o1,MHJPBRVMZNMALE-UHFFFAOYSA-N,MHJPBRVMZNMALE
160,0.0,CCc1cc2c(C(=O)c3cc(Br)c(O)c(Br)c3)cc(Br)c(O)c2o1,FIFWKTSDYCQKQO-UHFFFAOYSA-N,FIFWKTSDYCQKQO
161,0.0,CCc1oc2cc(OC)ccc2c1C(=O)c1ccc(O)cc1,XCFYYKUFGSFYAK-UHFFFAOYSA-N,XCFYYKUFGSFYAK
162,0.0,CCc1oc2c(Br)c(O)c(Br)cc2c1C(=O)c1ccc(OC)cc1,LRIKJKQEONMJCX-UHFFFAOYSA-N,LRIKJKQEONMJCX
163,0.0,CCc1nn(Cc2c(Cl)cccc2Cl)c2cc(C(=O)O)ccc12,OXTVESNPFZCAKO-UHFFFAOYSA-N,OXTVESNPFZCAKO
164,0.0,Cc1nn(Cc2c(Cl)cccc2C2CC2)c2cc(-c3nn[nH]n3)cnc12,KKEHRCXNWIVIHK-UHFFFAOYSA-N,KKEHRCXNWIVIHK
165,0.0,O=C(O)c1cnc2c(Cl)nn(Cc3c(Cl)cccc3Cl)c2c1,QUODMFUSKPAJBO-UHFFFAOYSA-N,QUODMFUSKPAJBO
166,0.0,Cc1cc(Cl)c(Oc2ccc(S(=O)(=O)Nc3ccc(F)cn3)cc2C#N)cc1C,NQKDGVPKOSWPLR-UHFFFAOYSA-N,NQKDGVPKOSWPLR
167,0.0,Cc1cn(Cc2c(Cl)cccc2Cl)c2cc(CCC(=O)O)ccc12,KBOZMSFFJGFCMH-UHFFFAOYSA-N,KBOZMSFFJGFCMH
168,0.0,Cc1cccc(C)c1Cn1cc(C(C)C)c2ccc(C(=O)O)cc21,VVLNQBUFMSBIMF-UHFFFAOYSA-N,VVLNQBUFMSBIMF
169,0.0,Cc1cc(C)c(Cn2nc(C)c3ccc(CC(=O)O)cc32)c(C)c1,BJDROGLKPJEXEV-UHFFFAOYSA-N,BJDROGLKPJEXEV
170,0.0,N#Cc1cc(S(=O)(=O)Nc2ccc(F)cn2)ccc1Oc1cc(F)c(C#N)c(Cl)c1,RDUBAKNJMGVGLP-UHFFFAOYSA-N,RDUBAKNJMGVGLP
171,0.0,CC(C)(O)c1ccc(Oc2ccc(S(=O)(=O)Nc3ccc(F)cn3)cc2C#N)cc1,QABZGUNUBVANAZ-UHFFFAOYSA-N,QABZGUNUBVANAZ
172,0.0,Cc1ccc(C(C)C)cc1Oc1ccc(S(=O)(=O)Nc2ccc(F)cn2)cc1C#N,QCOQHYXGJNLSHC-UHFFFAOYSA-N,QCOQHYXGJNLSHC
173,0.0,N#Cc1cc(Oc2cc(F)c(S(=O)(=O)Nc3ncccn3)cc2Cl)ccc1F,XAUIUZKBQIEQGI-UHFFFAOYSA-N,XAUIUZKBQIEQGI
174,0.0,COc1cc(F)cc(Oc2ccc(S(=O)(=O)Nc3ccc(F)cn3)cc2C#N)c1,WWUOKPRLGFRICJ-UHFFFAOYSA-N,WWUOKPRLGFRICJ
175,0.0,N#Cc1cc(S(=O)(=O)Nc2ccc(F)cn2)ccc1Oc1cc(F)cc(F)c1Cl,WDHHKAKOSKYONF-UHFFFAOYSA-N,WDHHKAKOSKYONF
176,0.0,N#Cc1cc(S(=O)(=O)Nc2ccc(F)cn2)ccc1Oc1ccc(OC(F)(F)F)cc1,AHRCKSATHYICCF-UHFFFAOYSA-N,AHRCKSATHYICCF
177,0.0,N#Cc1cc(S(=O)(=O)Nc2ccc(F)cn2)ccc1Oc1cnc(C2CC2)c(Cl)c1,MQOBGOFPLQNWFY-UHFFFAOYSA-N,MQOBGOFPLQNWFY
178,0.0,N#Cc1cc(Cl)ccc1Oc1ccc(S(=O)(=O)Nc2ccc(F)cn2)cc1C#N,PKYIJIHNQVTYCJ-UHFFFAOYSA-N,PKYIJIHNQVTYCJ
179,0.0,N#Cc1cc(S(=O)(=O)Nc2ccc(F)cn2)ccc1Oc1cccc(C#N)c1F,AQAFQQMZCNQCGW-UHFFFAOYSA-N,AQAFQQMZCNQCGW
180,0.0,CS(=O)(=O)Nc1ccncc1-c1ccc(C#N)c2ccccc12,VUXLTHUBTUFZST-UHFFFAOYSA-N,VUXLTHUBTUFZST
181,0.0,O=C(O)C1(Sc2ccnc3ccc(-c4cccc(C(F)(F)F)c4)cc23)CCC1,JJNMSSOOUCYJLO-UHFFFAOYSA-N,JJNMSSOOUCYJLO
182,0.0,COCCOc1ccc2nccc(SC3(C(=O)O)CCC3)c2c1,LQOXZZULYFZKOT-UHFFFAOYSA-N,LQOXZZULYFZKOT
183,0.0,O=C(O)C1(Sc2ccnc3ccncc23)CCC1,BNIFIUXPVRBJPR-UHFFFAOYSA-N,BNIFIUXPVRBJPR
184,0.0,N#Cc1cc(S(=O)(=O)Nc2ccc(F)cn2)ccc1Oc1cc(F)cc(C(F)(F)F)c1,YJZVWPAVSCCMSY-UHFFFAOYSA-N,YJZVWPAVSCCMSY
185,0.0,N#Cc1cc(S(=O)(=O)Nc2ccc(F)cn2)ccc1Oc1cccc(F)c1,XSJMFRMPEZSFAK-UHFFFAOYSA-N,XSJMFRMPEZSFAK
186,0.0,COc1ccc(Oc2ccc(S(=O)(=O)Nc3ccc(F)cn3)cc2C#N)cc1C#N,PUVNLIIPEGBQOD-UHFFFAOYSA-N,PUVNLIIPEGBQOD
187,0.0,N#Cc1cc(S(=O)(=O)Nc2ccc(F)cn2)ccc1Oc1cnc(C#N)c(Cl)c1,HWZLNNKCVJGIFC-UHFFFAOYSA-N,HWZLNNKCVJGIFC
188,0.0,Cc1ccc(F)cc1Oc1ccc(S(=O)(=O)Nc2ccc(F)cn2)cc1C#N,OAQMNYLVZMYACW-UHFFFAOYSA-N,OAQMNYLVZMYACW
189,0.0,N#Cc1ccc(Oc2ccc(S(=O)(=O)Nc3ccnnc3)cc2C#N)cc1Cl,SNZBAAKOOLJSMN-UHFFFAOYSA-N,SNZBAAKOOLJSMN
190,0.0,N#Cc1cc(S(=O)(=O)Nc2ccc(F)cn2)ccc1Oc1c(F)cccc1F,OVALBBXAOJEEEU-UHFFFAOYSA-N,OVALBBXAOJEEEU
191,0.0,COc1ccc(Oc2ccc(S(=O)(=O)Nc3ccc(F)cn3)cc2C#N)cc1F,LIZZKNDVDPPVPF-UHFFFAOYSA-N,LIZZKNDVDPPVPF
192,0.0,Cc1cc(Oc2ccc(S(=O)(=O)Nc3ccc(F)cn3)cc2C#N)c(C(C)C)cc1Cl,LDSGPKNGSZEIIH-UHFFFAOYSA-N,LDSGPKNGSZEIIH
193,0.0,COc1ccccc1Oc1ccc(S(=O)(=O)Nc2ccc(F)cn2)cc1C#N,VOOQFFWVXNYOQC-UHFFFAOYSA-N,VOOQFFWVXNYOQC
194,0.0,O=C(Nc1ccccc1)c1c(O)[nH]c(=O)[nH]c1=O,VKWYRWQIBQMDFJ-UHFFFAOYSA-N,VKWYRWQIBQMDFJ
195,0.0,Cc1ccc(CC(=O)O)cc1OCc1c(C)cccc1C,IYOFVSUBBMQUQM-UHFFFAOYSA-N,IYOFVSUBBMQUQM
196,0.0,N#Cc1cc(S(=O)(=O)Nc2ccc(F)cn2)ccc1Oc1cc(Cl)ccc1Cl,YYVUXGPNXJOCCH-UHFFFAOYSA-N,YYVUXGPNXJOCCH
197,0.0,CC(C)Oc1ccccc1Oc1ccc(S(=O)(=O)Nc2ccc(F)cn2)cc1C#N,ZSAUBQCPWJSBNE-UHFFFAOYSA-N,ZSAUBQCPWJSBNE
198,0.0,N#Cc1c(Cl)cccc1Oc1ccc(S(=O)(=O)Nc2cccnc2)cc1,HWOCTJAKUZMSSS-UHFFFAOYSA-N,HWOCTJAKUZMSSS
199,0.0,N#Cc1cc(Oc2ccc(S(=O)(=O)Nc3ccc(F)cn3)cc2C#N)ccc1Cl,PIIFSEKLRTUDQZ-UHFFFAOYSA-N,PIIFSEKLRTUDQZ
200,0.0,O=S(=O)(Nc1cccc(OC(F)(F)F)c1)c1ccccc1C(F)(F)F,HXOYFKVZKSXQGA-UHFFFAOYSA-N,HXOYFKVZKSXQGA
201,0.0,Cc1cncc(NS(=O)(=O)c2ccccc2C(F)(F)F)c1,BDKVOUYQZMYGRD-UHFFFAOYSA-N,BDKVOUYQZMYGRD
202,0.0,N#Cc1cc(S(=O)(=O)Nc2ccc(F)cn2)ccc1Oc1cc(F)c(F)cc1Cl,VPJYGSUSSZANDZ-UHFFFAOYSA-N,VPJYGSUSSZANDZ
203,0.0,Cc1ncccc1Oc1ccc(S(=O)(=O)Nc2ccc(F)cn2)cc1C#N,VMJVGDGYNPKXQL-UHFFFAOYSA-N,VMJVGDGYNPKXQL
204,0.0,N#Cc1cc(S(=O)(=O)Nc2ccc(F)cn2)ccc1Oc1ccc(Cl)c(CO)c1,QXUDVKXUGUNMKE-UHFFFAOYSA-N,QXUDVKXUGUNMKE
205,0.0,Cc1ncc(Oc2ccc(S(=O)(=O)Nc3ccc(F)cn3)cc2C#N)cc1Cl,NSKODODBDGYAAG-UHFFFAOYSA-N,NSKODODBDGYAAG
206,0.0,COc1cc(Cl)ccc1Oc1ccc(S(=O)(=O)Nc2ccc(F)cn2)cc1C#N,MRZGQDBTSORKNA-UHFFFAOYSA-N,MRZGQDBTSORKNA
207,0.0,COc1cc(F)c(F)cc1Oc1ccc(S(=O)(=O)Nc2ccc(F)cn2)cc1C#N,LSTFJZPKESVEIA-UHFFFAOYSA-N,LSTFJZPKESVEIA
208,0.0,Cc1cc(Cl)cc(Oc2ccc(S(=O)(=O)Nc3ccc(F)cn3)cc2C#N)c1C,AQTFFLWOFLHBCQ-UHFFFAOYSA-N,AQTFFLWOFLHBCQ
209,0.0,Cc1cc(Cl)cc(Oc2ccc(S(=O)(=O)Nc3ccc(F)cn3)cc2C#N)c1,OIFITCDSGPEFEW-UHFFFAOYSA-N,OIFITCDSGPEFEW
210,0.0,N#Cc1ccc(NS(=O)(=O)c2ccc(Oc3ccc(F)c(Cl)c3)c(C#N)c2)nc1,LUEBWVIFELWSDJ-UHFFFAOYSA-N,LUEBWVIFELWSDJ
211,0.0,COc1ccc(F)c(Oc2ccc(S(=O)(=O)Nc3ccc(F)cn3)cc2C#N)c1,HCILRWSGJUMVNE-UHFFFAOYSA-N,HCILRWSGJUMVNE
212,0.0,Cc1cccc(C)c1Cn1cc(Cl)c2ccc(CC(=O)O)cc21,QWDNUOGNNWLMEO-UHFFFAOYSA-N,QWDNUOGNNWLMEO
213,0.0,Cc1nn(Cc2cccc(Cl)c2Cl)c2cc(CC(=O)O)ccc12,FSJQUSZJKNWCRO-UHFFFAOYSA-N,FSJQUSZJKNWCRO
214,0.0,Cc1nn(Cc2c(F)cccc2Cl)c2cc(CC(=O)O)ccc12,UNSPLLJKFQPIRX-UHFFFAOYSA-N,UNSPLLJKFQPIRX
215,0.0,Cc1nn(Cc2c(Cl)cccc2Cl)c2cc(Cc3nn[nH]n3)ccc12,DEEJHEPZVXORGD-UHFFFAOYSA-N,DEEJHEPZVXORGD
216,0.0,Cc1nn(Cc2c(Cl)cccc2Cl)c2cc(C(C)(C)C(=O)O)ccc12,XMSKNJFTQPTISW-UHFFFAOYSA-N,XMSKNJFTQPTISW
217,0.0,Cc1nn(Cc2c(Cl)cccc2Cl)c2cc(CCC(N)=O)ccc12,YDGPTJQLYSGPNO-UHFFFAOYSA-N,YDGPTJQLYSGPNO
218,0.0,O=S(=O)(Nc1ccccc1F)c1ccccc1C(F)(F)F,WIKJJOTYJKSONV-UHFFFAOYSA-N,WIKJJOTYJKSONV
219,0.0,N#Cc1cc(S(=O)(=O)Nc2ccc(F)cn2)ccc1Oc1cccc(OC(F)(F)F)c1,QMQINHJLQJHMTI-UHFFFAOYSA-N,QMQINHJLQJHMTI
220,0.0,N#Cc1cc(S(=O)(=O)Nc2ccc(F)cn2)ccc1Oc1cccc(Cl)c1F,CWTZHWXJLSQAJK-UHFFFAOYSA-N,CWTZHWXJLSQAJK
221,0.0,N#Cc1ccnc(NS(=O)(=O)c2ccc(Oc3ccc(F)c(Cl)c3)c(C#N)c2)c1,ZFLJWPYRGAMGKP-UHFFFAOYSA-N,ZFLJWPYRGAMGKP
222,0.0,O=S(=O)(Nc1ccc(F)cn1)c1ccc(Oc2cnc(CO)c(Cl)c2)cc1F,SFYSDPWAVSQNHN-UHFFFAOYSA-N,SFYSDPWAVSQNHN
223,0.0,COc1cccnc1NS(=O)(=O)c1ccc(Oc2ccc(C#N)c(Cl)c2)c(C#N)c1,UHTHHRCXTPUOGI-UHFFFAOYSA-N,UHTHHRCXTPUOGI
224,0.0,CCOc1ncc(Oc2ccc(S(=O)(=O)Nc3ccc(F)cn3)cc2C#N)cc1Cl,RQZGPMGNNNQUCO-UHFFFAOYSA-N,RQZGPMGNNNQUCO
225,0.0,CC(C)(C)c1ccc(Oc2ccc(S(=O)(=O)Nc3ccc(F)cn3)cc2C#N)c(Cl)c1,KRFBTTVKXYRIJS-UHFFFAOYSA-N,KRFBTTVKXYRIJS
226,0.0,Cc1cc(C)cc(Oc2ccc(S(=O)(=O)Nc3ccc(F)cn3)cc2C#N)c1,JRDWPXOXMMNKJI-UHFFFAOYSA-N,JRDWPXOXMMNKJI
227,0.0,CCOc1ncccc1Oc1ccc(S(=O)(=O)Nc2ccc(F)cn2)cc1C#N,ITHUNJROOILFEZ-UHFFFAOYSA-N,ITHUNJROOILFEZ
228,0.0,CCc1nn(Cc2c(C)cccc2Cl)c2cc(C(=O)O)cnc12,MMEADCLKMLJOJT-UHFFFAOYSA-N,MMEADCLKMLJOJT
229,0.0,Cc1cccc(Cl)c1Cn1nc(C)c2ccc(CC(=O)O)cc21,UWKOVYZHOSMSSW-UHFFFAOYSA-N,UWKOVYZHOSMSSW
230,0.0,O=C(Nc1ccc(O)cc1)c1c(O)[nH]c(=S)[nH]c1=O,DVMISDHNZIDREG-UHFFFAOYSA-N,DVMISDHNZIDREG
231,0.0,CC(C)(C)c1ccc(Oc2ccc(S(=O)(=O)Nc3ccc(F)cn3)cc2C#N)cc1,ZOTHBQKLYMDPNV-UHFFFAOYSA-N,ZOTHBQKLYMDPNV
232,0.0,Cc1cc(F)ccc1Oc1ccc(S(=O)(=O)Nc2ccc(F)cn2)cc1C#N,WRKYSYKVMFIVAF-UHFFFAOYSA-N,WRKYSYKVMFIVAF
233,0.0,CCc1nn(Cc2c(C)cccc2C)c2cc(CC(=O)O)ccc12,MMQFTZZVWPKEGP-UHFFFAOYSA-N,MMQFTZZVWPKEGP
234,0.0,O=C(O)C1(Sc2ccnc3ccc(-c4ccc(F)cc4)cc23)CCC1,ZITFZCYAOQULPB-UHFFFAOYSA-N,ZITFZCYAOQULPB
235,0.0,O=C(O)C1(Sc2ccnc3ccc(CO)cc23)CCC1,KKXGXMXQGKQUBH-UHFFFAOYSA-N,KKXGXMXQGKQUBH
236,0.0,Cc1ccnc(NS(=O)(=O)c2ccc(Oc3cccc(Cl)c3C#N)cc2)n1,VBXKZDYTEIIWPQ-UHFFFAOYSA-N,VBXKZDYTEIIWPQ
237,0.0,N#Cc1c(Cl)cccc1Oc1ccc(S(=O)(=O)Nc2cnccn2)cc1,ZSRPGCIXHNUNHE-UHFFFAOYSA-N,ZSRPGCIXHNUNHE
238,0.0,O=S(=O)(Nc1cccnn1)c1cc(Cl)c(Oc2ccc(Cl)cc2OC(F)F)cc1F,KUJSIQAHLDGMHS-UHFFFAOYSA-N,KUJSIQAHLDGMHS
239,0.0,CCc1cccc(Oc2ccc(S(=O)(=O)Nc3ccc(F)cn3)cc2C#N)c1,UHPDJNKZEVRIHV-UHFFFAOYSA-N,UHPDJNKZEVRIHV
240,0.0,COc1ccc(Cl)c(Oc2ccc(S(=O)(=O)Nc3ccc(F)cn3)cc2C#N)c1,VGHKMSJAOAQIMW-UHFFFAOYSA-N,VGHKMSJAOAQIMW
241,0.0,Cc1ccc(Oc2ccc(S(=O)(=O)Nc3ccc(F)cn3)cc2C#N)cc1,KBCSTRFINXYESD-UHFFFAOYSA-N,KBCSTRFINXYESD
242,0.0,Cc1cccnc1NS(=O)(=O)c1ccc(Oc2ccc(C#N)c(Cl)c2)c(C#N)c1,JKNVSZSCDWMGJK-UHFFFAOYSA-N,JKNVSZSCDWMGJK
243,0.0,COc1cc(C)cc(Oc2ccc(S(=O)(=O)Nc3ccc(F)cn3)cc2C#N)c1,IYUFCNWJJXPJEH-UHFFFAOYSA-N,IYUFCNWJJXPJEH
244,0.0,CCc1nn(Cc2c(Cl)cccc2Cl)c2cc(CCC(=O)O)ccc12,DUXJJLJDOZJAQJ-UHFFFAOYSA-N,DUXJJLJDOZJAQJ
245,0.0,O=C(O)Cc1ccc2c(C3CC3)nn(Cc3c(Cl)cccc3Cl)c2c1,IPKPKRCWBHIYMX-UHFFFAOYSA-N,IPKPKRCWBHIYMX
246,0.0,Cc1nn(Cc2c(Cl)cccc2Cl)c2cc(-c3nn[nH]n3)cnc12,XJKWVCFFEVPASU-UHFFFAOYSA-N,XJKWVCFFEVPASU
247,0.0,Cc1ccc(C)c(Cn2nc(C)c3ncc(-c4nn[nH]n4)cc32)c1,MCWXHSAWTMREQD-UHFFFAOYSA-N,MCWXHSAWTMREQD
248,0.0,Cc1cc(Oc2ccc(S(=O)(=O)Nc3ccc(F)cn3)cc2C#N)c(Cl)cc1Cl,CAZJIJRXBRRCFV-UHFFFAOYSA-N,CAZJIJRXBRRCFV
249,0.0,COc1cccc(C)c1Oc1ccc(S(=O)(=O)Nc2ccc(F)cn2)cc1C#N,CWXSEHCHWFVOGG-UHFFFAOYSA-N,CWXSEHCHWFVOGG
250,0.0,CC(C)c1ncc(Oc2ccc(S(=O)(=O)Nc3ccc(F)cn3)cc2C#N)cc1Cl,KECYUIPHGVFYTD-UHFFFAOYSA-N,KECYUIPHGVFYTD
251,0.0,CC(C)c1ccc(Oc2ccc(S(=O)(=O)Nc3ccc(F)cn3)cc2C#N)cc1,HBYDRIJKZQOPIP-UHFFFAOYSA-N,HBYDRIJKZQOPIP
252,0.0,CC(C)(C)c1cccc(Oc2ccc(S(=O)(=O)Nc3ccc(F)cn3)cc2C#N)c1,YYYPPFITXPHJLA-UHFFFAOYSA-N,YYYPPFITXPHJLA
253,0.0,Cc1ccc(Oc2ccc(S(=O)(=O)Nc3ccc(F)cn3)cc2C#N)c(Cl)c1C,WKFUAOVMMFMLQK-UHFFFAOYSA-N,WKFUAOVMMFMLQK
254,0.0,N#Cc1ccc(Oc2cc(F)c(S(=O)(=O)Nc3ccc(F)cn3)cc2Cl)cc1F,GZAAUSCODCQAHP-UHFFFAOYSA-N,GZAAUSCODCQAHP
255,0.0,Cc1cccc(C)c1COc1cccc(CCc2nn[nH]n2)c1,JYXZNKDUAFJFDE-UHFFFAOYSA-N,JYXZNKDUAFJFDE
256,0.0,N#Cc1ccc(Oc2ccc(S(=O)(=O)Nc3ccc(Cl)cn3)cc2C#N)cc1Cl,YXYWWLQVPCEPBN-UHFFFAOYSA-N,YXYWWLQVPCEPBN
257,0.0,Cc1cc(Oc2ccc(S(=O)(=O)Nc3ccc(F)cn3)cc2C#N)cc(C)c1Cl,XPNILNBNWCRMIE-UHFFFAOYSA-N,XPNILNBNWCRMIE
258,0.0,N#Cc1ccc(Oc2ccc(S(=O)(=O)Nc3cccnc3)cc2C#N)cc1Cl,IKVVJARNFJUSFU-UHFFFAOYSA-N,IKVVJARNFJUSFU
259,0.0,N#Cc1cc(S(=O)(=O)Nc2ccc(F)cn2)ccc1Oc1cccc(C2CC2)c1,PRLVZEHLDZZDFN-UHFFFAOYSA-N,PRLVZEHLDZZDFN
260,0.0,CCc1ccccc1Oc1ccc(S(=O)(=O)Nc2ccc(F)cn2)cc1C#N,NEPMNJPNOJZGGK-UHFFFAOYSA-N,NEPMNJPNOJZGGK
261,0.0,N#Cc1cc(Cl)cc(Oc2ccc(S(=O)(=O)Nc3ccc(F)cn3)cc2C#N)c1,SYRILJQDHREVSF-UHFFFAOYSA-N,SYRILJQDHREVSF
262,0.0,N#Cc1ccc(F)c(Oc2ccc(S(=O)(=O)Nc3ccc(F)cn3)cc2C#N)c1,SAOGFVNFQZFZRO-UHFFFAOYSA-N,SAOGFVNFQZFZRO
263,0.0,CCOc1ccc(Oc2ccc(S(=O)(=O)Nc3ccc(F)cn3)cc2C#N)cc1,SOUWPUXIORMEEX-UHFFFAOYSA-N,SOUWPUXIORMEEX
264,0.0,Cc1cccc(C)c1Cn1cc(C)c2ccc(CC(=O)O)cc21,PPYQJSQNYMYOQT-UHFFFAOYSA-N,PPYQJSQNYMYOQT
265,0.0,Cc1nn(Cc2cccc3ccccc23)c2cc(CC(=O)O)ccc12,MKVPAQJWGDFDNS-UHFFFAOYSA-N,MKVPAQJWGDFDNS
266,0.0,Cc1nn(Cc2cccc(Cl)c2Cl)c2cc(-c3nn[nH]n3)cnc12,MDGBPPNVDVUEBF-UHFFFAOYSA-N,MDGBPPNVDVUEBF
267,0.0,Cc1ccncc1Oc1ccc(S(=O)(=O)Nc2ccc(F)cn2)cc1C#N,SSCFMHMRAAICEV-UHFFFAOYSA-N,SSCFMHMRAAICEV
268,0.0,COc1ccc(C)c(Oc2ccc(S(=O)(=O)Nc3ccc(F)cn3)cc2C#N)c1,QNZJFCURFQAJCG-UHFFFAOYSA-N,QNZJFCURFQAJCG
269,0.0,N#Cc1cc(S(=O)(=O)Nc2ccc(F)cn2)ccc1Oc1ccc(C#N)c(C2CC2)c1,QUSWEOQKURTIDV-UHFFFAOYSA-N,QUSWEOQKURTIDV
270,0.0,N#Cc1ccc(Oc2ccc(S(=O)(=O)Nc3ccc(F)cn3)cc2C#N)cn1,PQYCEXRLWIJBBP-UHFFFAOYSA-N,PQYCEXRLWIJBBP
271,0.0,N#Cc1cc(S(=O)(=O)Nc2ccc(F)cn2)ccc1Oc1ccc(Cl)cc1,JOLOBHLPMBPQKW-UHFFFAOYSA-N,JOLOBHLPMBPQKW
272,0.0,N#Cc1cc(S(=O)(=O)Nc2ccc(F)cn2)ccc1Oc1ccccc1F,DGZKSZQGFQVRKK-UHFFFAOYSA-N,DGZKSZQGFQVRKK
273,0.0,CCc1cc(F)ccc1Oc1ccc(S(=O)(=O)Nc2ccc(F)cn2)cc1C#N,MPROQFOXFDBGLK-UHFFFAOYSA-N,MPROQFOXFDBGLK
274,0.0,COc1ccc(Cc2nn[nH]n2)cc1OCc1c(C)cccc1C,CWUFRHCAHLQODO-UHFFFAOYSA-N,CWUFRHCAHLQODO
275,0.0,N#Cc1cc(S(=O)(=O)Nc2ccc(F)cn2)ccc1Oc1cc(F)ccc1Cl,IPWWPYNFVNZNFS-UHFFFAOYSA-N,IPWWPYNFVNZNFS
276,0.0,O=C(Nc1ccc(O)cc1)c1c(O)[nH]c(=O)[nH]c1=O,NZECHPRNNQXBHZ-UHFFFAOYSA-N,NZECHPRNNQXBHZ
277,0.0,Cc1ccc(Oc2ccc(S(=O)(=O)Nc3ccc(F)cn3)cc2C#N)cc1C#N,ACBJXDIHOOLURN-UHFFFAOYSA-N,ACBJXDIHOOLURN
278,0.0,N#Cc1ccc(Oc2ccc(S(=O)(=O)Nc3ccc(F)cn3)cc2C#N)c(OC(F)F)c1,MMAZKRJVMKVKKX-UHFFFAOYSA-N,MMAZKRJVMKVKKX
279,0.0,CC(C)c1cccc(Oc2ccc(S(=O)(=O)Nc3ccc(F)cn3)cc2C#N)c1,DMBFIYWXUXAVIK-UHFFFAOYSA-N,DMBFIYWXUXAVIK
280,0.0,N#Cc1cc(S(=O)(=O)Nc2ccc(F)cn2)ccc1Oc1cc(Cl)c(F)cc1Cl,FBAFUKNBIVMHBG-UHFFFAOYSA-N,FBAFUKNBIVMHBG
281,0.0,CCOc1cc(Cl)ccc1Oc1ccc(S(=O)(=O)Nc2ccc(F)cn2)cc1C#N,MUWIDFIZJVXEPM-UHFFFAOYSA-N,MUWIDFIZJVXEPM
282,0.0,COc1c(F)ccc(Oc2ccc(S(=O)(=O)Nc3ccc(F)cn3)cc2C#N)c1Cl,SWJHCWVKIFRFFT-UHFFFAOYSA-N,SWJHCWVKIFRFFT
283,0.0,CCN(CC)c1cccc(Oc2ccc(S(=O)(=O)Nc3ccc(F)cn3)cc2C#N)c1,JLEIPFPUEYNPPU-UHFFFAOYSA-N,JLEIPFPUEYNPPU
284,0.0,N#Cc1ccc(Cl)c(Oc2ccc(S(=O)(=O)Nc3ccc(F)cn3)cc2C#N)c1,WZCFLWIPNSGTOT-UHFFFAOYSA-N,WZCFLWIPNSGTOT
285,0.0,COc1cc(Cl)ccc1Oc1ccc(S(=O)(=O)Nc2cccnn2)cc1Cl,DWTAQEDTCKCOHD-UHFFFAOYSA-N,DWTAQEDTCKCOHD
286,0.0,Cc1cc(Oc2ccc(S(=O)(=O)Nc3ccc(F)cn3)cc2C#N)cc(C)c1C#N,LUSFRPDHKDBGKU-UHFFFAOYSA-N,LUSFRPDHKDBGKU
287,0.0,N#Cc1ccc(Cl)c(NS(=O)(=O)c2ccccc2C(F)(F)F)c1,VJXRVHVMNHVNQU-UHFFFAOYSA-N,VJXRVHVMNHVNQU
288,0.0,N#Cc1ccc(Oc2ccc(S(=O)(=O)Nc3nncs3)cc2C#N)cc1Cl,ZDDXFCLRYYGYTH-UHFFFAOYSA-N,ZDDXFCLRYYGYTH
289,0.0,N#Cc1ccc(-c2cnccc2NS(=O)(=O)C(F)(F)F)c2ccccc12,JLYGIFBRTUYCKB-UHFFFAOYSA-N,JLYGIFBRTUYCKB
290,0.0,CCS(=O)(=O)Nc1ccncc1-c1ccc(C#N)c2ccccc12,OFZKAEMIVDRBLB-UHFFFAOYSA-N,OFZKAEMIVDRBLB
291,0.0,N#Cc1ccc(-c2cnccc2NS(=O)(=O)c2ccc(F)cc2)cc1,AMUOVZOGACNWEZ-UHFFFAOYSA-N,AMUOVZOGACNWEZ
292,0.0,COc1ccccc1-c1cnccc1NS(=O)(=O)C(F)(F)F,GNKNIWWSXMYIAK-UHFFFAOYSA-N,GNKNIWWSXMYIAK
293,0.0,Cc1cccc(C)c1CN1CC(C)(C)c2ccc(CC(=O)O)cc21,ZAGLHAIDTVHBTF-UHFFFAOYSA-N,ZAGLHAIDTVHBTF
294,0.0,Cc1nn(Cc2c(Cl)cccc2Cl)c2cc(C(=O)O)ccc12,LDMHYQSTTSDYDK-UHFFFAOYSA-N,LDMHYQSTTSDYDK
295,0.0,CCc1nn(Cc2c(C)cccc2C)c2cc(C(=O)O)ccc12,UIPLPZSGCLGMIE-UHFFFAOYSA-N,UIPLPZSGCLGMIE
296,0.0,CCc1nn(Cc2c(Cl)cccc2Cl)c2cc(-c3nn[nH]n3)ccc12,RAYCKHBJHZXXQJ-UHFFFAOYSA-N,RAYCKHBJHZXXQJ
297,0.0,N#Cc1ccc(Oc2ccc(S(=O)(=O)Nc3ccc(F)cn3)cc2C#N)cc1F,FLGIGPHQQJOIGS-UHFFFAOYSA-N,FLGIGPHQQJOIGS
298,0.0,N#Cc1cc(NS(=O)(=O)c2ccccc2Cl)ccc1Cl,MCQANIZMRRALSP-UHFFFAOYSA-N,MCQANIZMRRALSP
299,0.0,Cc1ccc(NS(=O)(=O)c2ccccc2C(F)(F)F)cn1,ZNGOLJZRXHMEJF-UHFFFAOYSA-N,ZNGOLJZRXHMEJF
300,0.0,N#Cc1ccc(Oc2ccc(S(=O)(=O)Nc3ncns3)cc2C#N)cc1Cl,GEJLQXPSPBOYOB-UHFFFAOYSA-N,GEJLQXPSPBOYOB
301,0.0,Cn1ccc(NS(=O)(=O)c2ccc(Oc3ccc(C#N)c(Cl)c3)c(C#N)c2)n1,CCEYDNQTBRJHDP-UHFFFAOYSA-N,CCEYDNQTBRJHDP
302,0.0,N#Cc1cccc(Oc2ccc(S(=O)(=O)Nc3ccc(F)cn3)cc2C#N)c1,PQJSIWFIPFSHFB-UHFFFAOYSA-N,PQJSIWFIPFSHFB
303,0.0,N#Cc1cccc(NS(=O)(=O)c2ccccc2C(F)(F)F)c1,HKLHGVXJAXXROT-UHFFFAOYSA-N,HKLHGVXJAXXROT
304,0.0,N#Cc1c(Cl)cccc1NS(=O)(=O)c1ccccc1C(F)(F)F,QHIZRBOHUPXDAF-UHFFFAOYSA-N,QHIZRBOHUPXDAF
305,0.0,Cc1ccncc1NS(=O)(=O)c1ccccc1C(F)(F)F,FAJFEBBLFMECNH-UHFFFAOYSA-N,FAJFEBBLFMECNH
306,0.0,O=S(=O)(Nc1cncc(Br)c1)c1ccccc1C(F)(F)F,NFHYBIRNRJMVFU-UHFFFAOYSA-N,NFHYBIRNRJMVFU
307,0.0,O=C(O)C1(Sc2ccnc3ccc(C(F)(F)F)cc23)CCC1,FOVSIEUPNDQKOC-UHFFFAOYSA-N,FOVSIEUPNDQKOC
308,0.0,O=C(O)C1(Sc2ccnc3ccc(-c4ccccc4F)cc23)CCC1,GRBRYCKMGXMVRY-UHFFFAOYSA-N,GRBRYCKMGXMVRY
309,0.0,O=S(=O)(Nc1cnc2ccccc2c1)c1ccccc1C(F)(F)F,GGSOEKUYKDHCNX-UHFFFAOYSA-N,GGSOEKUYKDHCNX
310,0.0,O=S(=O)(Nc1ccc(F)c(F)c1)c1ccccc1C(F)(F)F,KCXXFLUJPZHNTM-UHFFFAOYSA-N,KCXXFLUJPZHNTM
311,0.0,N#Cc1ccc(NS(=O)(=O)c2ccccc2Cl)cc1Cl,FMEBPOISCPKNAI-UHFFFAOYSA-N,FMEBPOISCPKNAI
312,0.0,COc1ccccc1S(=O)(=O)Nc1ccc(C#N)c(Cl)c1,UCVGALSSEJFSPG-UHFFFAOYSA-N,UCVGALSSEJFSPG
313,0.0,N#Cc1ccc(Oc2ccc(S(=O)(=O)Nc3nccs3)cc2C#N)cc1Cl,JONVMVCPXBMHHN-UHFFFAOYSA-N,JONVMVCPXBMHHN
314,0.0,N#Cc1ccc(Oc2ccc(S(=O)(=O)Nc3cnccn3)cc2C#N)cc1Cl,GEQPKZQSTGWBOZ-UHFFFAOYSA-N,GEQPKZQSTGWBOZ
315,0.0,Cc1c(F)ccc(Oc2ccc(S(=O)(=O)Nc3ccc(F)cn3)cc2C#N)c1C,VULRMWZBGQHMQV-UHFFFAOYSA-N,VULRMWZBGQHMQV
316,0.0,Cc1cc(Oc2ccc(S(=O)(=O)Nc3ccc(F)cn3)cc2C#N)cc(C(C)C)c1,XAGJJVONNFVEMZ-UHFFFAOYSA-N,XAGJJVONNFVEMZ
317,0.0,COc1ccc(Cl)cc1Oc1ccc(S(=O)(=O)Nc2ccc(F)cn2)cc1C#N,WATJISKDZDUYNK-UHFFFAOYSA-N,WATJISKDZDUYNK
318,0.0,CCOc1cc(C)ccc1Oc1ccc(S(=O)(=O)Nc2ccc(F)cn2)cc1C#N,VIROLKPPURJAOO-UHFFFAOYSA-N,VIROLKPPURJAOO
319,0.0,Cc1cccc(C)c1Oc1ccc(S(=O)(=O)Nc2ccc(F)cn2)cc1C#N,XPELRPHXBNOGAC-UHFFFAOYSA-N,XPELRPHXBNOGAC
320,0.0,N#Cc1cc(S(=O)(=O)Nc2ccc(F)cn2)ccc1Oc1ccc(F)c(F)c1F,SFAYQYQZVGROQW-UHFFFAOYSA-N,SFAYQYQZVGROQW
321,0.0,O=C(O)C1(Sc2ccnc3ccc(-c4cccc(F)c4)cc23)CCC1,LSISNHXJJMUKSJ-UHFFFAOYSA-N,LSISNHXJJMUKSJ
322,0.0,CC(=O)Nc1ccc2nccc(SC3(C(=O)O)CCC3)c2c1,POVBCBQGBNUXBD-UHFFFAOYSA-N,POVBCBQGBNUXBD
323,0.0,N#Cc1ccc(-c2cnccc2NS(=O)(=O)c2ccccc2)cc1,SQNJBFIVUBQZGN-UHFFFAOYSA-N,SQNJBFIVUBQZGN
324,0.0,Cc1ccnc(NS(=O)(=O)c2ccc(Oc3cccc(Cl)c3C#N)cc2)c1,PRNXADRUWPPSNP-UHFFFAOYSA-N,PRNXADRUWPPSNP
325,0.0,CCOc1ccc(Oc2ccc(S(=O)(=O)Nc3ccc(F)cn3)cc2C#N)cc1Cl,IEONTGHSTBASLG-UHFFFAOYSA-N,IEONTGHSTBASLG
326,0.0,Cc1cc(Oc2ccc(S(=O)(=O)Nc3ccc(F)cn3)cc2C#N)ccc1C(C)C,BSFCQFFWYDUSBY-UHFFFAOYSA-N,BSFCQFFWYDUSBY
327,0.0,O=S(=O)(Nc1ncccn1)c1cc(Cl)c(Oc2ccc(F)c(F)c2)cc1F,VLYDJWVAIYVGFY-UHFFFAOYSA-N,VLYDJWVAIYVGFY
328,0.0,O=C(O)C1(Sc2ccnc3ccc(F)cc23)CCC1,HDRYWSYKVOQBRC-UHFFFAOYSA-N,HDRYWSYKVOQBRC
329,0.0,CS(=O)(=O)Nc1ccnc2ccc(Br)cc12,RNAARUOIMBLNGX-UHFFFAOYSA-N,RNAARUOIMBLNGX
330,0.0,O=C(O)C1(Sc2ccnc3ccc(Br)cc23)CC1,PXFIFZZCAMIKLL-UHFFFAOYSA-N,PXFIFZZCAMIKLL
331,0.0,COc1c(F)ccc(Oc2ccc(S(=O)(=O)Nc3ccc(F)cn3)cc2C#N)c1C,IZPKLQDZSVAZDA-UHFFFAOYSA-N,IZPKLQDZSVAZDA
332,0.0,CS(=O)(=O)Nc1ccncc1-c1ccccc1C(F)(F)F,QOBZFJAMXREUBZ-UHFFFAOYSA-N,QOBZFJAMXREUBZ
333,0.0,N#Cc1cc(S(=O)(=O)Nc2ccc(F)cn2)ccc1Oc1ccc(N)cc1,JZPZWRCEWDXENH-UHFFFAOYSA-N,JZPZWRCEWDXENH
334,0.0,Cc1ccc(Oc2ccc(S(=O)(=O)Nc3ccc(F)cn3)cc2C#N)c(C)c1Cl,HARRMADCVFMJHI-UHFFFAOYSA-N,HARRMADCVFMJHI
335,0.0,Cc1ccccc1Oc1ccc(S(=O)(=O)Nc2ccc(F)cn2)cc1C#N,MOLAGKBOOWDZDV-UHFFFAOYSA-N,MOLAGKBOOWDZDV
336,0.0,COc1cccc(Cl)c1Oc1ccc(S(=O)(=O)Nc2ccc(F)cn2)cc1C#N,HIIGTUAMIGIPMR-UHFFFAOYSA-N,HIIGTUAMIGIPMR
337,0.0,COc1ccc(Oc2ccc(S(=O)(=O)Nc3ccc(F)cn3)cc2C#N)cc1Cl,JVOJWKXZHRJBCX-UHFFFAOYSA-N,JVOJWKXZHRJBCX
338,0.0,CC(C)Oc1ccc(F)cc1Oc1ccc(S(=O)(=O)Nc2ccc(F)cn2)cc1C#N,WHTFLFMPFASXOL-UHFFFAOYSA-N,WHTFLFMPFASXOL
339,0.0,COc1cc(Cl)cc(Oc2ccc(S(=O)(=O)Nc3ccc(F)cn3)cc2C#N)c1,LETQHDAZCCYZGL-UHFFFAOYSA-N,LETQHDAZCCYZGL
340,0.0,Cc1cccc(C)c1COc1cccc(Cc2nn[nH]n2)c1,KJVQFGWUVANOSW-UHFFFAOYSA-N,KJVQFGWUVANOSW
341,0.0,Cc1ccc2nccc(SC3(C(=O)O)CCC3)c2c1,NKWAZUCNSBQFEX-UHFFFAOYSA-N,NKWAZUCNSBQFEX
342,0.0,CNC(=O)COc1ccc2nccc(SC3(C(=O)O)CCC3)c2c1,SJLWFKXIXUHBEX-UHFFFAOYSA-N,SJLWFKXIXUHBEX
343,0.0,O=C1COc2cccc(SC3(C(=O)O)CCC3)c2N1,MXFSJWGMHOMNRE-UHFFFAOYSA-N,MXFSJWGMHOMNRE
344,0.0,O=C(O)C1(Sc2nccc3ncccc23)CCC1,CMNOVYSSPZXQRR-UHFFFAOYSA-N,CMNOVYSSPZXQRR
345,0.0,O=C(O)C1(Sc2ncnc3ccccc23)CCC1,VCCMVYAZLPVESS-UHFFFAOYSA-N,VCCMVYAZLPVESS
346,0.0,Cc1c(F)ccc(Oc2ccc(S(=O)(=O)Nc3ccc(F)cn3)cc2C#N)c1Cl,DJBAQMUPYMOLTC-UHFFFAOYSA-N,DJBAQMUPYMOLTC
347,0.0,N#Cc1ccc(Oc2cc(F)c(S(=O)(=O)Nc3ncc(F)cn3)cc2Cl)cc1Cl,TZYFGTHVWPQCEQ-UHFFFAOYSA-N,TZYFGTHVWPQCEQ
348,0.0,COc1ncc(Oc2ccc(S(=O)(=O)Nc3ccc(F)cn3)cc2C#N)cc1Cl,QYTLSATWLCXCMG-UHFFFAOYSA-N,QYTLSATWLCXCMG
349,0.0,N#Cc1cc(S(=O)(=O)Nc2ccc(F)cn2)ccc1Oc1ccc(Cl)cc1OC(F)F,HCQBKKLTFGMQNR-UHFFFAOYSA-N,HCQBKKLTFGMQNR
350,0.0,N#Cc1cc(S(=O)(=O)Nc2ccc(F)cn2)ccc1Oc1ccc(F)c(F)c1,RGFFMRVPFFXLJD-UHFFFAOYSA-N,RGFFMRVPFFXLJD
351,0.0,N#Cc1cc(S(=O)(=O)Nc2ccccn2)ccc1Oc1ccc(Cl)cc1I,HOWYUBMNPIRMDU-UHFFFAOYSA-N,HOWYUBMNPIRMDU
352,0.0,N#Cc1cc(S(=O)(=O)Nc2ccc(F)cn2)ccc1Oc1ccc(F)cc1Cl,SFRUARGFVFOARG-UHFFFAOYSA-N,SFRUARGFVFOARG
353,0.0,CCc1ccc(Oc2ccc(S(=O)(=O)Nc3ccc(F)cn3)cc2C#N)cc1,FHEFLHVOBKAASX-UHFFFAOYSA-N,FHEFLHVOBKAASX
354,0.0,CC(C)COc1ccc(Oc2ccc(S(=O)(=O)Nc3ccc(F)cn3)cc2C#N)cn1,GASNAQJMUMVFAC-UHFFFAOYSA-N,GASNAQJMUMVFAC
355,0.0,COc1cc(F)ccc1Oc1ccc(S(=O)(=O)Nc2ccc(F)cn2)cc1C#N,TWZWXYBNGWJOBZ-UHFFFAOYSA-N,TWZWXYBNGWJOBZ
356,0.0,N#Cc1cc(S(=O)(=O)Nc2ccc(F)cn2)ccc1Oc1ccccn1,XVNISYOIXAOXFQ-UHFFFAOYSA-N,XVNISYOIXAOXFQ
357,0.0,N#Cc1cc(S(=O)(=O)Nc2ccc(F)cn2)ccc1Oc1ccccc1Br,XYFLBJWMOXJAME-UHFFFAOYSA-N,XYFLBJWMOXJAME
358,0.0,CNc1ncc(Oc2ccc(S(=O)(=O)Nc3ccc(F)cn3)cc2C#N)cc1Cl,JOUDLHMJEZFILY-UHFFFAOYSA-N,JOUDLHMJEZFILY
359,0.0,N#Cc1ccc(Oc2ccc(S(=O)(=O)Nc3ccc(F)cn3)cc2C#N)c(F)c1,BLIXKFAEAUAGFR-UHFFFAOYSA-N,BLIXKFAEAUAGFR
360,0.0,N#Cc1cc(S(=O)(=O)Nc2ccc(F)cn2)ccc1Oc1cccc(Cl)c1,XIPHSSLEDMYQSB-UHFFFAOYSA-N,XIPHSSLEDMYQSB
361,0.0,CCOc1ccccc1Oc1ccc(S(=O)(=O)Nc2ccc(F)cn2)cc1C#N,PFXHOENAEUQLON-UHFFFAOYSA-N,PFXHOENAEUQLON
362,0.0,COc1cccc(Oc2ccc(S(=O)(=O)Nc3ccc(F)cn3)cc2C#N)c1C,LTMJRGRABWLMSI-UHFFFAOYSA-N,LTMJRGRABWLMSI
363,0.0,N#Cc1c(Cl)cccc1Oc1ccc(S(=O)(=O)Nc2ccccn2)cc1,OBBAOFLCVAERAL-UHFFFAOYSA-N,OBBAOFLCVAERAL
364,0.0,Cc1ccc(NS(=O)(=O)c2ccc(Oc3cccc(Cl)c3C#N)cc2)nc1,RNKQUZLNXVUIEL-UHFFFAOYSA-N,RNKQUZLNXVUIEL
365,0.0,N#Cc1ccc(Oc2cc(F)c(S(=O)(=O)Nc3cccnn3)cc2Cl)cc1Cl,BFOOBDUZBJPRAF-UHFFFAOYSA-N,BFOOBDUZBJPRAF
366,0.0,N#Cc1cc(S(=O)(=O)Nc2ccc(F)cn2)ccc1Oc1cnc(OC(F)F)c(Cl)c1,TUWHIZQEQOBTFV-UHFFFAOYSA-N,TUWHIZQEQOBTFV
367,0.0,COc1ccc(Oc2ccc(S(=O)(=O)Nc3ccc(F)cn3)cc2C#N)cn1,RZBMUMZPTQYMEU-UHFFFAOYSA-N,RZBMUMZPTQYMEU
368,0.0,N#Cc1cc(S(=O)(=O)Nc2ccc(F)cn2)ccc1Oc1cc(F)ccc1F,SEYRYGMTFCGXLY-UHFFFAOYSA-N,SEYRYGMTFCGXLY
369,0.0,Cc1nn(Cc2c(Cl)cccc2Cl)c2cc(CC(=O)O)ccc12,POZMFUCEDVKJET-UHFFFAOYSA-N,POZMFUCEDVKJET
370,0.0,N#Cc1cc(S(=O)(=O)Nc2ccc(F)cn2)ccc1Oc1cccc(Cl)c1Cl,NJBUIYWVCGTUCR-UHFFFAOYSA-N,NJBUIYWVCGTUCR
371,0.0,Cc1cc(Cl)ccc1Oc1ccc(S(=O)(=O)Nc2ccc(F)cn2)cc1C#N,KCQVGNCLQSHQIN-UHFFFAOYSA-N,KCQVGNCLQSHQIN
372,0.0,N#Cc1cc(S(=O)(=O)Nc2ccc(F)cn2)ccc1Oc1ccc(Cl)cc1Cl,LLFQWLSRWSGESJ-UHFFFAOYSA-N,LLFQWLSRWSGESJ
373,0.0,N#Cc1cc(F)c(Oc2ccc(S(=O)(=O)Nc3ccc(F)cn3)cc2C#N)cc1F,BWLGANIIOSHCFT-UHFFFAOYSA-N,BWLGANIIOSHCFT
374,0.0,O=C(O)C1(Oc2ncnc3ccccc23)CCC1,PNHGYYJNKZCULF-UHFFFAOYSA-N,PNHGYYJNKZCULF
375,0.0,N#Cc1ccc(Oc2ccc(S(=O)(=O)Nc3ccc(F)cn3)cc2Cl)cc1F,KTDCLNORTURMDZ-UHFFFAOYSA-N,KTDCLNORTURMDZ
376,0.0,N#Cc1ccc(Oc2ccc(S(=O)(=O)Nc3ccncn3)cc2C#N)cc1Cl,IYUWZZQVCAHTOW-UHFFFAOYSA-N,IYUWZZQVCAHTOW
377,0.0,Cc1cccc(C)c1Cn1c(=O)n(C(C)C)c2ccc(C(=O)O)cc21,VLVGSTUHSCEXSF-UHFFFAOYSA-N,VLVGSTUHSCEXSF
378,0.0,Cc1cn(Cc2ccccc2Cl)c2cc(CC(=O)O)ccc12,GKJAAGDBMPGZBB-UHFFFAOYSA-N,GKJAAGDBMPGZBB
379,0.0,CCc1cn(Cc2c(C)cccc2C)c2cc(C(=O)O)ccc12,UCAJMKKVUWHJLK-UHFFFAOYSA-N,UCAJMKKVUWHJLK
380,0.0,CCc1nn(Cc2c(Cl)cccc2Cl)c2cc(-c3nn[nH]n3)cnc12,CHILEOYFCZUBDL-UHFFFAOYSA-N,CHILEOYFCZUBDL
381,0.0,Cc1nn(Cc2c(Cl)cccc2C#N)c2cc(CC(=O)O)ccc12,HZHULGSQZAOFMV-UHFFFAOYSA-N,HZHULGSQZAOFMV
382,0.0,Cc1nn(Cc2c(Cl)cccc2Cl)c2cc(CCCC(=O)O)ccc12,HNIXVNBDQNRZAC-UHFFFAOYSA-N,HNIXVNBDQNRZAC
383,0.0,N#Cc1ccc(-c2cnccc2NS(=O)(=O)c2ccc(F)cc2)c2ccccc12,QAWLIXPNMIVMHY-UHFFFAOYSA-N,QAWLIXPNMIVMHY
384,0.0,N#Cc1ccc(NS(=O)(=O)c2ccccc2C#N)cc1Cl,LRTHLLIORLSNMZ-UHFFFAOYSA-N,LRTHLLIORLSNMZ
385,0.0,N#Cc1ccc(Oc2ccc(S(=O)(=O)Nc3ccc(F)cn3)cc2)cc1F,RUNGTYSIBJACEC-UHFFFAOYSA-N,RUNGTYSIBJACEC
386,0.0,N#Cc1ccc(Cl)cc1NS(=O)(=O)c1ccccc1C(F)(F)F,CXCCQUOZUJDUIW-UHFFFAOYSA-N,CXCCQUOZUJDUIW
387,0.0,O=C(O)C1(Sc2ccnc3ccc(O)cc23)CCC1,ZCJWFGGPCSLVQJ-UHFFFAOYSA-N,ZCJWFGGPCSLVQJ
388,0.0,O=C(O)C1(Sc2ccnc3ccc(C4CC4)cc23)CCC1,SUEHWPJKAYDVPJ-UHFFFAOYSA-N,SUEHWPJKAYDVPJ
389,0.0,O=C(Nc1ccc2nccc(SC3(C(=O)O)CCC3)c2c1)C1CC1,DMXSSNSUWXAGNE-UHFFFAOYSA-N,DMXSSNSUWXAGNE
390,0.0,COCc1ccc2nccc(SC3(C(=O)O)CCC3)c2c1,UIWLHZJJYBOJOU-UHFFFAOYSA-N,UIWLHZJJYBOJOU
391,0.0,O=C(O)C1(Sc2ccnc3ccc(-c4ccccc4C(F)(F)F)cc23)CCC1,WLKGFFKVKMXGNB-UHFFFAOYSA-N,WLKGFFKVKMXGNB
392,0.0,O=C(O)C1(Sc2ccnc3ccccc23)CCC1,LTNYMWFDMCGLQP-UHFFFAOYSA-N,LTNYMWFDMCGLQP
393,0.0,N#Cc1ccc(NS(=O)(=O)c2ccccc2C(F)(F)F)cc1,LPZMJXFNHRVXMQ-UHFFFAOYSA-N,LPZMJXFNHRVXMQ
394,0.0,COc1ccncc1NS(=O)(=O)c1ccccc1C(F)(F)F,PQPJGCJDZRNEKU-UHFFFAOYSA-N,PQPJGCJDZRNEKU
395,0.0,Cc1nn(Cc2c(Cl)cccc2Cl)c2cc(C(=O)CCC(=O)O)ccc12,VKGMTJSOJMGKOY-UHFFFAOYSA-N,VKGMTJSOJMGKOY
396,0.0,Cc1cn(Cc2c(Cl)cccc2Cl)c2cc(CC(=O)O)ccc12,RNKRTUZHQIFNHZ-UHFFFAOYSA-N,RNKRTUZHQIFNHZ
397,0.0,Cc1nn(Cc2csc3ccc(Cl)cc23)c2cc(CC(=O)O)ccc12,SZUPNJNHLRGASI-UHFFFAOYSA-N,SZUPNJNHLRGASI
398,0.0,Cc1nn(Cc2c(Cl)cccc2Cl)c2cc(C(C)C(=O)O)ccc12,SWCINCQJQPUTBV-UHFFFAOYSA-N,SWCINCQJQPUTBV
399,0.0,Cc1cccc(C)c1CN1CC(C)c2ccc(CC(=O)O)cc21,FMFITAVKICHXJY-UHFFFAOYSA-N,FMFITAVKICHXJY
400,0.0,O=C(O)C1(Sc2ccnc3cc(Br)ccc23)CCC1,KMVVYVGPRHWVSR-UHFFFAOYSA-N,KMVVYVGPRHWVSR
401,0.0,Nc1ccc2nccc(SC3(C(=O)O)CCC3)c2c1,ZNJIEBBHGNGOJB-UHFFFAOYSA-N,ZNJIEBBHGNGOJB
402,0.0,CN(C)c1ncc(Oc2ccc(S(=O)(=O)Nc3ccc(F)cn3)cc2C#N)cc1Cl,DVPCKACQXVDKCW-UHFFFAOYSA-N,DVPCKACQXVDKCW
403,0.0,N#Cc1ccc(Oc2c(F)cc(S(=O)(=O)Nc3ccc(F)cn3)cc2C#N)cc1Cl,WMEVCCHYFBIBAC-UHFFFAOYSA-N,WMEVCCHYFBIBAC
404,0.0,N#Cc1cc(S(=O)(=O)Nc2ccc(F)cn2)ccc1Oc1ccc(C(F)(F)F)cc1,KPZAPRNLYYWFMQ-UHFFFAOYSA-N,KPZAPRNLYYWFMQ
405,0.0,N#Cc1cc(S(=O)(=O)Nc2ccc(F)cn2)ccc1Oc1ccc(Cl)c(F)c1,IYYUPIUDMMVUAG-UHFFFAOYSA-N,IYYUPIUDMMVUAG
406,0.0,Cc1cc(Oc2ccc(S(=O)(=O)Nc3ccc(F)cn3)cc2C#N)ccc1C#N,QGSMAOCFYKORKE-UHFFFAOYSA-N,QGSMAOCFYKORKE
407,0.0,Cc1cccc(C)c1COc1cccc(-c2nn[nH]n2)c1,MQPHXULSDFCNPQ-UHFFFAOYSA-N,MQPHXULSDFCNPQ
408,0.0,Cc1cccc(C)c1Cn1nc(C)c2ccc(CC(=O)O)cc21,VPCKVRLDBHIBOT-UHFFFAOYSA-N,VPCKVRLDBHIBOT
409,0.0,Cc1ccc(Oc2ccc(S(=O)(=O)Nc3ccc(F)cn3)cc2C#N)cc1Cl,SXQDLZCCQSZYBI-UHFFFAOYSA-N,SXQDLZCCQSZYBI
410,0.0,N#Cc1cc(F)ccc1Oc1ccc(S(=O)(=O)Nc2ccc(F)cn2)cc1C#N,SFCYYNSRXUULNL-UHFFFAOYSA-N,SFCYYNSRXUULNL
411,0.0,Cc1ccc(Cl)c(Oc2ccc(S(=O)(=O)Nc3ccc(F)cn3)cc2C#N)c1,JIIJDZGJUPCAME-UHFFFAOYSA-N,JIIJDZGJUPCAME
412,0.0,Cc1ccc(Oc2ccc(S(=O)(=O)Nc3ccc(F)cn3)cc2C#N)c(Cl)c1,CNRYZWSAFRMCHI-UHFFFAOYSA-N,CNRYZWSAFRMCHI
413,0.0,N#Cc1cc(S(=O)(=O)Nc2ccc(F)cn2)ccc1Oc1ccc(Cl)cc1I,KPMDHQAJUUVXPS-UHFFFAOYSA-N,KPMDHQAJUUVXPS
414,0.0,Cc1cccc(C)c1Cn1nc(C)c2ccc(C(=O)O)cc21,PFQADMQBKHLZBV-UHFFFAOYSA-N,PFQADMQBKHLZBV
415,0.0,Cc1nn(Cc2csc3ccc(Cl)cc23)c2cc(CCC(=O)O)ccc12,ZRQLKFDHIHSQAR-UHFFFAOYSA-N,ZRQLKFDHIHSQAR
416,0.0,Cc1nn(Cc2c(Cl)cccc2C#N)c2cc(CCC(=O)O)ccc12,VHJPFSADZOAYDR-UHFFFAOYSA-N,VHJPFSADZOAYDR
417,0.0,Cc1nn(Cc2cccc3cccnc23)c2cc(CC(=O)O)ccc12,MLBCZWYCVXKRCT-UHFFFAOYSA-N,MLBCZWYCVXKRCT
418,0.0,CCc1nn(Cc2c(Cl)cccc2Cl)c2cc(/C=C/C(=O)O)ccc12,GZJXDYRMDFNOGE-VQHVLOKHSA-N,GZJXDYRMDFNOGE
419,0.0,COc1ccccc1-c1cnccc1NS(C)(=O)=O,XJYYDYIRZOEUBD-UHFFFAOYSA-N,XJYYDYIRZOEUBD
420,0.0,Cc1ccc(S(=O)(=O)Nc2c(C(=O)N[C@@H](C)C(C)(C)C)c(C)nn2-c2ccccc2)cc1,MYHHDENZOVCZAX-SFHVURJKSA-N,MYHHDENZOVCZAX
421,0.0,CCc1c2c(nc3ccc(OC[C@@H]4OC(C(=O)O)[C@@H](O)[C@H](O)[C@H]4O)cc13)-c1cc3c(c(=O)n1C2)COC(=O)[C@]3(O)CC,TYRCRLNOGKXTCN-OFVNJFLWSA-N,TYRCRLNOGKXTCN
422,0.0,O=C(O)c1ccncc1NCc1ccco1,ZNWWSWJQMFNZDV-UHFFFAOYSA-N,ZNWWSWJQMFNZDV
423,0.0,CN(CCOc1ccc(Cc2sc(=O)[nH]c2O)cc1)c1ccccn1,FLDPBMANMDLQTH-UHFFFAOYSA-N,FLDPBMANMDLQTH
424,0.0,O=C(O)c1cccnc1NCc1ccco1,IQHMQGUDRIPWGH-UHFFFAOYSA-N,IQHMQGUDRIPWGH
425,0.0,CC(C)CC(NC(=O)C(Cc1ccccc1)NC(=O)CNC(=O)C(C)NC(=O)C(N)Cc1ccc(O)cc1)C(=O)O,ZHUJMSMQIPIPTF-UHFFFAOYSA-N,ZHUJMSMQIPIPTF
426,0.0,Cc1c(C)c2c(c(C)c1O[C@@H]1OC(C(=O)O)[C@@H](O)[C@H](O)[C@H]1O)CCC(C)(COc1ccc(Cc3sc(=O)[nH]c3O)cc1)O2,YWWWZGZGYCGQRG-XFZQZFFPSA-N,YWWWZGZGYCGQRG
427,0.0,COc1cc([C@@H](CC(=O)O)c2ccc(C)c(CN3C[C@@H](C)Oc4ccccc4S3(=O)=O)c2)cc2nnn(C)c12,ZDNGJXBUEQNFBQ-GCJKJVERSA-N,ZDNGJXBUEQNFBQ
428,0.0,Cc1cc(C#N)cc(C)c1Oc1nc(Nc2ccc(C#N)cc2)nc(N)c1Br,PYGWGZALEOIKDF-UHFFFAOYSA-N,PYGWGZALEOIKDF
429,0.0,C[C@]12CC[C@@H]3c4ccc(O[C@@H]5OC(C(=O)O)[C@@H](O)[C@H](O)[C@H]5O)cc4CC[C@H]3[C@@H]1CCC2=O,FJAZVHYPASAQKM-BJGNMCLESA-N,FJAZVHYPASAQKM
430,0.0,CC(C)=CCC[C@]1(C)[C@@H](CC=C(C)C)C[C@]2(CC=C(C)C)C(=O)C(CC=C(C)C)C(=O)[C@@]1(C(=O)C(C)C)C2=O,GQRREYKSPJMLAW-KZFONMTISA-N,GQRREYKSPJMLAW
431,0.0,O[C@@H]1CO[C@H]2[C@@H]1OC[C@H]2Oc1nc2cc(Cl)c(-c3ccc(-c4ccccc4)cc3)nc2[nH]1,XQMNBTZLYOOAGA-UGESXGAOSA-N,XQMNBTZLYOOAGA
432,0.0,NC(Cc1ccc(O)cc1)C(=O)NCC(=O)NCC(=O)O,HIINQLBHPIQYHN-UHFFFAOYSA-N,HIINQLBHPIQYHN
433,1.0,CCCCC/C=C\C/C=C\C=C\C=C\[C@@H](SCC(N)C(=O)O)[C@@H](O)CCCC(=O)O,OTZRAYGBFWZKMX-MPWKMEBCSA-N,OTZRAYGBFWZKMX
434,0.0,Cn1cnc(C(=O)N2CCN(C(=O)c3ccc(Nc4nc5ccccc5n5nnnc45)cc3)CC2)c1,YFNNDVKJUPAWSW-UHFFFAOYSA-N,YFNNDVKJUPAWSW
435,0.0,CCC(C)(C)C(=O)O[C@H]1C[C@@H](C)C=C2C=C[C@H](C)[C@H](CC[C@@H](O)C[C@@H](O)CC(=O)O)[C@H]21,XWLXKKNPFMNSFA-HGQWONQESA-N,XWLXKKNPFMNSFA
436,0.0,Cc1ccsc1CNc1ncccc1C(=O)O,GIDVSGXIJGUURN-UHFFFAOYSA-N,GIDVSGXIJGUURN
437,0.0,Cc1ccsc1CNc1cnccc1C(=O)O,IDVBVEOFBRZZEI-UHFFFAOYSA-N,IDVBVEOFBRZZEI
438,1.0,O=C(O)C1CCC(Oc2nc3c(F)c(-c4ccc(-c5ccccc5)cc4)c(F)cc3[nH]2)CC1,VQFATZDXIHVJSW-UHFFFAOYSA-N,VQFATZDXIHVJSW
439,0.0,NC(CSC(F)(F)C(F)Cl)C(=O)O,GOAYAMWHRINITL-UHFFFAOYSA-N,GOAYAMWHRINITL
440,0.0,O=C(O)c1cc(-c2ccc(F)cc2F)ccc1O,HUPFGZXOMWLGNK-UHFFFAOYSA-N,HUPFGZXOMWLGNK
441,0.0,O=S(=O)(O)CC(S)CSSCC(S)S(=O)(=O)O,DTOFWAYNEZSATC-UHFFFAOYSA-N,DTOFWAYNEZSATC
442,0.0,CCc1cccc2c3c([nH]c12)C(CC)(CC(=O)O)OCC3,NNYBQONXHNTVIJ-UHFFFAOYSA-N,NNYBQONXHNTVIJ
443,0.0,NC(CSc1nc2ccccc2s1)C(=O)O,KRBPTLCTECPKGY-UHFFFAOYSA-N,KRBPTLCTECPKGY
444,1.0,Nc1ccn([C@H]2CC[C@@H](CO)O2)c(=O)n1,WREGKURFCTUGRC-POYBYMJQSA-N,WREGKURFCTUGRC
445,0.0,C[C@H](CCC(=O)O)[C@H]1CC[C@H]2[C@@H]3[C@H](O)C[C@@H]4C[C@H](O)CC[C@]4(C)[C@H]3CC[C@]12C,RUDATBOHQWOJDD-BSWAIDMHSA-N,RUDATBOHQWOJDD
446,0.0,C[C@@H]1C[C@H]2[C@@H]3CC=C4CC(=O)C=C[C@]4(C)[C@@]3(F)[C@@H](O)C[C@]2(C)[C@@]1(O)C(=O)CO,GJFCONYVAUNLKB-CXSFZGCWSA-N,GJFCONYVAUNLKB
447,0.0,Oc1ccc2c3c1O[C@H]1c4[nH]c5ccccc5c4C[C@@]4(O)[C@@H](C2)N(CC2CC2)CC[C@]314,WIYUZYBFCWCCQJ-IFKAHUTRSA-N,WIYUZYBFCWCCQJ
448,0.0,C=CCN1CC[C@]23c4c5ccc(O)c4OC2C(=O)CC[C@@]3(O)[C@H]1C5,UZHSEJADLWPNLE-OGLQFSJHSA-N,UZHSEJADLWPNLE
449,0.0,CC(NC(=O)C(N)Cc1ccc(O)cc1)C(=O)NCC(=O)N(C)C(Cc1ccccc1)C(=O)NCCO,HPZJMUBDEAMBFI-UHFFFAOYSA-N,HPZJMUBDEAMBFI
450,0.0,CC1(C)S[C@@H]2C(NC(=O)C(N)c3ccccc3)C(=O)N2C1C(=O)O,AVKUERGKIZMTKX-FOQMGDCRSA-N,AVKUERGKIZMTKX
451,0.0,Cc1cc(-c2nnn(CC3CCC(C(=O)O)CC3)n2)cc(C(=O)NCc2ccc(F)cc2)n1,KOTGODCEORJYIF-UHFFFAOYSA-N,KOTGODCEORJYIF
452,0.0,CC(C)C(N)C(=O)OCCOCn1cnc2c(=O)[nH]c(N)nc21,HDOVUKNUBWVHOX-UHFFFAOYSA-N,HDOVUKNUBWVHOX
453,0.0,CC(C)(ON=C(C(=O)NC1C(=O)N2C(C(=O)O)=C(C[n+]3ccccc3)CS[C@H]12)c1csc(N)n1)C(=O)O,ORFOPKXBNMVMKC-XPKAQORNSA-O,ORFOPKXBNMVMKC
454,0.0,CON=C(C(=O)NC1C(=O)N2C(C(=O)O)=C(COC(N)=O)CS[C@H]12)c1ccco1,JFPVXVDWJQMJEE-LNUXAPHWSA-N,JFPVXVDWJQMJEE
455,0.0,Cc1onc(-c2ccccc2Cl)c1C(=O)NC1C(=O)N2C(C(=O)O)C(C)(C)S[C@H]12,LQOLIRLGBULYKD-MQBCKMQZSA-N,LQOLIRLGBULYKD
456,0.0,CC1(C)S[C@@H]2C(NC(=O)C(NC(=O)N3CCNC3=O)c3ccccc3)C(=O)N2C1C(=O)O,JTWOMNBEOCYFNV-WHUXOIGISA-N,JTWOMNBEOCYFNV
457,0.0,CC1(C)S[C@@H]2C(NC(=O)C(C(=O)O)c3ccsc3)C(=O)N2C1C(=O)O,OHKOGUYZJXTSFX-ROBJAFKPSA-N,OHKOGUYZJXTSFX
458,0.0,CON=C(C(=O)NC1C(=O)N2C(C(=O)O)=C(CSC(=O)c3ccco3)CS[C@H]12)c1csc(N)n1,ZBHXIWJRIFEVQY-PVQCJRHBSA-N,ZBHXIWJRIFEVQY
459,0.0,CC1(C)S[C@@H]2C(NC(=O)C(C(=O)O)c3ccccc3)C(=O)N2C1C(=O)O,FPPNZSSZRUTDAP-FOQMGDCRSA-N,FPPNZSSZRUTDAP
460,0.0,CO[C@@]1(NC(=O)CSCC#N)C(=O)N2C(C(=O)O)=C(CSc3nnnn3C)CS[C@@H]21,SNBUBQHDYVFSQF-HIFRSBDPSA-N,SNBUBQHDYVFSQF
461,0.0,Cc1onc(-c2ccccc2)c1C(=O)NC1C(=O)N2C(C(=O)O)C(C)(C)S[C@H]12,UWYHMGVUTGAWSP-MQBCKMQZSA-N,UWYHMGVUTGAWSP
462,0.0,CO[C@@]1(NC(=O)Cc2cccs2)C(=O)N2C(C(=O)O)=C(COC(N)=O)CS[C@@H]21,WZOZEZRFJCJXNZ-ZBFHGGJFSA-N,WZOZEZRFJCJXNZ
463,0.0,CC1=C(C(=O)O)N2C(=O)C(NC(=O)C(N)c3ccccc3)[C@H]2SC1,ZAIPMKNFIOOWCQ-QKFMDRJYSA-N,ZAIPMKNFIOOWCQ
464,0.0,Cn1c(=O)n(Cc2ccc(C(=O)O)cc2)c(=O)c2cc(C#CCc3ccccc3)ccc21,FLTYDFYSVZBKOB-UHFFFAOYSA-N,FLTYDFYSVZBKOB
465,0.0,Cc1cccc(C)c1NC(=O)CC12CCCN1CCC2,BCQTVJKBTWGHCX-UHFFFAOYSA-N,BCQTVJKBTWGHCX
466,0.0,CC(C)C(c1ccccc1)C(O)CC[N+]1(C)CCCCC1,SMOSFFGOYXWICC-UHFFFAOYSA-N,SMOSFFGOYXWICC
467,0.0,COc1ccc2c(c1OC)C(=O)O[C@@H]2[C@H]1c2c(cc3c(c2OC)OCO3)CCN1C,AKNNEGZIBPJZJG-MSOLQXFVSA-N,AKNNEGZIBPJZJG
468,0.0,C#C[C@]1(O)CC[C@H]2[C@@H]3CCc4cc(O)ccc4[C@H]3CC[C@@]21C,BFPYWIDHMRZLRN-SLHNCBLASA-N,BFPYWIDHMRZLRN
469,0.0,O=C(O)COCCN1CCN(C(c2ccccc2)c2ccc(Cl)cc2)CC1,ZKLPARSLTMPFCP-UHFFFAOYSA-N,ZKLPARSLTMPFCP
470,0.0,O=c1[nH]c2ccccc2n1C1CCN(CCCC(c2ccc(F)cc2)c2ccc(F)cc2)CC1,YVUQSNJEYSNKRX-UHFFFAOYSA-N,YVUQSNJEYSNKRX
471,0.0,C/C(=C\COc1c2ccoc2cc2oc(=O)ccc12)CCC(O)C(C)(C)O,IXZUPBUEKFXTSD-MDWZMJQESA-N,IXZUPBUEKFXTSD
472,0.0,COc1ccc(-c2cc(=O)c3c(OC)c(OC)c(OC)c(OC)c3o2)cc1OC,MRIAQLRQZPPODS-UHFFFAOYSA-N,MRIAQLRQZPPODS
473,0.0,CC(C)=CCC/C(C)=C/COc1c2ccoc2cc2oc(=O)ccc12,DBMJZOMNXBSRED-OQLLNIDSSA-N,DBMJZOMNXBSRED
474,0.0,COc1ccc(-c2cc(=O)c3c(OC)c(OC)c(OC)c(OC)c3o2)cc1,ULSUXBXHSYSGDT-UHFFFAOYSA-N,ULSUXBXHSYSGDT
475,0.0,O=C1C[C@@H](c2ccc(O)cc2)Oc2cc(O)cc(O)c21,FTVWIRXFELQLPI-ZDUSSCGKSA-N,FTVWIRXFELQLPI
476,0.0,O=c1c(O)c(-c2ccc(O)c(O)c2)oc2cc(O)cc(O)c12,REFJWTPEDVJJIY-UHFFFAOYSA-N,REFJWTPEDVJJIY
477,0.0,OCCN1CCN(CC/C=C2/c3ccccc3Sc3ccc(C(F)(F)F)cc32)CC1,NJMYODHXAKYRHW-DVZOWYKESA-N,NJMYODHXAKYRHW
478,0.0,CN(C)CCC=C1c2ccccc2CCc2ccccc21,KRMDCWKBEZIMAB-UHFFFAOYSA-N,KRMDCWKBEZIMAB
479,0.0,O=c1[nH]cnc2c1ncn2[C@@H]1O[C@H](CO)[C@@H](O)[C@H]1O,UGQMRVRMYYASKQ-KQYNXXCUSA-N,UGQMRVRMYYASKQ
480,0.0,C[C@]12CC[C@@H]3C4=C(CC[C@H]3[C@@H]1CC[C@@H]2O)CC(=O)CC4,BAZGVDKAIHZPOH-ZBRFXRBCSA-N,BAZGVDKAIHZPOH
481,0.0,CN(C)CCCN1c2ccccc2Sc2ccccc21,ZGUGWUXLJSTTMA-UHFFFAOYSA-N,ZGUGWUXLJSTTMA
482,0.0,CN1CCC[C@@H]1CCO[C@](C)(c1ccccc1)c1ccc(Cl)cc1,YNNUSGIPVFPVBX-NHCUHLMSSA-N,YNNUSGIPVFPVBX
483,0.0,CC(C)(Cc1c[nH]c2ccccc12)NCC(O)COc1ccccc1C#N,FBMYKMYQHCBIGU-UHFFFAOYSA-N,FBMYKMYQHCBIGU
484,0.0,Clc1ccccc1C(c1ccccc1)(c1ccccc1)n1ccnc1,VNFPBHJOKIVQEB-UHFFFAOYSA-N,VNFPBHJOKIVQEB
485,0.0,OCC[n+]1ccc(-c2ccccc2)cc1,GSMJQVCSZNBKCL-UHFFFAOYSA-N,GSMJQVCSZNBKCL
486,0.0,COc1ccc2c(c1)[C@]13CCCC[C@@H]1[C@H](C2)N(C)CC3,MKXZASYAUGDDCJ-NJAFHUGGSA-N,MKXZASYAUGDDCJ
487,0.0,C=c1c(C(=O)NCCN(CC)CC)c(C)[nH]c1=Cc1c(O)[nH]c2ccc(F)cc12,MAXXXDSMDPPTEE-UHFFFAOYSA-N,MAXXXDSMDPPTEE
488,0.0,CCN(CC)CCNC(C(=O)OCCC(C)C)c1ccccc1,RYOOHIUJEJZCFT-UHFFFAOYSA-N,RYOOHIUJEJZCFT
489,0.0,Clc1ccc(C(OCCN2CCCCC2)c2ccccc2)cc1,FLNXBVJLPJNOSI-UHFFFAOYSA-N,FLNXBVJLPJNOSI
490,0.0,N=C(N)N/N=C/c1c(Cl)cccc1Cl,WDZVGELJXXEGPV-YIXHJXPBSA-N,WDZVGELJXXEGPV
491,0.0,Cc1cc(C(C#N)c2ccc(Cl)cc2)c(Cl)cc1NC(=O)c1cc(I)cc(I)c1O,JMPFSEBWVLAJKM-UHFFFAOYSA-N,JMPFSEBWVLAJKM
492,0.0,COc1cc2nc(N(C)CCCNC(=O)C3CCCO3)nc(N)c2cc1OC,WNMJYKCGWZFFKR-UHFFFAOYSA-N,WNMJYKCGWZFFKR
493,0.0,CC(CCc1ccc(O)cc1)NCCc1ccc(O)c(O)c1,JRWZLRBJNMZMFE-UHFFFAOYSA-N,JRWZLRBJNMZMFE
494,0.0,COC1=CC(=O)C[C@@H](C)[C@]12Oc1c(Cl)c(OC)cc(OC)c1C2=O,DDUHZTYCFQRHIY-RBHXEPJQSA-N,DDUHZTYCFQRHIY
495,0.0,CC(=O)O[C@H]1C[C@@H]2CC[C@@H]3[C@H](CC[C@@]4(C)[C@H]3C[C@H]([N+]3(C)CCCCC3)[C@@H]4OC(C)=O)[C@@]2(C)C[C@@H]1[N+]1(C)CCCCC1,GVEAYVLWDAFXET-XGHATYIMSA-N,GVEAYVLWDAFXET
496,0.0,Oc1ccc(Cl)cc1Cc1cc(Cl)ccc1O,MDNWOSOZYLHTCG-UHFFFAOYSA-N,MDNWOSOZYLHTCG
497,0.0,CCCCCC[N+](CCCCCC)(CCCCCC)CCCCCC,DTIFFPXSSXFQCJ-UHFFFAOYSA-N,DTIFFPXSSXFQCJ
498,0.0,Cc1cn([C@H]2C[C@H](O)[C@@H](CO)O2)c(=O)[nH]c1=O,IQFYYKKMVGJFEH-XLPZGREQSA-N,IQFYYKKMVGJFEH
499,1.0,CC/C=C\C[C@H](O)/C=C/[C@@H]1C(C/C=C\CCCC(=O)O)C(=O)C[C@H]1O,CBOMORHDRONZRN-HVMRKENXSA-N,CBOMORHDRONZRN
500,0.0,CCCC(=O)Nc1ccn([C@@H]2O[C@H](CO)[C@@H](O)C2(F)F)c(=O)n1,UEOCXVZQUVACSZ-AVPPRXQKSA-N,UEOCXVZQUVACSZ
501,0.0,CC[N+](C)(CC)CC(O)CCC(=O)O,KDMIKVKFDGAPNT-UHFFFAOYSA-O,KDMIKVKFDGAPNT
502,0.0,CC[N+](C)(CC)CCCCCCC(=O)O,VRYDNRURJDEXLC-UHFFFAOYSA-O,VRYDNRURJDEXLC
503,0.0,CC[N+](CC)(CC)CCCCCCC(=O)O,SEJSAZCQWCHZBD-UHFFFAOYSA-O,SEJSAZCQWCHZBD
504,0.0,CC[N+](CC)(CC)CC(O)CCC(=O)O,HLNHYDXQCJDPGW-UHFFFAOYSA-O,HLNHYDXQCJDPGW
505,0.0,O=C(OP(=O)(O)O)C(O)COP(=O)(O)O,LJQLQCAXBUHEAZ-UHFFFAOYSA-N,LJQLQCAXBUHEAZ
506,0.0,O=P(O)(O)OC[C@H]1O[C@@](O)(COP(=O)(O)O)[C@@H](O)[C@@H]1O,RNBGYGVWRKECFJ-ZXXMMSQZSA-N,RNBGYGVWRKECFJ
507,0.0,O=P(O)(O)OC[C@H]1O[C@@H](O)[C@H](O)[C@@H](O)[C@@H]1O,NBSCHQHZLSJFNQ-VFUOTHLCSA-N,NBSCHQHZLSJFNQ
508,0.0,C[C@H]1O[C@@H](O[C@H]2[C@@H](O)C[C@H](O[C@H]3[C@@H](O)C[C@H](O[C@H]4CC[C@@]5(C)[C@H](CC[C@@H]6[C@@H]5CC[C@]5(C)[C@@H](C7=CC(=O)OC7)CC[C@]65O)C4)O[C@@H]3C)O[C@@H]2C)C[C@H](O)[C@@H]1O,WDJUZGPOPHTGOT-XUDUSOBPSA-N,WDJUZGPOPHTGOT
509,0.0,C[C@]12CC[C@H](O)C[C@H]1CC[C@@H]1[C@@H]2C[C@@H](O)[C@]2(C)[C@@H](C3=CC(=O)OC3)CC[C@]12O,SHIBSTMRCDJXLN-KCZCNTNESA-N,SHIBSTMRCDJXLN
510,0.0,CCCCCCCC(=O)OC(CC(=O)O)C[N+](C)(C)C,CXTATJFJDMJMIY-UHFFFAOYSA-O,CXTATJFJDMJMIY
511,0.0,CO[C@H]1/C=C/O[C@@]2(C)Oc3c(C)c(O)c4c(O)c(cc(O)c4c3C2=O)NC(=O)C(C)=CC=CC(C)[C@H](O)[C@@H](C)[C@@H](O)[C@@H](C)[C@H](OC(C)=O)[C@@H]1C,HJYYPODYNSCCOU-WXCWORQHSA-N,HJYYPODYNSCCOU
512,0.0,CC(C)N(CCC(C(N)=O)(c1ccccc1)c1ccccn1)C(C)C,UVTNFZQICZKOEM-UHFFFAOYSA-N,UVTNFZQICZKOEM
513,0.0,OCCN(CCO)c1nc(N2CCCCC2)c2nc(N(CCO)CCO)nc(N3CCCCC3)c2n1,IZEKFCXSFNUWAM-UHFFFAOYSA-N,IZEKFCXSFNUWAM
514,0.0,CN(C)CCCN1c2ccccc2CCc2ccccc21,BCGWQEUPMDMJNV-UHFFFAOYSA-N,BCGWQEUPMDMJNV
515,0.0,Cc1ccccc1C(OCCN(C)C)c1ccccc1,QVYRGXJJSLMXQH-UHFFFAOYSA-N,QVYRGXJJSLMXQH
516,1.0,Cc1nccn1CC1CCc2c(c3ccccc3n2C)C1=O,FELGMEQIXOGIFQ-UHFFFAOYSA-N,FELGMEQIXOGIFQ
517,1.0,N=C(N)c1ccc(OCCCCCOc2ccc(C(=N)N)cc2)cc1,XDRYMKDFEDOLFX-UHFFFAOYSA-N,XDRYMKDFEDOLFX
518,1.0,Cn1c(NCCN(CCO)CCCc2ccc([N+](=O)[O-])cc2)cc(=O)n(C)c1=O,OEBPANQZQGQPHF-UHFFFAOYSA-N,OEBPANQZQGQPHF
519,1.0,O=C1C=CC(=O)c2c1c(O)c1c(NCCNCCO)ccc(NCCNCCO)c1c2O,BWGNRRGTNFKGQK-UHFFFAOYSA-N,BWGNRRGTNFKGQK
520,1.0,Cc1ccc(NC(=O)c2ccc(CN3CCN(C)CC3)cc2)cc1Nc1nccc(-c2cccnc2)n1,KTUFNOKKBVMGRW-UHFFFAOYSA-N,KTUFNOKKBVMGRW
521,1.0,CC(C)(C)NC(=O)C1CN(Cc2cccnc2)CCN1C[C@@H](O)CC(Cc1ccccc1)C(=O)N[C@H]1c2ccccc2C[C@H]1O,CBVCZFGXHXORBI-IXVTTXLYSA-N,CBVCZFGXHXORBI
522,1.0,CC(C)c1nc(CN(C)C(=O)NC(C(=O)N[C@@H](Cc2ccccc2)C[C@H](O)[C@H](Cc2ccccc2)NC(=O)OCc2cncs2)C(C)C)cs1,NCDNCNXCDXHOMX-BWGGSIGWSA-N,NCDNCNXCDXHOMX
523,1.0,CCc1c2c(nc3ccc(OC(=O)N4CCC(N5CCCCC5)CC4)cc13)-c1cc3c(c(=O)n1C2)COC(=O)[C@]3(O)CC,UWKQSNNFCGGAFS-XIFFEERXSA-N,UWKQSNNFCGGAFS
524,1.0,Cn1c(CNc2ccc(C(=N)N)cc2)nc2cc(C(=O)N(CCC(=O)O)c3ccccn3)ccc21,YBSJFWOBGCMAKL-UHFFFAOYSA-N,YBSJFWOBGCMAKL
525,1.0,N=C(CCSCc1csc(N=C(N)N)n1)NS(N)(=O)=O,XUFQPHANEAPEMJ-UHFFFAOYSA-N,XUFQPHANEAPEMJ
526,0.0,Cc1nnc(C(C)C)n1[C@@H]1C[C@H]2CC[C@@H](C1)N2CC[C@H](NC(=O)C1CCC(F)(F)CC1)c1ccccc1,GSNHKUDZZFZSJB-QYOOZWMWSA-N,GSNHKUDZZFZSJB
527,1.0,Cc1nc2n(c(=O)c1CCN1CCC(c3noc4cc(F)ccc34)CC1)CCCC2,RAPZEAPATHNIPO-UHFFFAOYSA-N,RAPZEAPATHNIPO
528,0.0,C[C@]12CCC(=O)C=C1CC[C@@H]1C2C(=O)C[C@@]2(C)[C@H]1CC[C@]2(O)C(=O)CO,MFYSYFVPBJMHGN-VLNSYWPESA-N,MFYSYFVPBJMHGN
529,0.0,C=C[C@H]1CN2CC[C@H]1C[C@@H]2[C@@H](O)c1ccnc2ccc(OC)cc12,LOUPRKONTZGTKE-LHHVKLHASA-N,LOUPRKONTZGTKE
530,0.0,CC(=O)S[C@@H]1C=C2CC(=O)CC[C@]2(C)[C@H]2CC[C@@]3(C)[C@@H](CC[C@@]34CCC(=O)O4)[C@H]12,RRQQBPFUONLKTL-ZHYRCANASA-N,RRQQBPFUONLKTL
531,1.0,CN=C(C[N+](=O)[O-])NCCSCc1ccc(CN(C)C)o1,SYNOVMDJYWJCON-UHFFFAOYSA-N,SYNOVMDJYWJCON
532,0.0,COc1ccc(CCN2CCC(Nc3nc4ccccc4n3Cc3ccc(F)cc3)CC2)cc1,GXDALQBWZGODGZ-UHFFFAOYSA-N,GXDALQBWZGODGZ
533,0.0,CCCc1nc2c(C)cc(-c3nc4ccccc4n3C)cc2n1Cc1ccc(-c2ccccc2C(=O)O)cc1,RMMXLENWKUUMAY-UHFFFAOYSA-N,RMMXLENWKUUMAY
534,0.0,COc1ccccc1OCCNCC(O)COc1cccc2[nH]c3ccccc3c12,OGHNVEJMJSYVRP-UHFFFAOYSA-N,OGHNVEJMJSYVRP
535,1.0,CC[C@@]1(O)C(=O)OCc2c1cc1n(c2=O)Cc2cc3c(CN(C)C)c(O)ccc3nc2-1,UCFGDBYHRUNTLO-QHCPKHFHSA-N,UCFGDBYHRUNTLO
536,1.0,O=c1[nH]c2ccccc2n1CCCN1CCC(n2c(=O)[nH]c3cc(Cl)ccc32)CC1,FGXWKSZFVQUSTL-UHFFFAOYSA-N,FGXWKSZFVQUSTL
537,1.0,COc1cc2nc(N3CCN(C(=O)c4ccco4)CC3)nc(N)c2cc1OC,IENZQIKPVFGBNW-UHFFFAOYSA-N,IENZQIKPVFGBNW
538,1.0,CN(C)C(=O)COC(=O)Cc1ccc(OC(=O)c2ccc(N=C(N)N)cc2)cc1,XASIMHXSUQUHLV-UHFFFAOYSA-N,XASIMHXSUQUHLV
539,1.0,CC(=O)O[C@H]1C[C@@H]2CC[C@@H]3[C@H](CC[C@@]4(C)[C@H]3C[C@H]([N+]3(C)CCCCC3)[C@@H]4OC(C)=O)[C@@]2(C)C[C@@H]1N1CCCCC1,BGSZAXLLHYERSY-XQIGCQGXSA-N,BGSZAXLLHYERSY
540,1.0,N=C(N=C(N)NCCCCCCN=C(N)N=C(N)Nc1ccc(Cl)cc1)Nc1ccc(Cl)cc1,GHXZTYHSJHQHIJ-UHFFFAOYSA-N,GHXZTYHSJHQHIJ
541,1.0,Oc1c(Cl)cc(Cl)cc1Sc1cc(Cl)cc(Cl)c1O,JFIOVJDNOJYLKP-UHFFFAOYSA-N,JFIOVJDNOJYLKP
542,1.0,COc1cc2c3cc1Oc1cc(ccc1O)C[C@@H]1c4c(cc(OC)c(O)c4Oc4ccc(cc4)C[C@@H]3N(C)CC2)CC[N+]1(C)C,JFJZZMVDLULRGK-URLMMPGGSA-O,JFJZZMVDLULRGK
543,1.0,CC(C)CC(NC(=O)C(Cc1ccccc1)NC(=O)C(Cn1cc(CCc2ccccc2)nn1)NC(=O)C(CO)NC(=O)CN)C(N)=O,HCIUBYMUNUSUNO-UHFFFAOYSA-N,HCIUBYMUNUSUNO
544,1.0,CC(C)CC(NC(=O)C(Cc1ccccc1)NC(=O)C(Cn1cc(Cc2ccccc2)nn1)NC(=O)C(CO)NC(=O)CN)C(N)=O,DLHLAUJNPITBMI-UHFFFAOYSA-N,DLHLAUJNPITBMI
545,1.0,NC(Cc1ccc(O)c(Cc2ccccc2)c1)C(=O)O,FULCCCZBEUTMED-UHFFFAOYSA-N,FULCCCZBEUTMED
546,0.0,COC(=O)c1cc(C)cc(CC(N)C(=O)O)c1,NFNNFFRHXLDFNV-UHFFFAOYSA-N,NFNNFFRHXLDFNV
547,1.0,NC(Cc1cccc(Cc2ccccc2)c1)C(=O)O,WDAJRFDYHJVFMA-UHFFFAOYSA-N,WDAJRFDYHJVFMA
548,1.0,NC(Cc1cccc(-c2ccccc2)c1)C(=O)O,XXPHIHDDXCFWMS-UHFFFAOYSA-N,XXPHIHDDXCFWMS
549,0.0,CNC(=O)c1cccc(CC(N)C(=O)O)c1,MOUPFWHCJUMJAN-UHFFFAOYSA-N,MOUPFWHCJUMJAN
550,0.0,CC(=O)c1cccc(CC(N)C(=O)O)c1,IBCKYXVMEMSMQM-UHFFFAOYSA-N,IBCKYXVMEMSMQM
551,0.0,COC(=O)c1cccc(CC(N)C(=O)O)c1,DCMBHDKEVFGGFS-UHFFFAOYSA-N,DCMBHDKEVFGGFS
552,0.0,COC(=O)Cc1cccc(CC(N)C(=O)O)c1,UUYOJJYHZFAUQI-UHFFFAOYSA-N,UUYOJJYHZFAUQI
553,0.0,CC(C)(C)OC(=O)c1cccc(CC(N)C(=O)O)c1,ZFAGSQFMGXPASJ-UHFFFAOYSA-N,ZFAGSQFMGXPASJ
554,0.0,NC(Cc1cccc(C(=O)OCCO)c1)C(=O)O,XKUGEYZFKRHITK-UHFFFAOYSA-N,XKUGEYZFKRHITK
555,0.0,NC(Cc1ccc(OC(=O)NCCc2ccc(O)c(O)c2)cc1)C(=O)O,RKRDSKYZMBDOCT-UHFFFAOYSA-N,RKRDSKYZMBDOCT
556,0.0,NC(Cc1cccc(C(=O)NCCc2ccc(O)c(O)c2)c1)C(=O)O,SBINIUGKIMWCGA-UHFFFAOYSA-N,SBINIUGKIMWCGA
557,0.0,CCS(=O)(=O)c1ccc2oc(-c3ccc4c(c3)C=C[C@H](O)[C@H]4O)nc2c1,NYOSMIIPIQXLMM-WMZOPIPTSA-N,NYOSMIIPIQXLMM
558,1.0,FC(F)(F)Oc1ccc(/N=c2\ssnc2Cl)nc1,VHNMNFSCLSUTHD-AUWJEWJLSA-N,VHNMNFSCLSUTHD
559,1.0,Nc1cc(COc2c(Cl)cc(CC(N)C(=O)O)cc2Cl)c2oc(-c3ccccc3)nc2c1,XNRZJPQTMQZBCE-UHFFFAOYSA-N,XNRZJPQTMQZBCE
560,0.0,CNC(=O)COc1ccc(-c2c(C#N)c(NC(=O)c3cccc(CC(N)C(=O)O)c3)n3c(nc4ccccc43)c2C#N)cc1,MLNOOVGSMCJSCE-UHFFFAOYSA-N,MLNOOVGSMCJSCE
561,0.0,CC1(C)CC[C@]2(C(=O)NCC(F)(F)F)CC[C@]3(C)C(C(=O)C=C4[C@@]5(C)C=C(C#N)C(=O)C(C)(C)[C@@H]5CC[C@]43C)[C@@H]2C1,UBRASLQCAYTTEB-FUARBKCBSA-N,UBRASLQCAYTTEB
562,0.0,CC1(C)CC[C@]2(C(=O)n3ccnc3)CC[C@]3(C)C(C(=O)C=C4[C@@]5(C)C=C(C#N)C(=O)C(C)(C)[C@@H]5CC[C@]43C)[C@@H]2C1,ITFBYYCNYVFPKD-UVPXPBJQSA-N,ITFBYYCNYVFPKD
563,0.0,COC(=O)[C@]12CCC(C)(C)C[C@H]1C1C(=O)C=C3[C@@]4(C)C=C(C#N)C(=O)C(C)(C)[C@@H]4CC[C@@]3(C)[C@]1(C)CC2,WPTTVJLTNAWYAO-FUARBKCBSA-N,WPTTVJLTNAWYAO
564,1.0,CC(C)CCN1CCN([C@@H](CNCc2ccccc2)CC2CCCCC2)C[C@@H]1CC(C)C,GCNDGNXMQOEIIO-WDYNHAJCSA-N,GCNDGNXMQOEIIO
565,1.0,COC(=O)NC(C)C(=O)N1CCC(CCc2c(N)nc(C)nc2Cl)CC1,CTAGBUIPLIEQID-UHFFFAOYSA-N,CTAGBUIPLIEQID
566,1.0,Cc1nc(N)c(CCC2CCN(C(=O)C(C)NC(=O)c3cnc(C)s3)CC2)c(Cl)n1,KLRWUOFULIPURB-UHFFFAOYSA-N,KLRWUOFULIPURB
567,1.0,Cc1n[nH]cc1C(=O)NC(C)C(=O)N1CCC(CCc2c(C)nc(Cl)nc2N)CC1,XMPTZLSWBARYOE-UHFFFAOYSA-N,XMPTZLSWBARYOE
568,1.0,Cc1nc(C(F)(F)F)nc(N)c1CCC1CCN(C(=O)C(C)NC(=O)c2ccnn2C)CC1,FJLGBNQKFIHNGX-UHFFFAOYSA-N,FJLGBNQKFIHNGX
569,1.0,CC(NC(=O)c1ccn(C)n1)C(=O)N1CCC(CCc2c(N)nc(N)nc2Cl)CC1,DDNFORUESGOAET-UHFFFAOYSA-N,DDNFORUESGOAET
570,1.0,CC(NC(=O)C1CC1)C(=O)N1CCC(CCc2c(N)nc(N)nc2Cl)CC1,OHEQORXVQPCHAQ-UHFFFAOYSA-N,OHEQORXVQPCHAQ
571,1.0,C[C@@H](O)C(NC(=O)C1CCCN1C(=O)C(CO)NC(=O)C(Cc1cccc2ccccc12)NC(=O)C(CN)NC(=O)C(CO)NC(=O)CN)C(N)=O,OXOPLJKMWZGJTQ-PNAPECLXSA-N,OXOPLJKMWZGJTQ
572,1.0,CC1(C)C(=O)C(C#N)=C[C@]2(C)[C@H]3CC[C@]4(C)CCC[C@H]4[C@@H]3CC[C@@H]12,XZVXQIBHMFEQPK-KIHPVRBWSA-N,XZVXQIBHMFEQPK
573,1.0,CCNC(=O)[C@]12CCC(C)(C)C[C@H]1C1C(=O)C=C3[C@@]4(C)C=C(C#N)C(=O)C(C)(C)[C@@H]4CC[C@@]3(C)[C@]1(C)CC2,RZRQJICXYQPEQJ-JMFLSPGUSA-N,RZRQJICXYQPEQJ
574,1.0,CC(C)CC(NC(=O)C(Cc1ccccc1)NC(=O)C(Cn1cc(CCCc2ccccc2)nn1)NC(=O)C(CO)NC(=O)CN)C(N)=O,VIVIFJSCGWLIIQ-UHFFFAOYSA-N,VIVIFJSCGWLIIQ
575,1.0,Cc1nc(C(F)(F)F)ccc1COc1cc(Cl)c2cc(CC(=O)O)sc2c1Cl,RWBDAOBCFDZDSF-UHFFFAOYSA-N,RWBDAOBCFDZDSF
576,1.0,O=C(O)c1ccc2oc(SCc3ccc(Cl)cc3Cl)nc2c1,XJWRLMFEUPVROI-UHFFFAOYSA-N,XJWRLMFEUPVROI
577,1.0,Cc1nc2ncnn2c(N)c1Cc1ccc(Br)c(OC(F)F)n1,AZHBLVQIWNQJLF-UHFFFAOYSA-N,AZHBLVQIWNQJLF
578,1.0,Cc1nc2nonc2c(N)c1CN1CCC(OC(F)(F)F)CC1,WGCQGXYLXMBLPP-UHFFFAOYSA-N,WGCQGXYLXMBLPP
579,1.0,Cc1nc2nonc2c(N)c1Cn1ccc(-c2cccc(C(F)(F)F)n2)n1,PEMOKRBTCSJWJN-UHFFFAOYSA-N,PEMOKRBTCSJWJN
580,1.0,COc1cc(C(F)(F)F)ccc1Cc1c(C)nc2nonc2c1N,QZAGZJOGIKVNCE-UHFFFAOYSA-N,QZAGZJOGIKVNCE
581,1.0,Cc1nc2nonc2c(N)c1Cc1ccc(C#N)c(NC2CC2)n1,FFSUJBAEJTXBRA-UHFFFAOYSA-N,FFSUJBAEJTXBRA
582,0.0,C[C@@]12CCC[C@H]1[C@@H]1CC[C@H]3CC(=O)C(Br)=C[C@]3(C)[C@H]1CC2,FBRNKWMVKROLNN-VRBUCKFRSA-N,FBRNKWMVKROLNN
583,1.0,C[C@@]12CCC[C@H]1[C@@H]1CC[C@H]3CC(=O)C(C#N)=C[C@]3(C)[C@H]1CC2,IWDCXOKCJYHVAW-BGZMIMFDSA-N,IWDCXOKCJYHVAW
584,1.0,Cc1[nH]cnc1CSCCNc1ncccn1,MNGRAPYYTJTLKV-UHFFFAOYSA-N,MNGRAPYYTJTLKV
585,0.0,CNC(=O)COc1ccc(C2=C(C#N)C(=NC(=O)c3cccc(CC(N)C(=O)O)c3)N3C4C=CC=CC4=NC3C2C#N)cc1,FMDSXLFDERBOEZ-UHFFFAOYSA-N,FMDSXLFDERBOEZ
586,1.0,C[C@](N)(Cc1ccc(O)c(F)c1)C(=O)O,STUMEFJLAPRRME-JTQLQIEISA-N,STUMEFJLAPRRME
587,1.0,CC(CCc1ccccc1)NCC(O)c1ccc(O)c(C(N)=O)c1,SGUAFYQXFOLMHL-UHFFFAOYSA-N,SGUAFYQXFOLMHL
588,1.0,C=C[C@H]1C[N@+]2(C)CC[C@H]1C[C@H]2[C@H](O)c1ccnc2ccc(OC)cc12,SJTSZVLGFLZBFK-UIHPHKDJSA-N,SJTSZVLGFLZBFK
589,1.0,C[C@@H]1O[C@@H](O[C@H]2C[C@@H](O)[C@]3(CO)[C@H]4[C@H](O)C[C@]5(C)[C@@H](C6=CC(=O)OC6)CC[C@]5(O)[C@@H]4CC[C@]3(O)C2)[C@H](O)[C@H](O)[C@H]1O,LPMXVESGRSUGHW-HBYQJFLCSA-N,LPMXVESGRSUGHW
590,1.0,CC(C)c1c(C(=O)Nc2ccccc2)c(-c2ccccc2)c(-c2ccc(F)cc2)n1CC[C@@H](O)C[C@@H](O)CC(=O)O,XUKUURHRXDUEBC-KAYWLYCHSA-N,XUKUURHRXDUEBC
591,1.0,NC(Cc1ccc(Oc2cc(I)c(O)c(I)c2)c(I)c1)C(=O)O,HZCBWYNLGPIQRK-UHFFFAOYSA-N,HZCBWYNLGPIQRK
592,1.0,C[C@]12CC[C@@H]3c4ccc(OS(=O)(=O)O)cc4CC[C@H]3[C@@H]1CCC2=O,JKKFKPJIXZFSSB-CBZIJGRNSA-N,JKKFKPJIXZFSSB
593,1.0,CN(Cc1cnc2nc(N)nc(N)c2n1)c1ccc(C(=O)NC(CCC(=O)O)C(=O)O)cc1,FBOZXECLQNJBKD-UHFFFAOYSA-N,FBOZXECLQNJBKD
594,1.0,O=C(O[C@@H]1Cc2c(O)cc(O)cc2O[C@@H]1c1ccc(O)c(O)c1)c1cc(O)c(O)c(O)c1,LSHVYAFMTMFKBA-TZIWHRDSSA-N,LSHVYAFMTMFKBA
595,1.0,COC(=O)c1ccccc1-c1c2ccc(N)cc2[o+]c2cc(N)ccc12,ZWODABSNRKVFCK-UHFFFAOYSA-N,ZWODABSNRKVFCK
596,1.0,C[C@H](CCC(=O)NCC(=O)O)[C@H]1CC[C@H]2[C@@H]3[C@H](O)C[C@@H]4C[C@H](O)CC[C@]4(C)[C@H]3C[C@H](O)[C@]12C,RFDAIACWWDREDC-FRVQLJSFSA-N,RFDAIACWWDREDC
597,1.0,COc1cccc(OC)c1-c1ccc(CC(C(=O)O)N(C=O)c2c(Cl)cccc2Cl)cc1,SNRRKTQMVCADSZ-UHFFFAOYSA-N,SNRRKTQMVCADSZ
598,1.0,C[C@]12CC[C@H](OS(=O)(=O)O)CC1=CC[C@@H]1[C@@H]2CC[C@]2(C)C(=O)CC[C@@H]12,CZWCKYRVOZZJNM-USOAJAOKSA-N,CZWCKYRVOZZJNM
599,1.0,CC(C)(C)NCC(O)COc1ccc(NC(=O)NC2CCCCC2)cc1,MXFWWQICDIZSOA-UHFFFAOYSA-N,MXFWWQICDIZSOA
600,1.0,CC(NC(=O)C(N)Cc1ccc(O)cc1)C(=O)NC(Cc1ccccc1)C(=O)NC(CCC(=O)O)C(=O)NC(C(=O)NC(C(=O)NCC(N)=O)C(C)C)C(C)C,NUNBRHVOPFWRRG-UHFFFAOYSA-N,NUNBRHVOPFWRRG
601,1.0,CCCCCCCC(=O)CC[C@@H]1[C@@H](C/C=C\CCCC(=O)O)[C@@H](O)C[C@H]1O,TVHAZVBUYQMHBC-SNHXEXRGSA-N,TVHAZVBUYQMHBC
602,1.0,Cc1c(F)c(N2CCNC(C)C2)cc2c1c(=O)c(C(=O)O)cn2C1CC1,AIJTTZAVMXIJGM-UHFFFAOYSA-N,AIJTTZAVMXIJGM
603,1.0,CCN(CC)C(=O)Nc1ccc(OCC(O)CNC(C)(C)C)c(C(C)=O)c1,JOATXPAWOHTVSZ-UHFFFAOYSA-N,JOATXPAWOHTVSZ
604,1.0,O=C(O)C[C@H](O)C[C@H](O)/C=C/c1c(C2CC2)nc2ccccc2c1-c1ccc(F)cc1,VGYFMXBACGZSIL-MCBHFWOFSA-N,VGYFMXBACGZSIL
605,1.0,CCn1cc(C(=O)O)c(=O)c2cc(F)c(N3CCNCC3)nc21,IDYZIJYBMGIQMJ-UHFFFAOYSA-N,IDYZIJYBMGIQMJ
606,1.0,NC(Cc1cc(I)c(Oc2ccc(O)c(I)c2)c(I)c1)C(=O)O,AUYYCJSJGJYCDS-UHFFFAOYSA-N,AUYYCJSJGJYCDS
607,1.0,O=C1OC(c2ccc(O)c(S(=O)(=O)O)c2)(c2ccc(O)c(S(=O)(=O)O)c2)c2c(Br)c(Br)c(Br)c(Br)c21,OHTXTCNTQJFRIG-UHFFFAOYSA-N,OHTXTCNTQJFRIG
608,1.0,CC(C)(C)NC(=O)C1C[C@@H]2CCCC[C@@H]2CN1C[C@@H](O)[C@H](Cc1ccccc1)NC(=O)C(CC(N)=O)NC(=O)c1ccc2ccccc2n1,QWAXKHKRTORLEM-PVCXOJBVSA-N,QWAXKHKRTORLEM
609,1.0,CC(C)(C(=O)O)c1ccc(C(O)CCCN2CCC(C(O)(c3ccccc3)c3ccccc3)CC2)cc1,RWTNPBWLLIMQHL-UHFFFAOYSA-N,RWTNPBWLLIMQHL
610,1.0,C[C@@H]1Cc2c(Cl)cc(C(=O)NC(Cc3ccccc3)C(=O)O)c(O)c2C(=O)O1,RWQKHEORZBHNRI-INHVJJQHSA-N,RWQKHEORZBHNRI
611,1.0,O=C(O)c1cn(C2CC2)c2cc(N3CCNCC3)c(F)cc2c1=O,MYSWGUAQZAJSOK-UHFFFAOYSA-N,MYSWGUAQZAJSOK
612,1.0,NC(Cc1cc(I)c(Oc2cc(I)c(O)c(I)c2)c(I)c1)C(=O)O,XUIIKFGFIJCVMT-UHFFFAOYSA-N,XUIIKFGFIJCVMT
613,1.0,O=C(O)CCCc1ccc(N(CCCl)CCCl)cc1,JCKYGMPEJWAADB-UHFFFAOYSA-N,JCKYGMPEJWAADB
614,1.0,CC(C)CN(C[C@@H](O)[C@H](Cc1ccccc1)NC(=O)O[C@H]1CO[C@H]2OCC[C@H]21)S(=O)(=O)c1ccc(N)cc1,CJBJHOAVZSMMDJ-HEXNFIEUSA-N,CJBJHOAVZSMMDJ
615,1.0,CCCCN(CCCC)C(=O)CN1C[C@H](c2ccc3c(c2)OCO3)C(C(=O)O)[C@@H]1c1ccc(OC)cc1,MOTJMGVDPWRKOC-CUWFNYONSA-N,MOTJMGVDPWRKOC
616,1.0,CC(C)CC1NC(=O)C(C(C)C)NC(=O)C2CCCN2C(=O)C(CC(=O)O)NC(=O)C(Cc2c[nH]c3ccccc23)NC1=O,VYCMAAOURFJIHD-UHFFFAOYSA-N,VYCMAAOURFJIHD
617,1.0,C[C@]12CC[C@@H]3c4ccc(O)cc4CC[C@H]3[C@@H]1CC[C@@H]2O[C@@H]1OC(C(=O)O)[C@@H](O)[C@H](O)[C@H]1O,MTKNDAQYHASLID-MZCZEQTOSA-N,MTKNDAQYHASLID
618,1.0,CCCCC[C@H](O)/C=C/[C@@H]1C(C/C=C\CCCC(=O)O)C(=O)C[C@H]1O,XEYBRNLFEZDVAW-CASDQVHDSA-N,XEYBRNLFEZDVAW
619,1.0,CCCC(=O)Nc1ccc(OCC(O)CNC(C)C)c(C(C)=O)c1,GOEMGAFJFRBGGG-UHFFFAOYSA-N,GOEMGAFJFRBGGG
620,1.0,CC(C)=c1nc(N(C)S(C)(=O)=O)nc(-c2ccc(F)cc2)c1=CC[C@@H](O)C[C@@H](O)CC(=O)O,DRLXVNRHGMULCY-IAGOWNOFSA-N,DRLXVNRHGMULCY
621,1.0,COc1c(N2CCNC(C)C2)c(F)cc2c(=O)c(C(=O)O)cn(C3CC3)c12,XUBOMFCQGDBHNK-UHFFFAOYSA-N,XUBOMFCQGDBHNK
622,1.0,O=C(O[C@@H]1Cc2c(O)cc(O)cc2O[C@@H]1c1cc(O)c(O)c(O)c1)c1cc(O)c(O)c(O)c1,WMBWREPUVVBILR-WIYYLYMNSA-N,WMBWREPUVVBILR
623,1.0,CC(C)NCC(O)c1ccc(NS(C)(=O)=O)cc1,ZBMZVLHSJCTVON-UHFFFAOYSA-N,ZBMZVLHSJCTVON
624,1.0,C[C@@H](O)C1C(=O)N2C(C(=O)OCOC(=O)C(C)(C)C)=C(SC3CN(C4=NCCS4)C3)[C@H](C)[C@H]12,SNUDIPVBUUXCDG-MYIUUGPWSA-N,SNUDIPVBUUXCDG
625,1.0,C=CC[N+]1([C@H]2C[C@H]3[C@@H]4CC[C@H]5C[C@H](O)[C@@H](N6CCOCC6)C[C@]5(C)[C@H]4CC[C@]3(C)[C@H]2OC(C)=O)CCCC1,YXRDKMPIGHSVRX-OOJCLDBCSA-N,YXRDKMPIGHSVRX
626,1.0,C[C@H](CCC(=O)NCCS(=O)(=O)O)[C@H]1CC[C@H]2[C@@H]3[C@H](O)C[C@@H]4C[C@H](O)CC[C@]4(C)[C@H]3C[C@H](O)[C@]12C,WBWWGRHZICKQGZ-HZAMXZRMSA-N,WBWWGRHZICKQGZ
627,1.0,CCn1cc(C(=O)O)c(=O)c2cc(F)c(N3CCNC(C)C3)c(F)c21,ZEKZLJVOYLTDKK-UHFFFAOYSA-N,ZEKZLJVOYLTDKK
628,1.0,CC1(C)SSC(C)(C)C(NC(=O)C(N)Cc2ccc(O)cc2)C(=O)NCC(=O)NC(Cc2ccccc2)C(=O)NC1C(=O)O,MCMMCRYPQBNCPH-UHFFFAOYSA-N,MCMMCRYPQBNCPH
629,0.0,CNC(=O)c1cc(Oc2ccc(NC(=O)Nc3ccc(Cl)c(C(F)(F)F)c3)cc2)ccn1,MLDQJTXFUGDVEO-UHFFFAOYSA-N,MLDQJTXFUGDVEO
630,0.0,CCC(C)C(=O)O[C@H]1C[C@H](O)C=C2C=C[C@H](C)[C@H](CC[C@@H](O)C[C@@H](O)CC(=O)O)[C@H]21,TUZYXOIXSAXUGO-RXYRLICESA-N,TUZYXOIXSAXUGO
631,0.0,CCCCC/C=C\C/C=C\C=C\C=C\[C@@H](SCC(NC(=O)CCC(N)C(=O)O)C(=O)NCC(=O)O)[C@@H](O)CCCC(=O)O,GWNVDXQDILPJIG-SWOVEEFNSA-N,GWNVDXQDILPJIG
632,0.0,Cc1ncc2n1-c1ccc(Cl)cc1C(c1ccccc1F)=NC2,DDLIGBOFAVUZHB-UHFFFAOYSA-N,DDLIGBOFAVUZHB
633,0.0,CCCC[N+](C)(CCCC)CCCC,HJHUXWBTVVFLQI-UHFFFAOYSA-N,HJHUXWBTVVFLQI
634,0.0,C[C@]12CCC(=O)C=C1CC[C@@H]1[C@@H]2[C@@H](O)C[C@]2(C=O)C(C(=O)CO)CC[C@@H]12,PQSUYGKTWSAVDQ-LNXQYSHSSA-N,PQSUYGKTWSAVDQ
635,0.0,C[C@]12CCC(=O)C=C1CC[C@@H]1[C@@H]2[C@@H](O)C[C@@]2(C)[C@H]1CC[C@]2(O)C(=O)CO,JYGXADMDTFJGBT-VWUMJDOOSA-N,JYGXADMDTFJGBT
636,0.0,CCCCCCCC(=O)CC[C@@H]1[C@@H](C/C=C\CCCC(=O)OC(C)C)[C@@H](O)C[C@H]1O,XXUPXHKCPIKWLR-JHUOEJJVSA-N,XXUPXHKCPIKWLR
637,0.0,CCOC(=O)C(CCc1ccccc1)NC(C)C(=O)N1CCCC1C(=O)O,GBXSMTUPTTWBMN-UHFFFAOYSA-N,GBXSMTUPTTWBMN
638,0.0,C[C@H]1O[C@@H](O[C@H]2[C@@H](O)C[C@H](O[C@H]3[C@@H](O)C[C@H](O[C@H]4CC[C@@]5(C)[C@H](CC[C@@H]6[C@@H]5C[C@@H](O)[C@]5(C)[C@@H](C7=CC(=O)OC7)CC[C@]65O)C4)O[C@@H]3C)O[C@@H]2C)C[C@H](O)[C@@H]1O,LTMHDMANZUZIPE-PUGKRICDSA-N,LTMHDMANZUZIPE
