,SMILES,InChIKey,inchi_connectivity,pchembl_value_Mean,Year
0,O=C(O)c1c(Cl)c2c(cc(Cl)cc2)s1,AAHPIJMQJAZYTM-UHFFFAOYSA-N,AAHPIJMQJAZYTM,4.23,2013
1,Cc1ccc(S(=O)(=O)NC(=O)C(Cc2ccccc2)NC(=O)C2CC(Oc3ccc(-c4ccccc4)cc3)CN2C(=O)OC(C)(C)C)cc1,ACNZOBNVDMFAHH-UHFFFAOYSA-N,ACNZOBNVDMFAHH,5.48,2015
2,Cc1cc(OCCCc2c(C(=O)NS(=O)(=O)c3ccc(C(=O)O)o3)[nH]c3c2ccc(Cl)c3-c2c(C)n(C)nc2C)cc(C)c1Cl,ADAKEJQIRIAPEC-UHFFFAOYSA-N,ADAKEJQIRIAPEC,9.11,2016
3,Cc1cc(=O)c2c(o1)c(CC(C)C)c(O)c(O)c2O,ADNKLAAIRXDEOP-UHFFFAOYSA-N,ADNKLAAIRXDEOP,5.77,2007
4,CC(C)(C)OC(=O)N1CC(Oc2ccc(-c3ccccc3)cc2)CC1C(=O)NC(Cc1c[nH]c2c1cccc2)C(=O)NS(=O)(=O)c1ccccc1,ADPHLFYFNVTAAV-UHFFFAOYSA-N,ADPHLFYFNVTAAV,5.5,2015
5,Cc1cc(OCCCc2c(C(=O)O)n3CCCc4cccc2c43)cc(C)c1Cl,ADSBNQANHZZEKS-UHFFFAOYSA-N,ADSBNQANHZZEKS,6.96,2015
6,Cc1cc(OCCn2ccc3ccc(OCC(=O)O)cc32)cc(C)c1Cl,AGPLGMAGZCSFPI-UHFFFAOYSA-N,AGPLGMAGZCSFPI,4.93,2017
7,O=C1c2c(cccc2)C(=O)c2c1cc(O)c(O)c2O,AHKDJQYHVWSRLT-UHFFFAOYSA-N,AHKDJQYHVWSRLT,5.92,2012
8,O=C(O)C1=CC(O)C2CC3C(CCC=CCc4ccc(O)cc4)C4C=CC1C2C43,AIMOZZMOIMJWIV-UHFFFAOYSA-N,AIMOZZMOIMJWIV,5.23,2014
9,O=C(O)c1cc(S(=O)(=O)Nc2ccccc2-c2ccccc2)c2ccccc2c1O,AKARBYPGSQOLJR-UHFFFAOYSA-N,AKARBYPGSQOLJR,5.07,2016
10,Cc1cc(OCCCc2c(C(=O)O)n3CCOc4cccc2c43)cc(C)c1Cl,AKECYKAJCUSQLB-UHFFFAOYSA-N,AKECYKAJCUSQLB,7.19,2015
11,Cc1cc(Oc2nc(OCc3ccccc3)c(C(=O)O)cc2)cc(C)c1Cl,AQHLKTAXSUKFMQ-UHFFFAOYSA-N,AQHLKTAXSUKFMQ,5.54,2018
12,Cc1cc(OCCCn2ccc3c2cccc3OCc2cccc(C(=O)O)c2)cc(C)c1Cl,AQOVMEUBPMLELA-UHFFFAOYSA-N,AQOVMEUBPMLELA,6.82,2017
13,Cc1cc(OCCCc2c(C(=O)NCc3cn(C)c(C(=O)O)c3)[nH]c3c2cccc3-c2c(C)n(C)nc2C)cc(C)c1Cl,ASMOXSKXETVZOR-UHFFFAOYSA-N,ASMOXSKXETVZOR,7.62,2015
14,Cc1cc(OCCCn2ccc3ccc(OCCO)cc32)cc(C)c1Cl,ATTXTKISYJQJRJ-UHFFFAOYSA-N,ATTXTKISYJQJRJ,5.68,2017
15,CC(C)Oc1ccc(-c2cc(-c3ccc(OC(C)C)cc3)nc(C(=O)O)c2)cc1,AYCCGUNUDOUHNP-UHFFFAOYSA-N,AYCCGUNUDOUHNP,4.54,2018
16,Cc1cc(OCCCc2c(C(=O)NS(=O)(=O)CCNC(=O)CC(C)C)[nH]c3cc(Cl)ccc23)cc(C)c1Cl,AYLQSMGRRXZGPL-UHFFFAOYSA-N,AYLQSMGRRXZGPL,8.0,2016
17,O=[N+]([O-])c1cc([N+](=O)[O-])c2cccnc2c1Oc1c(O)cccc1,AZHFQMWQZSLRTA-UHFFFAOYSA-N,AZHFQMWQZSLRTA,5.55,2008
18,O=C(Nc1cccc(S(=O)(=O)NC2=NCCC2)c1)c1cc(-c2ccco2)nc2ccccc12,AZQHKULVKXKJLP-UHFFFAOYSA-N,AZQHKULVKXKJLP,5.665,2008
19,O=C(NC(Cc1ccccc1)C(=O)NS(=O)(=O)c1ccc(Cl)c([N+](=O)[O-])c1)c1cn(Cc2ccc(-c3ccc(Cl)cc3)cc2)c2c1cccc2,AZRHKOKLZALSIL-UHFFFAOYSA-N,AZRHKOKLZALSIL,7.14,2017
20,O=C(O)C1Nc2c(cccc2C(=O)N2CCOCC2)C2C=CCC12,BAFWMUGYCDOMKF-UHFFFAOYSA-N,BAFWMUGYCDOMKF,5.56,2008
21,Cc1nn(-c2ccccc2)c(O)c1C=C1C(=O)NN(c2ccc(F)c(Cl)c2)C1=O,BBHWBMPTHWGEQY-UHFFFAOYSA-N,BBHWBMPTHWGEQY,5.24,2008
22,CCN(CC)c1ccc(NC(=O)c2c(OCC(=O)OC)cccc2)cc1,BBKAJNAGIAWKAH-UHFFFAOYSA-N,BBKAJNAGIAWKAH,5.2,2008
23,O=C(O)C(Cc1ccccc1)N1C(=O)SC(=Cc2cccc(Br)c2)C1=O,BBPCIVHDTKLCKQ-UHFFFAOYSA-N,BBPCIVHDTKLCKQ,6.54,2018
24,Cc1cc(OCCCc2c(C(=O)NS(=O)(=O)c3cc(N(C)CCc4ccccc4)ncc3)[nH]c3c2ccc(Cl)c3-c2c(C)n(C)nc2C)cc(C)c1Cl,BDFSISDMEYIABU-UHFFFAOYSA-N,BDFSISDMEYIABU,7.625,2016
25,Cc1cc(OCCCc2c3C(=O)N(c4cc(C(=O)O)cc5c4ccn5C)CCCn3c3c2ccc(Cl)c3-c2c(C)n(C)nc2C)cc(C)c1Cl,BDINUPBROUJUMH-UHFFFAOYSA-N,BDINUPBROUJUMH,8.805,2017
26,O=C(C=Cc1ccccc1)Nc1ccc(C(=O)NS(=O)(=O)c2ccc(NCCSc3ccccc3)c([N+](=O)[O-])c2)cc1,BDOWOEXBFLRGBF-UHFFFAOYSA-N,BDOWOEXBFLRGBF,5.8,2016
27,Cc1cc(OCCCc2c3C(=O)N(c4ccc(C(=O)O)c5c4n(C)cc5)CCCn3c3c2ccc(Cl)c3-c2c(C)n(C)nc2C)cc(C)c1Cl,BEMIPHFYAIZMHC-UHFFFAOYSA-N,BEMIPHFYAIZMHC,8.28,2018
28,O=C(O)c1cc2cccc3c2n1CCC3,BFCHTANYIYJEKK-UHFFFAOYSA-N,BFCHTANYIYJEKK,3.88,2015
29,Cc1cccc(C)c1N1C(=O)C(=Cc2ccc(OCc3ccc(C(=O)O)cc3)cc2)SC1=S,BFUDACNOTBJKRG-UHFFFAOYSA-N,BFUDACNOTBJKRG,6.14,2015
30,CS(=O)(=O)Nc1cc(SCC(=O)O)c(O)c2c1cccc2,BFYXRLSWPIICCT-UHFFFAOYSA-N,BFYXRLSWPIICCT,4.12,2014
31,COc1ccc(-c2nc(C(=O)O)cc(-c3ccc(Oc4ccccc4)cc3)c2)cc1,BGJBKBVORPDGOL-UHFFFAOYSA-N,BGJBKBVORPDGOL,4.96,2018
32,COc1cc2c(cc1)n(-c1ccc(-c3ccccc3)cc1)c(C)c2CC(=O)NC(Cc1ccccc1)C(=O)NS(=O)(=O)c1cc([N+](=O)[O-])c(Cl)cc1,BGVWDINPRHXDRI-UHFFFAOYSA-N,BGVWDINPRHXDRI,6.32,2017
33,Cc1nn(C)c(COc2ccccc2)c1-c1cccc2c1n(CCN1CCOCC1)c(C(=O)O)c2CCCOc1cccc2ccccc12,BICFZVJFUDVOCT-UHFFFAOYSA-N,BICFZVJFUDVOCT,7.790000000000001,2015
34,Cc1cc(OCCCc2c3C(=O)N(c4ncc(C(=O)O)cc4)CCCn3c3c2ccc(Cl)c3-c2c(C)n(C)nc2C)cc(C)c1Cl,BNPXLHOIICOUNR-UHFFFAOYSA-N,BNPXLHOIICOUNR,8.065,2018
35,CCCCN=C1C(=O)NC2=C1c1c3c2cccc3c(Sc2ccc(OC)cc2)cc1,BNTOBHKNATVJRV-UHFFFAOYSA-N,BNTOBHKNATVJRV,6.82,2013
36,Cc1cc(OCCCc2c(C(=O)NS(C)(=O)=O)[nH]c3cc(Cl)ccc23)cc(C)c1Cl,BNYCCIRSMLMXSF-UHFFFAOYSA-N,BNYCCIRSMLMXSF,6.68,2016
37,CC(C)Oc1ccc(-c2nc(C(=O)O)cc(-c3ccc(Oc4ccccc4)cc3)c2)cc1,BOGRMKSTPVKXJW-UHFFFAOYSA-N,BOGRMKSTPVKXJW,5.13,2018
38,CC(C)c1cc(C(=O)c2ccc(Oc3ccccc3)cc2)c(O)c(O)c1O,BPCUAEBLJFPRKL-UHFFFAOYSA-N,BPCUAEBLJFPRKL,6.42,2008
39,N#CC1=C2C(=NC1=O)c1cccc3c(Sc4ccc(-c5ccccc5)cc4)ccc2c13,BQKPLJHLJLIZCH-UHFFFAOYSA-N,BQKPLJHLJLIZCH,6.08,2011
40,CC(C)(C)c1ccc(OCCCn2ccc3cc(OCc4cc(C(=O)O)ccc4)ccc32)cc1,BRFVXGJMKGSVFI-UHFFFAOYSA-N,BRFVXGJMKGSVFI,6.6,2017
41,N#CC1=C2C(=NC1=O)c1cccc3c(N4CCSCC4)ccc2c13,BRPRPURMGRJSHP-UHFFFAOYSA-N,BRPRPURMGRJSHP,6.7058333333333335,2011
42,O=C(O)c1cc(-c2ccc(Oc3ccccc3)cc2)nc(-c2ccc(Br)cc2)c1,BRVNIGIAFOOHJJ-UHFFFAOYSA-N,BRVNIGIAFOOHJJ,5.35,2018
43,CCOc1ccc(-c2c(NC(=O)c3ccc(OCC(C)C)cc3)c(C(=O)O)nn2-c2ccc(Oc3ccccc3)cc2)cc1,BRWCOCICLLQFLI-UHFFFAOYSA-N,BRWCOCICLLQFLI,6.41,2016
44,N#CC1=C2C(=NC1=O)c1cccc3c(Oc4ccc(-c5ccccc5)cc4)ccc2c13,BRYQRJBYNBYHAH-UHFFFAOYSA-N,BRYQRJBYNBYHAH,5.89,2011
45,O=C(O)c1c(CCCOc2ccc(C(F)(F)F)cc2)c2c(cccc2)[nH]1,BSVHSNGREGRCSI-UHFFFAOYSA-N,BSVHSNGREGRCSI,5.0,2013
46,O=C(O)c1c(CCCOc2cccc3ccccc23)c2c3c(ccc2)S(=O)(=O)CCCn13,BTBUZFMVFUFDSU-UHFFFAOYSA-N,BTBUZFMVFUFDSU,7.21,2015
47,CC(C)CC(NC(=O)c1cn(Cc2ccc(-c3ccc(Cl)cc3)cc2)c2c1cccc2)C(=O)NS(=O)(=O)c1ccccc1,BTRVPFGYGJVUQU-UHFFFAOYSA-N,BTRVPFGYGJVUQU,6.22,2017
48,Cc1cc(OCCCc2c(C(=O)O)[nH]c3ccccc23)ccc1,BVRYQMWOWBGBNT-UHFFFAOYSA-N,BVRYQMWOWBGBNT,5.72,2013
49,COc1cc(OC)c(C(=O)C=Cc2cc(OC)c(O)cc2)c(O)c1,BXXKRESPUSMTEI-UHFFFAOYSA-N,BXXKRESPUSMTEI,4.68,2016
50,O=C(O)c1c(CCCOc2ccc3CCCc3c2)c2c(cccc2)[nH]1,BZHDMQWSGAHEGK-UHFFFAOYSA-N,BZHDMQWSGAHEGK,5.54,2013
51,CNC(=O)c1cc2c(cc(OCc3ccccc3C(=O)O)cc2)n1CCCOc1cc(C)c(Cl)c(C)c1,CACHPHLPDPJINV-UHFFFAOYSA-N,CACHPHLPDPJINV,6.05,2017
52,COc1c2ccccc2c(S(=O)(=O)N(CC(C)C)c2ccc(Br)cc2)cc1C(=O)O,CAGFDBIHYMUGFI-UHFFFAOYSA-N,CAGFDBIHYMUGFI,4.63,2016
53,Cc1cc(OCCCc2c(C(=O)NS(=O)(=O)CCNC(=O)C3CCCCC3)[nH]c3ccccc23)cc(C)c1Cl,CCINIGNSFDEVOS-UHFFFAOYSA-N,CCINIGNSFDEVOS,6.93,2016
54,O=C(O)c1cc(S(=O)(=O)NCc2cccc(Cl)c2)c2ccccc2c1O,CDPRUQXLZPEQSD-UHFFFAOYSA-N,CDPRUQXLZPEQSD,5.3,2016
55,O=C(O)CCSc1cc(NS(=O)(=O)c2ccc3ccccc3c2)c2ccccc2c1O,CEXOZTDCFRDYOU-UHFFFAOYSA-N,CEXOZTDCFRDYOU,5.95,2014
56,Cc1cc(OCCCc2c(C(=O)NS(=O)(=O)CCNC(=O)c3cocc3)[nH]c3cc(Cl)ccc23)cc(C)c1Cl,CGDLPVKXRQHGMX-UHFFFAOYSA-N,CGDLPVKXRQHGMX,7.72,2016
57,CC(C)CC(C(=O)O)N1C(=O)SC(=Cc2cccc(Br)c2)C1=O,CJWMSXUUCYEISJ-UHFFFAOYSA-N,CJWMSXUUCYEISJ,5.67,2018
58,CC(C)Oc1c(N)ccc(C(=O)Nc2c(OC(C)C)nc(C(=O)Nc3ccc(C(=O)O)cc3OC(C)C)cc2)c1,CLABHIBFONXFKY-UHFFFAOYSA-N,CLABHIBFONXFKY,5.75,2017
59,CC(C)Oc1ccc(C(=O)Nc2c(-c3ccc(OCc4ccccc4)cc3)n(-c3ccc(C(C)C)cc3)nc2C(=O)O)cc1,CLACLESTZWRFRK-UHFFFAOYSA-N,CLACLESTZWRFRK,5.58,2016
60,CC(C)(C)c1ccc(OCCn2ccc3ccc(OCC(=O)O)cc32)cc1,CLMJAYQYMYHKCT-UHFFFAOYSA-N,CLMJAYQYMYHKCT,5.09,2017
61,CC(C)C(C(=O)O)N1C(=O)C(=Cc2ccc(Br)cc2)SC1=S,COHIEJLWRGREHV-UHFFFAOYSA-N,COHIEJLWRGREHV,4.220000000000001,2010
62,Cc1nn(C)c(C)c1-c1cccc2c1n(CCN1CCOCC1)c(C(=O)O)c2CCCOc1cccc2ccccc12,CQDRSEXLCHYADG-UHFFFAOYSA-N,CQDRSEXLCHYADG,8.226666666666667,2015
63,CC(=O)Oc1c2ccccc2c(NS(=O)(=O)c2ccc(Br)cc2)cc1SCC(=O)O,CSDWYRAOWGFXHX-UHFFFAOYSA-N,CSDWYRAOWGFXHX,4.52,2014
64,O=C(O)CSc1c(O)c2c(cccc2)c(NS(=O)(=O)c2ccc(Oc3ccccc3)cc2)c1,CTGZINWTGVOSRK-UHFFFAOYSA-N,CTGZINWTGVOSRK,6.446666666666666,2014
65,Cc1ccccc1OCCCc1c(C(=O)O)[nH]c2ccccc12,CTPFNROLYIEEPO-UHFFFAOYSA-N,CTPFNROLYIEEPO,4.82,2013
66,N#CC1=C2C(=NC1=O)c1cccc3c(Sc4ccc(Br)cc4)ccc2c13,CUHJCLMNTIZWTC-UHFFFAOYSA-N,CUHJCLMNTIZWTC,7.31,2011
67,Cc1ccc(C=CC(=O)Nc2ccc(C(=O)NS(=O)(=O)c3ccc(NCCSc4ccccc4)c([N+](=O)[O-])c3)cc2)cc1,CVFWGBJTNLJJTN-UHFFFAOYSA-N,CVFWGBJTNLJJTN,6.2,2016
68,CC(C)C(=O)c1c(O)c(O)c(O)c(C(=O)c2ccc(Oc3ccccc3)cc2)c1,CVVQMBDTMYUWTR-UHFFFAOYSA-N,CVVQMBDTMYUWTR,6.47,2008
69,O=C(c1ccc(Oc2ccccc2)cc1)c1cc(C(=O)c2nc3c(cccc3)s2)c(O)c(O)c1O,CYBLECRKSFPWGB-UHFFFAOYSA-N,CYBLECRKSFPWGB,7.43,2008
70,CCCCCCN=C1C(=O)NC2=C1c1c3c2cccc3c(Sc2ccc(N)cc2)cc1,CYNWXFDDCZREMK-UHFFFAOYSA-N,CYNWXFDDCZREMK,7.53,2013
71,Cc1c(C=NN2C=Nc3c(C2)[nH]c2c3cccc2)c(=O)oc2c1cc1CCCN3CCCc2c13,DAYJBBFZUPKXCG-UHFFFAOYSA-N,DAYJBBFZUPKXCG,6.0,2016
72,Cc1cc(OCCCn2ccc3c(OCC(=O)O)cccc32)cc(C)c1Cl,DDNXZPTXDTWWIS-UHFFFAOYSA-N,DDNXZPTXDTWWIS,5.7,2017
73,Cc1cc(OCCCc2c(C(=O)NS(=O)(=O)c3cc(CNC(=O)CC(C)C)ccc3)[nH]c3c2ccc(Cl)c3-c2c(C)n(C)nc2C)cc(C)c1Cl,DDQBTVMWOYEMLA-UHFFFAOYSA-N,DDQBTVMWOYEMLA,7.645,2016
74,COc1cc(C=CC(=O)c2ccc(OC)c(OC)c2OC)cc(Cl)c1O,DFERJTHJGHNKRO-UHFFFAOYSA-N,DFERJTHJGHNKRO,5.7,2016
75,O=C(Nc1c(O)c(O)c(O)cc1C(=O)NCCCc1ccccc1)c1ccccc1,DINUCAJXYUJGEX-UHFFFAOYSA-N,DINUCAJXYUJGEX,5.49,2013
76,COc1cc(Oc2ccc3C4=C(C#N)C(=O)N=C4c4cccc2c43)ccc1,DJPQAPIYCYUTLR-UHFFFAOYSA-N,DJPQAPIYCYUTLR,6.43,2011
77,Cc1cc(OCCCc2c(C(=O)NS(=O)(=O)c3ccccc3)[nH]c3c2cccc3-c2cnccc2)cc(C)c1Cl,DKBRDQPCALJYNG-UHFFFAOYSA-N,DKBRDQPCALJYNG,6.7,2016
78,CC(C)Oc1ccc(-c2cc(C(=O)O)nn2-c2ccc(C(C)C)cc2)cc1,DMCZSKBVBDIGON-UHFFFAOYSA-N,DMCZSKBVBDIGON,5.62,2016
79,Cc1ccc(S(=O)(=O)Nc2cc(SCC(=O)O)c(O)c3c2cccc3)cc1,DPTYIVMAPDAPIM-UHFFFAOYSA-N,DPTYIVMAPDAPIM,5.5,2014
80,CC(C)(C)OC(=O)N1CC(Oc2ccc(-c3ccccc3)cc2)CC1C(=O)NC(Cc1c[nH]c2c1cccc2)C(=O)NS(=O)(=O)c1ccc(Cl)c([N+](=O)[O-])c1,DQGDJLJBMQEHPI-UHFFFAOYSA-N,DQGDJLJBMQEHPI,5.92,2015
81,O=C(O)c1c(CCCOc2ccc3ccccc3c2)c2c(cccc2)[nH]1,DWPPVJZLZOPAAF-UHFFFAOYSA-N,DWPPVJZLZOPAAF,5.12,2013
82,Cc1cc(OCCCc2c(C(=O)NS(=O)(=O)CCNC(=O)c3cccc(C(F)(F)F)c3)[nH]c3cc(Cl)ccc23)cc(C)c1Cl,DXESQVROCCECGJ-UHFFFAOYSA-N,DXESQVROCCECGJ,7.1,2016
83,COC(=O)c1nn(-c2ccc(Oc3ccccc3)cc2)c(-c2ccc(OC(C)C)cc2)c1NC(=O)c1ccc(OC(C)C)cc1,DYUSLCVTUPNKTB-UHFFFAOYSA-N,DYUSLCVTUPNKTB,5.34,2016
84,CC(C)c1c(O)c(O)c(O)c(C(=O)c2ccccc2)c1,DZEBXWALUCQUJM-UHFFFAOYSA-N,DZEBXWALUCQUJM,5.34,2008
85,Cc1ccc(Oc2ccc3C4=C(C#N)C(=O)N=C4c4cccc2c43)cc1,FARGPDWBASZQBS-UHFFFAOYSA-N,FARGPDWBASZQBS,6.24,2011
86,COc1c(C=C2N=C(C)C=C2C)[nH]c(-c2cc3c(cccc3)[nH]2)c1,FAXHWWPCICIRHY-UHFFFAOYSA-N,FAXHWWPCICIRHY,5.85,2007
87,Cc1cc(OCCCc2c(C(=O)NS(=O)(=O)CCNC(=O)c3ccc4cc[nH]c4c3)[nH]c3ccccc23)cc(C)c1Cl,FAXIGLMQMJMECB-UHFFFAOYSA-N,FAXIGLMQMJMECB,6.56,2016
88,Cc1c(Cl)ccc(OCC(=O)O)c1,FBGYNJKXMKWETB-UHFFFAOYSA-N,FBGYNJKXMKWETB,3.99,2013
89,Cc1ccc(-c2ccc(OC3CC(C(=O)NC(Cc4ccccc4)C(=O)NS(=O)(=O)c4ccccc4)N(C(=O)OC(C)(C)C)C3)cc2)cc1,FCVQNANSHMUPIU-UHFFFAOYSA-N,FCVQNANSHMUPIU,5.8,2015
90,CC(C)(C)Oc1ccc(OCCCn2ccc3ccc(OCC(=O)O)cc32)cc1,FCWRQHUQEMCTJM-UHFFFAOYSA-N,FCWRQHUQEMCTJM,5.73,2017
91,Cc1cc(OCCCc2c(C(=O)Nc3ccc(C#N)cc3)[nH]c3c2ccc(Cl)c3-c2c(C)n(C)nc2C)cc(C)c1Cl,FEGAMTXZFVBBFP-UHFFFAOYSA-N,FEGAMTXZFVBBFP,7.29,2015
92,Cc1cc(OCCCc2c3C(=O)N(c4ccc(C(=O)O)cc4)CCCn3c3c2ccc(Cl)c3-c2c(C)n(C)nc2C)cc(C)c1Cl,FFSOWTRCQAVDAW-UHFFFAOYSA-N,FFSOWTRCQAVDAW,8.705,2018
93,Cc1c2c(=O)n(-c3nc4c(cccc4)s3)[nH]c2cc(=O)n1Cc1ccccc1,FHSHYHJLZPUNPO-UHFFFAOYSA-N,FHSHYHJLZPUNPO,5.36,2008
94,Cc1c(-c2csc(Nc3ncccn3)n2)sc(N)n1,FHVNBKUGDCJKHS-UHFFFAOYSA-N,FHVNBKUGDCJKHS,5.43,2008
95,Cc1cc(OCCCc2c(C(=O)NS(=O)(=O)c3cc(CNC(=O)c4cccn4C)ccc3)[nH]c3c2ccc(Cl)c3-c2c(C)n(C)nc2C)cc(C)c1Cl,FHWAEJRHPVQMKO-UHFFFAOYSA-N,FHWAEJRHPVQMKO,7.52,2016
96,Cc1cc(OCCCc2c(C(=O)O)sc3cccc(Cl)c23)cc(C)c1Cl,FHXIXEGPMANBQN-UHFFFAOYSA-N,FHXIXEGPMANBQN,5.89,2013
97,CN1C(=O)C(=Cc2ccc(-c3c([N+](=O)[O-])cccc3)o2)SC1=Nc1cc(C(=O)O)c(Cl)cc1,FJJBXYXORIQWLQ-UHFFFAOYSA-N,FJJBXYXORIQWLQ,4.85,2008
98,O=C(O)c1c(CCCc2cccc3ccccc23)c2c(cccc2)o1,FJJCJILQICJOAD-UHFFFAOYSA-N,FJJCJILQICJOAD,4.84,2013
99,Cc1csc(NC(=O)c2cc(-c3ccco3)nc3ccccc23)n1,FJNSTSOBVHFVEK-UHFFFAOYSA-N,FJNSTSOBVHFVEK,4.895,2008
100,O=C(O)c1cc(-c2ccc(Br)cc2)cc(-c2ccc(Br)cc2)n1,FJRDKVUZOAPKNX-UHFFFAOYSA-N,FJRDKVUZOAPKNX,4.4,2018
101,N#CC1=C2C(=NC1=O)c1cccc3c(Sc4ccc(N)cc4)ccc2c13,FNSJVQXUTIKAPS-UHFFFAOYSA-N,FNSJVQXUTIKAPS,7.04,2011
102,Cc1cc(OCCCc2c(C(=O)NS(=O)(=O)c3ccccc3)[nH]c3c2ccc(Cl)c3-c2c(C)nccc2)cc(C)c1Cl,FNYSLXHJFKQBHB-UHFFFAOYSA-N,FNYSLXHJFKQBHB,7.295,2016
103,O=C(O)c1cc2cccc3c2n1CCS3,FPAYQJNEBGJOAB-UHFFFAOYSA-N,FPAYQJNEBGJOAB,4.29,2015
104,Cc1c(Cl)c(C)cc(OCCCc2c(C(=O)O)[nH]c3ccccc23)c1,FQKXEZIKGBCCDX-UHFFFAOYSA-N,FQKXEZIKGBCCDX,6.52,2013
105,COc1cc2c(cc1)n(-c1ccc(-c3ccccc3)cc1)c(C)c2CC(=O)NC(Cc1ccccc1)C(=O)NS(=O)(=O)c1ccccc1,FSBNKYLJYHSZQQ-UHFFFAOYSA-N,FSBNKYLJYHSZQQ,6.02,2017
106,CCCOc1ccc(CC(NC(=O)C2CC(Oc3ccc(-c4ccc(C)cc4)cc3)CN2C(=O)OC(C)(C)C)C(=O)NS(=O)(=O)c2ccc([N+](=O)[O-])cc2)cc1,FSGLXWJBJUODHC-UHFFFAOYSA-N,FSGLXWJBJUODHC,6.05,2017
107,O=C(O)c1cc2c(cc(Cl)cc2Br)o1,FSMYDGIHIYJHHE-UHFFFAOYSA-N,FSMYDGIHIYJHHE,4.05,2013
108,CC(C)c1ccc(Sc2cn(Cc3ccccc3)c(=O)c(C#N)c2)cc1,FTPTVKAUOBTHMI-UHFFFAOYSA-N,FTPTVKAUOBTHMI,4.82,2013
109,Cc1cc(OCCCc2c(C(=O)NS(=O)(=O)CCNC(=O)c3cccc(F)c3)[nH]c3ccccc23)cc(C)c1Cl,FTTGSEYXXAOJHN-UHFFFAOYSA-N,FTTGSEYXXAOJHN,7.0,2016
110,O=C(Nc1ccc(C(=O)NS(=O)(=O)c2ccc(NCCSc3ccccc3)c([N+](=O)[O-])c2)cc1)c1ccc(Br)cc1,FXSMHFOLAPYERG-UHFFFAOYSA-N,FXSMHFOLAPYERG,5.39,2012
111,CC1Cn2c(C(=O)O)cc3cccc(c32)S1,FZQNKPROVWTNOO-UHFFFAOYSA-N,FZQNKPROVWTNOO,4.46,2015
112,Cc1cc(OCCCc2c(C(=O)NCc3cc(C(=O)O)ccc3)[nH]c3c2cccc3-c2c(C)n(C)nc2C)cc(C)c1Cl,GBMABQVZFQQUKD-UHFFFAOYSA-N,GBMABQVZFQQUKD,7.14,2018
113,Cc1c(-c2c(C)cc3c(C(C)C)c(O)c(O)c(C=NCCCCC(=O)O)c3c2O)c(O)c2c(C=NCCCCC(=O)O)c(O)c(O)c(C(C)C)c2c1,GCCMPDWACUITTL-UHFFFAOYSA-N,GCCMPDWACUITTL,7.07,2016
114,Cn1c(C(=O)O)cc2c1ccc(Br)c2,GCGFIFNQFLLJIR-UHFFFAOYSA-N,GCGFIFNQFLLJIR,4.09,2013
115,COc1ccc(-c2nc(C(=O)O)cc(-c3ccc(Br)cc3)c2)cc1,GDBQGUJOOUIMTF-UHFFFAOYSA-N,GDBQGUJOOUIMTF,4.4,2018
116,Cc1cc(OCCCc2c(C(=O)O)sc3ccccc23)cc(C)c1Cl,GFWMYYSJLSUPMD-UHFFFAOYSA-N,GFWMYYSJLSUPMD,6.5,2013
117,O=C(NS(=O)(=O)c1ccc([N+](=O)[O-])cc1)C(Cc1ccc(Br)cc1)N1C(=O)C(=Cc2ccc(-c3ccc([N+](=O)[O-])cc3)cc2)SC1=S,GJNNQNGEIJNCML-UHFFFAOYSA-N,GJNNQNGEIJNCML,7.13,2015
118,CC(=O)NCCS(=O)(=O)NC(=O)c1c(CCCOc2cc(C)c(Cl)c(C)c2)c2c(cc(Cl)cc2)[nH]1,GKHXEHAANGIXOE-UHFFFAOYSA-N,GKHXEHAANGIXOE,6.68,2016
119,Cc1cc(OCCCc2c(C(=O)NS(=O)(=O)CCNC(=O)c3ccc(F)cc3)[nH]c3ccccc23)cc(C)c1Cl,GKTQSVKGYNEZCV-UHFFFAOYSA-N,GKTQSVKGYNEZCV,6.93,2016
120,COc1c2ccccc2c(NS(=O)(=O)c2ccc(Br)cc2)cc1SCC(=O)O,GKYKQIMOHSMRSO-UHFFFAOYSA-N,GKYKQIMOHSMRSO,4.06,2014
121,O=C(Nc1nc2c(cccc2)s1)c1c2CN(c3nc(C(=O)O)c(CCCOc4ccccc4)s3)CCc2ccc1,GMBBUSJVBYODHI-UHFFFAOYSA-N,GMBBUSJVBYODHI,4.84,2014
122,O=C(O)COc1ccc2ccn(CCCOc3cccc4ccccc34)c2c1,GMKPEGHVQUETQQ-UHFFFAOYSA-N,GMKPEGHVQUETQQ,5.59,2017
123,Cc1ccc(-c2cc(-c3ccc(F)cc3)nc3c2c(N)ncn3)cc1,GNOZTUOADYKOFQ-UHFFFAOYSA-N,GNOZTUOADYKOFQ,5.18,2008
124,COc1ccc(C=C2SC(=O)N(CCC(=O)Nc3ccc(S(=O)(=O)Nc4nccs4)cc3)C2=O)cc1,GOGUNBUEDXIKLB-UHFFFAOYSA-N,GOGUNBUEDXIKLB,5.465,2008
125,O=C1C(=Cc2cccn2-c2ccccc2)C(=O)c2c1cccc2,GOMJZFRPZZCHDO-UHFFFAOYSA-N,GOMJZFRPZZCHDO,5.34,2008
126,COc1ccc(NC=C2C(=O)CCc3c2oc2cc(Cl)c(O)c(Cl)c32)cc1,GOSOFAONCKLXHN-UHFFFAOYSA-N,GOSOFAONCKLXHN,5.37,2008
127,O=C(O)c1cc(-c2ccc(Oc3ccccc3)cc2)cc(-c2ccccc2)n1,GOYRHGQCANQEJI-UHFFFAOYSA-N,GOYRHGQCANQEJI,5.03,2018
128,Cc1cc(OCCCc2c(C(=O)NS(=O)(=O)c3ccccc3)[nH]c3c2ccc(Cl)c3-c2c(C)[nH]nc2C)cc(C)c1Cl,GQXICACCQKXKRX-UHFFFAOYSA-N,GQXICACCQKXKRX,6.83,2016
129,CCOc1ccc(-c2cc(C(=O)O)nn2-c2ccc(Oc3ccccc3)cc2)cc1,GRDDGUBYUUVVGI-UHFFFAOYSA-N,GRDDGUBYUUVVGI,6.35,2016
130,Cc1cc(OCCCc2c(C(=O)O)[nH]c3c2cccc3-c2c(C)n(C)nc2CN2CCCCC2)cc(C)c1Cl,GSXVVMUSIZPWMH-UHFFFAOYSA-N,GSXVVMUSIZPWMH,7.4,2017
131,O=C(O)c1cc(S(=O)(=O)Nc2c(C(F)(F)F)cccc2)c2ccccc2c1O,GUIFYVYGJNYGTJ-UHFFFAOYSA-N,GUIFYVYGJNYGTJ,5.39,2016
132,Cc1cc(OCCCc2c(C(=O)NS(=O)(=O)CCNC(=O)c3cn(C)c4c3cccc4)[nH]c3ccccc23)cc(C)c1Cl,GUKNVQSEBBJHKI-UHFFFAOYSA-N,GUKNVQSEBBJHKI,6.37,2016
133,O=C(O)CSc1cc(NS(=O)(=O)c2cccs2)c2ccccc2c1O,GVAXUAIZKLJWSB-UHFFFAOYSA-N,GVAXUAIZKLJWSB,5.81,2014
134,COc1ccc(Oc2ccc3c(=C(C#N)C#N)c(=O)c4cccc2c43)cc1,GVKROZXKOSQFDA-UHFFFAOYSA-N,GVKROZXKOSQFDA,5.31,2013
135,CC(C)c1ccc(Sc2cnc(O)c(C#N)c2)cc1,GWTWLBDUTCWFSW-UHFFFAOYSA-N,GWTWLBDUTCWFSW,6.0600000000000005,2013
136,COc1c2ccccc2c(NS(=O)(=O)c2cc(-c3ccccc3)ccc2)cc1SCC(=O)O,GXBTYQWJRDTUMK-UHFFFAOYSA-N,GXBTYQWJRDTUMK,4.62,2014
137,CC1=C(C2=C(C)C(=O)c3c(cc(O)c(O)c3C(C)C)C2=O)C(=O)c2c(C1=O)c(C(C)C)c(O)c(O)c2,GYYXKPBLWDDQQK-UHFFFAOYSA-N,GYYXKPBLWDDQQK,7.6,2010
138,Cc1cc(OCCCc2c(C(=O)NS(=O)(=O)c3cc(CNC(=O)C(C)C)ccc3)[nH]c3c2ccc(Cl)c3-c2c(C)n(C)nc2C)cc(C)c1Cl,GZKGTLYHWUBJEK-UHFFFAOYSA-N,GZKGTLYHWUBJEK,7.535,2016
139,CC(C)=CCCC1=CCC(C(=O)O)C(c2ccccc2)C1,GZLLWIUBFDJKDF-UHFFFAOYSA-N,GZLLWIUBFDJKDF,5.235,2017
140,COC(=O)CCCCN=Cc1c2c(O)c(-c3c(C)cc4c(C(C)C)c(O)c(O)c(C=NCCCCC(=O)OC)c4c3O)c(C)cc2c(C(C)C)c(O)c1O,GZSJFIAESZNUFR-UHFFFAOYSA-N,GZSJFIAESZNUFR,6.86,2016
141,O=C(c1ccc(P(=O)(O)O)cc1O)c1c(-n2c(C(=O)c3c(O)cc(P(=O)(O)O)cc3)cc(Cl)c2Cl)c(Cl)c(Cl)[nH]1,HAOZEIGBKYXKEC-UHFFFAOYSA-N,HAOZEIGBKYXKEC,5.46,2015
142,O=C(O)c1c(CCCOc2ccc3CCCCc3c2)c2cccc3c2n1CCS3,HASLVVNHEHIJPI-UHFFFAOYSA-N,HASLVVNHEHIJPI,6.39,2015
143,CC(C)(C)c1ccc(OCCCn2ccc3cc(OCc4c(C(=O)O)cccc4)ccc32)cc1,HBHKYDJZELTNAN-UHFFFAOYSA-N,HBHKYDJZELTNAN,6.51,2017
144,Cc1cc(OCCCc2c(C(=O)NS(=O)(=O)CCNC(=O)c3ccc[nH]3)[nH]c3cc(Cl)ccc23)cc(C)c1Cl,HFCBKAAPWROWEM-UHFFFAOYSA-N,HFCBKAAPWROWEM,6.11,2016
145,CCC(C)(C)c1ccc(Sc2ccc3C4=C(C#N)C(=O)N=C4c4cccc2c43)cc1,HFPAJOBPOFBWTH-UHFFFAOYSA-N,HFPAJOBPOFBWTH,6.02,2011
146,Cc1cc(OCCCc2c(C(=O)O)[nH]c3c2cccc3-c2c(C)n(C)nc2C)cc(C)c1Cl,HGAMIPPZOZUKQJ-UHFFFAOYSA-N,HGAMIPPZOZUKQJ,6.95,2017
147,Cc1cc(OCCCc2c3C(=O)N(c4cccc5c(C(=O)O)cccc45)CCCn3c3c2ccc(Cl)c3-c2c(C)n(C)nc2C)cc(C)c1Cl,HHCOJLNHWQAODR-UHFFFAOYSA-N,HHCOJLNHWQAODR,9.0,2018
148,Cc1cc(OCCCc2c(C(=O)NS(=O)(=O)CCNC(=O)c3ccccc3C(F)(F)F)[nH]c3cc(Cl)ccc23)cc(C)c1Cl,HJKPOBRXJDMTHB-UHFFFAOYSA-N,HJKPOBRXJDMTHB,7.75,2016
149,O=C(O)c1c(Cl)c2c(cccc2)s1,HJTMIYKPPPYDRJ-UHFFFAOYSA-N,HJTMIYKPPPYDRJ,3.88,2013
150,Cc1cc(OCCCc2c(C(=O)Nc3ccc(C(=O)O)o3)[nH]c3c2ccc(Cl)c3-c2c(C)n(C)nc2C)cc(C)c1Cl,HKIVCPFWGABZSS-UHFFFAOYSA-N,HKIVCPFWGABZSS,7.51,2018
151,O=c1cc(-c2c(Cl)cccc2)oc2c1c(O)ccc2NS(=O)(=O)c1cc(Cl)cc(Cl)c1O,HMNLBODGLBXMJO-UHFFFAOYSA-N,HMNLBODGLBXMJO,5.47,2008
152,O=C(OCC(=O)N1CCN(C(=O)c2ccco2)CC1)c1cc(-c2ccco2)nc2ccccc12,HMSBOTBYKOECEA-UHFFFAOYSA-N,HMSBOTBYKOECEA,5.285,2008
153,O=C(C=Cc1cccc(Cl)c1)Nc1ccc(C(=O)NS(=O)(=O)c2ccc(NCCSc3ccccc3)c([N+](=O)[O-])c2)cc1,HNCYBOXDZDUUEO-UHFFFAOYSA-N,HNCYBOXDZDUUEO,5.89,2016
154,O=C(O)CCCCCN1C(=O)C(=Cc2ccc(-c3ccc(Cl)cc3)o2)SC1=S,HNIZZXVYVLSUHU-UHFFFAOYSA-N,HNIZZXVYVLSUHU,5.9,2008
155,CC(=O)Nc1ccc(Nc2nc(Nc3ccc(NC(C)=O)cc3)c([N+](=O)[O-])cn2)cc1,HNJBGZILIPINTO-UHFFFAOYSA-N,HNJBGZILIPINTO,5.12,2008
156,Cc1cc(Oc2ccc(CC3SC(=O)N(CC(=O)O)C3=O)cc2)cc(C)c1Cl,HNJWCMXJDKLPSG-UHFFFAOYSA-N,HNJWCMXJDKLPSG,4.99,2018
157,Cc1cc(OCCCc2c(C(=O)NS(=O)(=O)CCNC(=O)CC3CCCCC3)[nH]c3ccccc23)cc(C)c1Cl,HOKCDCDULXEZBD-UHFFFAOYSA-N,HOKCDCDULXEZBD,5.96,2016
158,Cc1ccc(C=CC(=O)Nc2cc(NC(=O)C=Cc3ccc(C)o3)c([N+](=O)[O-])cc2)o1,HOKVZBUGMQEHAA-UHFFFAOYSA-N,HOKVZBUGMQEHAA,5.67,2008
159,O=C(O)c1cc(S(=O)(=O)NCC2CCCCC2)c2ccccc2c1O,HOPDZELMPICECF-UHFFFAOYSA-N,HOPDZELMPICECF,5.14,2016
160,Cc1cc(OCCCc2c(C(=O)O)sc3c(Cl)cccc23)cc(C)c1Cl,HPLRRUUZIYNNGV-UHFFFAOYSA-N,HPLRRUUZIYNNGV,6.12,2013
161,COc1ccc(OCCCn2ccc3ccc(OCC(=O)O)cc32)cc1,HPMKEJGBIQUUBF-UHFFFAOYSA-N,HPMKEJGBIQUUBF,5.36,2017
162,O=C(O)c1cc(S(=O)(=O)Nc2ccc(Cl)cc2)c2ccccc2c1O,HTZLXGBKGMWQAM-UHFFFAOYSA-N,HTZLXGBKGMWQAM,5.72,2016
163,O=C(O)c1cc(S(=O)(=O)Nc2ccc(Oc3cccc4ccccc34)cc2)c2ccccc2c1O,HUVMSVVLGFEMKU-UHFFFAOYSA-N,HUVMSVVLGFEMKU,7.09,2016
164,O=C(C=Cc1ccc(Cl)cc1)Nc1ccc(C(=O)NS(=O)(=O)c2ccc(NCCSc3ccccc3)c([N+](=O)[O-])c2)cc1,HVFCPAJZPFPRJF-UHFFFAOYSA-N,HVFCPAJZPFPRJF,5.57,2016
165,Cc1cc(OCCCc2c(C(=O)Nc3nc(C(=O)O)ccc3)[nH]c3c2ccc(Cl)c3-c2c(C)n(C)nc2C)cc(C)c1Cl,HWAFIBSNQWOIQW-UHFFFAOYSA-N,HWAFIBSNQWOIQW,7.02,2018
166,O=C(O)c1ccc(COc2ccc(C=C3SC(=S)N(c4ccc(I)cc4)C3=O)cc2)cc1,HWNSQXHWQPBURT-UHFFFAOYSA-N,HWNSQXHWQPBURT,5.8,2015
167,Cc1cc(Oc2ccc(C=C3SC(=O)N(C(CC(C)C)C(=O)O)C3=O)cc2)cc(C)c1Cl,IAAARCIENVFTHV-UHFFFAOYSA-N,IAAARCIENVFTHV,6.19,2018
168,O=C(O)CSc1c(O)c2c(cccc2)c(NS(=O)(=O)N2CCN(c3ccccc3)CC2)c1,IAZITAFETOAICY-UHFFFAOYSA-N,IAZITAFETOAICY,5.65,2014
169,O=C(O)c1cc(-c2ccc(Oc3ccccc3)cc2)cc(-c2ccc3OCOc3c2)n1,ICDHJNQCTCPLRT-UHFFFAOYSA-N,ICDHJNQCTCPLRT,4.42,2018
170,Cc1cc(OCCCc2c(C(=O)O)n3CCOc4c(Cl)ccc2c43)cc(C)c1Cl,IDBFWRWCAUOMEX-UHFFFAOYSA-N,IDBFWRWCAUOMEX,8.05,2015
171,CC1=C(C2=C(C)C(=O)c3c(cc(O)c(O)c3Cc3ccccc3)C2=O)C(=O)c2c(C1=O)c(Cc1ccccc1)c(O)c(O)c2,IEJPMWKHSOLTHK-UHFFFAOYSA-N,IEJPMWKHSOLTHK,7.273333333333333,2010
172,Cc1c(Cl)ccc(OCCCn2ccc3ccc(OCC(=O)O)cc32)c1,IFSSMHUCTCTMHR-UHFFFAOYSA-N,IFSSMHUCTCTMHR,5.0,2017
173,O=C(O)c1cc(S(=O)(=O)Nc2cccc(Br)c2)c2ccccc2c1O,IMEDQDQJCFEBNZ-UHFFFAOYSA-N,IMEDQDQJCFEBNZ,5.25,2016
174,Cc1cc(OCCCc2c(C(=O)NS(=O)(=O)c3ccccc3)[nH]c3c2ccc(Cl)c3-c2c(C)n(C)nc2C)cc(C)c1Cl,IMSUUGYBPOJQPW-UHFFFAOYSA-N,IMSUUGYBPOJQPW,7.48,2016
175,CC(C)CC(C(=O)O)N1C(=O)SC(=Cc2ccc(C(C)(C)C)cc2)C1=O,INSWWZYXYNDVSP-UHFFFAOYSA-N,INSWWZYXYNDVSP,5.65,2018
176,COC(=O)CCCN=Cc1c2c(O)c(-c3c(C)cc4c(C(C)C)c(O)c(O)c(C=NCCCC(=O)OC)c4c3O)c(C)cc2c(C(C)C)c(O)c1O,IOXKTMYZXBRGSF-UHFFFAOYSA-N,IOXKTMYZXBRGSF,6.345,2016
177,Cc1cc(OCCCc2c3C(=O)N(c4cc(C(=O)O)cc5c4OCO5)CCCn3c3c2ccc(Cl)c3-c2c(C)n(C)nc2C)cc(C)c1Cl,IPYGEWCBSZWZNU-UHFFFAOYSA-N,IPYGEWCBSZWZNU,8.7075,2018
178,O=C(O)c1c(CCc2cccc3c2cccc3)c2c(cccc2)o1,IRIRYEAKZCFSIR-UHFFFAOYSA-N,IRIRYEAKZCFSIR,5.02,2013
179,O=C(O)c1cc(-c2ccc(Br)cc2)cc(-c2ccc(Cl)cc2)n1,ITOBZMIQSQJRDL-UHFFFAOYSA-N,ITOBZMIQSQJRDL,4.4,2018
180,CC(C)(C)OC(=O)N1CC(Oc2ccc(-c3ccccc3)cc2)CC1C(=O)NC(Cc1ccc(Br)cc1)C(=O)NS(=O)(=O)c1ccc([N+](=O)[O-])cc1,IVYZUCJQHVXRQI-UHFFFAOYSA-N,IVYZUCJQHVXRQI,5.66,2015
181,CCCCNC(=O)c1cc(O)c(O)c(O)c1NC(=O)c1ccccc1,IWZMHFXKLAUBEP-UHFFFAOYSA-N,IWZMHFXKLAUBEP,5.7,2013
182,Cc1cc(OCCCc2c3C(=O)N(c4cc(C(=O)O)ccn4)CCCn3c3c2ccc(Cl)c3-c2c(C)n(C)nc2C)cc(C)c1Cl,IXXFVSWCZIPWPF-UHFFFAOYSA-N,IXXFVSWCZIPWPF,8.02,2018
183,Cc1ccccc1C=CC(=O)Nc1ccc(C(=O)NS(=O)(=O)c2ccc(NCCSc3ccccc3)c([N+](=O)[O-])c2)cc1,IYNYVDXHLBFLIF-UHFFFAOYSA-N,IYNYVDXHLBFLIF,6.08,2016
184,O=C(O)c1cc(S(=O)(=O)Nc2ccc3ccccc3c2)c2ccccc2c1O,JAMJDESZLZEKIH-UHFFFAOYSA-N,JAMJDESZLZEKIH,5.34,2016
185,O=C(Cc1csc(N2CCOCC2)n1)NN=Cc1c(O)c(O)c(O)cc1,JCHNLKWQETXWGW-UHFFFAOYSA-N,JCHNLKWQETXWGW,5.45,2008
186,O=C(NCCO)Nc1cc2c(cc1)nc(-c1ccco1)c(-c1ccco1)n2,JCKIKRVDPZFUHY-UHFFFAOYSA-N,JCKIKRVDPZFUHY,6.24,2008
187,O=C(Cc1cccs1)Nc1nnc(Cc2ccccc2)s1,JDAKJOKHVHDECZ-UHFFFAOYSA-N,JDAKJOKHVHDECZ,5.205,2008
188,Cc1cc(OCCCc2c(C(=O)NS(=O)(=O)CCNC(=O)c3n[nH]c(-c4c(O)cccc4)c3)[nH]c3cc(Cl)ccc23)cc(C)c1Cl,JDKOAPLWVFCYIU-UHFFFAOYSA-N,JDKOAPLWVFCYIU,6.51,2016
189,Cc1ccncc1-c1c2[nH]c(C(=O)NS(=O)(=O)c3ccccc3)c(CCCOc3cc(C)c(Cl)c(C)c3)c2ccc1,JDLPWUZBGRFKAE-UHFFFAOYSA-N,JDLPWUZBGRFKAE,7.44,2016
190,Cc1cc(OCCCn2ccc3ccc(OCC(=O)O)cc32)cc(C)c1,JDQKKZCICMSOSQ-UHFFFAOYSA-N,JDQKKZCICMSOSQ,4.9,2017
191,Cc1cc(Oc2ccc3C4=C(C#N)C(=O)N=C4c4cccc2c43)ccc1,JECDGNOBGBDIPY-UHFFFAOYSA-N,JECDGNOBGBDIPY,6.35,2011
192,O=C(O)c1c(CCCOc2ccc3ncccc3c2)c2c(cccc2)[nH]1,JFVBJAUNZGZXBK-UHFFFAOYSA-N,JFVBJAUNZGZXBK,4.21,2013
193,CC1CC(=O)c2c(cc3c(-c4c(O)cc(O)c5c(O)c6c(cc45)OC(C)CC6=O)c(O)cc(O)c3c2O)O1,JGQBYBXYRUCBQY-UHFFFAOYSA-N,JGQBYBXYRUCBQY,5.83,2008
194,O=C(O)c1c2NC(C(=O)O)C3CC(Sc4c([N+](=O)[O-])cccc4)C(Cl)C3c2ccc1,JGVHSWXYIOECCL-UHFFFAOYSA-N,JGVHSWXYIOECCL,5.66,2008
195,Cc1c(C(=O)O)oc2c1ccc(Cl)c2,JHAVUEBXBBRYED-UHFFFAOYSA-N,JHAVUEBXBBRYED,4.64,2013
196,COC(=O)CNC(=O)c1c(CCCOc2cc(C)c(Cl)c(C)c2)c2c(cccc2)[nH]1,JHOBUXINUPBGAZ-UHFFFAOYSA-N,JHOBUXINUPBGAZ,5.5,2018
197,COc1c(NC(=O)c2c(O)cc3ccc(Br)cc3c2)cccc1,JIEINYQEXWLMCU-UHFFFAOYSA-N,JIEINYQEXWLMCU,5.58,2008
198,COc1c(O)c(OC)cc(C(Nc2ncccc2)c2c(O)c3c(ccc(C)n3)cc2)c1,JIJUNVBLNUUGJC-UHFFFAOYSA-N,JIJUNVBLNUUGJC,6.11,2008
199,CN(C)c1ccc(Oc2ccc3C4=C(C#N)C(=O)N=C4c4cccc2c43)cc1,JMXGHXAEFGLVRZ-UHFFFAOYSA-N,JMXGHXAEFGLVRZ,6.91,2011
200,COc1ccc(-c2ccc(Cn3cc(C(=O)NC(Cc4c[nH]c5ccccc45)C(=O)NS(=O)(=O)c4ccc(C)cc4)c4c3cccc4)cc2)cc1,JNTPUFJEJAHTHK-UHFFFAOYSA-N,JNTPUFJEJAHTHK,6.28,2017
201,COc1ccccc1C=CC(=O)Nc1ccc(C(=O)NS(=O)(=O)c2ccc(NCCSc3ccccc3)c([N+](=O)[O-])c2)cc1,JPYRVUWFSUOEJM-UHFFFAOYSA-N,JPYRVUWFSUOEJM,5.07,2016
202,Cc1c(C(=O)O)n2CCCc3cccc1c32,JQFKQKBNLSPLHW-UHFFFAOYSA-N,JQFKQKBNLSPLHW,4.05,2015
203,O=c1c2c(nc(-c3ccccc3)n1Cc1ccccc1)c(O)c(O)c(O)c2,JQFLKAJQKGNCSW-UHFFFAOYSA-N,JQFLKAJQKGNCSW,5.92,2013
204,COc1c(OC)c(-c2ncc(C=C3SC(=S)N(C(Cc4ccccc4)C(=O)O)C3=O)cc2)ccc1,JQTVGMOPYOBVAL-UHFFFAOYSA-N,JQTVGMOPYOBVAL,5.88,2010
205,Cc1cc(OCCCc2c(C(=O)NS(=O)(=O)c3ccncc3)[nH]c3ccccc23)cc(C)c1Cl,JTLPBIUYANETOW-UHFFFAOYSA-N,JTLPBIUYANETOW,6.47,2016
206,COc1cc(C=CC(=O)Nc2ccc(C(=O)NS(=O)(=O)c3ccc(NCCSc4ccccc4)c([N+](=O)[O-])c3)cc2)ccc1,JVHXRIVLIHFPMN-UHFFFAOYSA-N,JVHXRIVLIHFPMN,6.1,2016
207,Cc1cc(OCCCc2c(C(=O)NCCC(=O)O)[nH]c3ccccc23)cc(C)c1Cl,JWQSJGVPMKWDMM-UHFFFAOYSA-N,JWQSJGVPMKWDMM,6.24,2018
208,CCC(C)(C)c1ccc(Oc2ccc3C4=C(C#N)C(=O)N=C4c4cccc2c43)cc1,JWYGLQPJXUFCTO-UHFFFAOYSA-N,JWYGLQPJXUFCTO,6.01,2011
209,Cc1cc(OCCCc2c(C(=O)NS(=O)(=O)CCNC(=O)c3ccccc3F)[nH]c3ccccc23)cc(C)c1Cl,JZKGOXRJWHSWCJ-UHFFFAOYSA-N,JZKGOXRJWHSWCJ,6.47,2016
210,CC(=O)NCCS(=O)(=O)NC(=O)c1c(CCCOc2cc(C)c(Cl)c(C)c2)c2c(cccc2)[nH]1,JZXOPFNWUSAZOE-UHFFFAOYSA-N,JZXOPFNWUSAZOE,6.18,2016
211,CC(C)COc1ccc(-c2cc(C(=O)O)nn2-c2ccccc2)cc1,KAOKRVGFJLGJRV-UHFFFAOYSA-N,KAOKRVGFJLGJRV,5.09,2016
212,CCCCCCN=C1C(=O)NC2=C1c1c3c2cccc3c(Sc2ccc(OC)cc2)cc1,KAVJRUFVDNKWQL-UHFFFAOYSA-N,KAVJRUFVDNKWQL,7.11,2013
213,Cc1c(-c2c(O)c(C=O)c3c(O)c(O)c(C(C)C)cc3c2)c(O)c2c(C=O)c(O)c(O)c(C(C)C)c2c1,KCXHDKMLQFEYLA-UHFFFAOYSA-N,KCXHDKMLQFEYLA,6.75,2018
214,O=C(O)c1cc(S(=O)(=O)NCc2ccccc2)c2ccccc2c1O,KFYCLGDNWSQMFJ-UHFFFAOYSA-N,KFYCLGDNWSQMFJ,4.25,2016
215,O=C(CC(Cc1ccc(Cl)cc1)C(=O)O)c1ccc(C2CCCCC2)cc1,KJBPATWYHUCNMF-UHFFFAOYSA-N,KJBPATWYHUCNMF,4.7,2014
216,CC(C)(C)Oc1ccc(OCCCn2c(C(N)=O)cc3ccc(OCC(=O)O)cc32)cc1,KKLVLUYEYGRNKX-UHFFFAOYSA-N,KKLVLUYEYGRNKX,5.27,2017
217,Cc1cc(OCCCc2c(C(=O)NS(=O)(=O)CCNC(=O)c3ccco3)[nH]c3cc(Cl)ccc23)cc(C)c1Cl,KLFPHYXJXWJDKF-UHFFFAOYSA-N,KLFPHYXJXWJDKF,7.28,2016
218,N#Cc1cc(Sc2ccccc2)cnc1O,KLOBHSFZQDLPNJ-UHFFFAOYSA-N,KLOBHSFZQDLPNJ,5.48,2013
219,O=C(O)CSc1cc(NS(=O)(=O)c2ccc(-c3ccc(F)cc3F)cc2)c2ccccc2c1O,KLSYTKGODWWAFP-UHFFFAOYSA-N,KLSYTKGODWWAFP,6.476666666666667,2014
220,COC(=O)CCCCCN=Cc1c2c(O)c(-c3c(C)cc4c(C(C)C)c(O)c(O)c(C=NCCCCCC(=O)OC)c4c3O)c(C)cc2c(C(C)C)c(O)c1O,KMMRTGSXFORUFY-UHFFFAOYSA-N,KMMRTGSXFORUFY,6.71,2016
221,O=C(O)c1c(CCCOc2ccc(Oc3ccccc3)cc2)c2c(cccc2)[nH]1,KODNRTSAKHAGCK-UHFFFAOYSA-N,KODNRTSAKHAGCK,5.19,2013
222,CC(C)(C)OC(=O)N1CC(Oc2ccc(-c3ccccc3)cc2)CC1C(=O)NC(Cc1ccc(Br)cc1)C(=O)NS(=O)(=O)c1ccccc1,KOFWISPABAWEHI-UHFFFAOYSA-N,KOFWISPABAWEHI,5.92,2015
223,Cc1ccc(-c2ccc(OC3CC(C(=O)NC(Cc4ccccc4)C(=O)NS(=O)(=O)c4ccc(Cl)c([N+](=O)[O-])c4)N(C(=O)OC(C)(C)C)C3)cc2)cc1,KOYXUTSDUYAPIZ-UHFFFAOYSA-N,KOYXUTSDUYAPIZ,6.25,2015
224,O=C(O)c1c(CCCOc2cccc3c2cc[nH]3)c2c(cccc2)[nH]1,KPFYHZZHNULACT-UHFFFAOYSA-N,KPFYHZZHNULACT,4.85,2013
225,O=C(O)c1cc(S(=O)(=O)Nc2ccc(Oc3ccccc3)cc2)c2ccccc2c1O,KQZIXPIGEBHCOH-UHFFFAOYSA-N,KQZIXPIGEBHCOH,5.94,2016
226,O=C(O)c1cc(S(=O)(=O)NCc2ccc(Cl)cc2)c2ccccc2c1O,KRLITVFCQFXSTJ-UHFFFAOYSA-N,KRLITVFCQFXSTJ,4.68,2016
227,Cc1cc2c(c(O)c1-c1c(C)cc3c(C(C)C)c(O)c(O)c(C=NCC(=O)O)c3c1O)c(C=NCC(=O)O)c(O)c(O)c2C(C)C,KSUWNCNJOCESIT-UHFFFAOYSA-N,KSUWNCNJOCESIT,6.92,2016
228,Cc1ccc(-c2cccc3c2[nH]c(C(=O)O)c3CCCOc2cccc3ccccc23)cc1,KSYDLXJTLGBEDR-UHFFFAOYSA-N,KSYDLXJTLGBEDR,5.93,2015
229,CC(C)(C)OC(=O)N1CC(Oc2ccc(-c3ccccc3)cc2)CC1C(=O)NC(Cc1ccccc1)C(=O)NS(=O)(=O)c1ccc(Cl)c([N+](=O)[O-])c1,KTFJQBUGIWKFON-UHFFFAOYSA-N,KTFJQBUGIWKFON,6.03,2015
230,Cc1cc(OCCCc2c(C(=O)NS(=O)(=O)c3ccc(C(=O)O)o3)[nH]c3c2ccc(Cl)c3-c2c(C)[nH]nc2C)cc(C)c1Cl,KTNNYAXNCQVPIU-UHFFFAOYSA-N,KTNNYAXNCQVPIU,9.44,2016
231,O=C(O)c1c(CCCOc2cccc3ccccc23)c2c([nH]1)c(-c1ccccc1)ccc2,KTRRVUAMYYAKSN-UHFFFAOYSA-N,KTRRVUAMYYAKSN,6.085,2015
232,Cc1ccc2c(Cl)c(C(=O)O)sc2c1,KWGVHWHFCFSQAZ-UHFFFAOYSA-N,KWGVHWHFCFSQAZ,4.4,2013
233,O=C(O)CSc1cc(NS(=O)(=O)Cc2ccc(Cl)cc2)c2ccccc2c1O,KWOGXXULKCPPGD-UHFFFAOYSA-N,KWOGXXULKCPPGD,5.28,2014
234,N#CC(C#N)=c1c(=O)c2cccc3c(Oc4ccc(Cl)cc4)ccc1c32,KYXYOAYQWRWUIV-UHFFFAOYSA-N,KYXYOAYQWRWUIV,5.37,2013
235,O=C(O)c1ccc(COc2ccc(C=C3SC(=S)N(c4ccc(Br)cc4)C3=O)cc2)cc1,KZIGHPDMLXCFDK-UHFFFAOYSA-N,KZIGHPDMLXCFDK,6.16,2015
236,O=C(O)c1cc(S(=O)(=O)Nc2cc(-c3ccccc3)ccc2)c2ccccc2c1O,KZQOMSULEJYOHX-UHFFFAOYSA-N,KZQOMSULEJYOHX,5.73,2016
237,Cc1ccc(Sc2ccc3C4=C(C#N)C(=O)N=C4c4cccc2c43)cc1,LBKGRTQSOMJWJJ-UHFFFAOYSA-N,LBKGRTQSOMJWJJ,5.82,2011
238,O=C(O)CSc1c(O)c2c(cccc2)c(NS(=O)(=O)c2cccc(-c3ccccc3)c2)c1,LBXNABMPJYFQLL-UHFFFAOYSA-N,LBXNABMPJYFQLL,6.42,2014
239,Cc1cc(OCCCc2c(C(=O)NS(=O)(=O)c3cc(CNC(=O)c4cocc4)ccc3)[nH]c3c2ccc(Cl)c3-c2c(C)n(C)nc2C)cc(C)c1Cl,LCLPIOHJGZKBQV-UHFFFAOYSA-N,LCLPIOHJGZKBQV,7.85,2016
240,Cc1cc(OCCCc2c(C(=O)O)sc3cc(Cl)ccc23)cc(C)c1Cl,LDHKTVULLKPADL-UHFFFAOYSA-N,LDHKTVULLKPADL,6.6,2013
241,COc1c2ccccc2c(NS(=O)(=O)c2ccc(-c3ccccc3)cc2)cc1SCC(=O)O,LDKXKPXMNXCPOR-UHFFFAOYSA-N,LDKXKPXMNXCPOR,4.7,2014
242,Cc1cc(Oc2ccc(C=C3SC(=O)N(CC(=O)O)C3=O)cc2)cc(C)c1Cl,LFSBCBBSWOKDJZ-UHFFFAOYSA-N,LFSBCBBSWOKDJZ,5.63,2018
243,Cc1cc(Oc2ccc(C=C3SC(=O)N(C(C)C(=O)O)C3=O)cc2)cc(C)c1Cl,LGKWJROSQFESLU-UHFFFAOYSA-N,LGKWJROSQFESLU,5.635,2018
244,CN(C)c1ccc(NC(=O)c2cn(-c3ccccc3)nc2-c2cccs2)cc1,LOPGINRZVURMPZ-UHFFFAOYSA-N,LOPGINRZVURMPZ,5.61,2008
245,CC(C)Oc1ccc(C(=O)Nc2ccc(N(C)C)cc2)cc1,LPLHISIAAPYRSG-UHFFFAOYSA-N,LPLHISIAAPYRSG,5.35,2008
246,O=C(NN=Cc1cc(O)c(O)cc1)c1ccc(CSc2cccc3cccnc23)cc1,LPMTXYXHUWBBOH-UHFFFAOYSA-N,LPMTXYXHUWBBOH,5.34,2008
247,CC(=O)NCc1cccc(S(=O)(=O)NC(=O)c2c(CCCOc3cc(C)c(Cl)c(C)c3)c3c([nH]2)c(-c2c(C)n(C)nc2C)c(Cl)cc3)c1,LQKRTTLTEQKXRW-UHFFFAOYSA-N,LQKRTTLTEQKXRW,7.67,2016
248,CC(C)c1ccc(Oc2ccc3C4=C(C#N)C(=O)N=C4c4cccc2c43)cc1,LQPUNUIMIHGZEE-UHFFFAOYSA-N,LQPUNUIMIHGZEE,6.745,2011
249,Cc1cc(OCCCc2c3C(=O)N(c4cc(C(=O)O)cc5c4ccn5C)CCCn3c3c2cc(Cl)cc3-c2c(C)n(C)nc2C)cc(C)c1Cl,LRGBYYQSTYTTSC-UHFFFAOYSA-N,LRGBYYQSTYTTSC,6.89,2018
250,CC(C)c1ccc(Sc2cnc(O)c(C(=O)NCc3ccccc3)c2)cc1,LUYCLSKIFGYZQS-UHFFFAOYSA-N,LUYCLSKIFGYZQS,6.64,2013
251,CC(C)(C)OC(=O)NC(Cc1ccc(OCc2ccc(-c3ccccc3)cc2)cc1)C(=O)NS(=O)(=O)c1ccc(Cl)c([N+](=O)[O-])c1,LVVGGCOBLLAQGV-UHFFFAOYSA-N,LVVGGCOBLLAQGV,6.35,2018
252,Cc1cc(OCCCn2c(C(=O)O)cc3ccccc32)ccc1Cl,LVYBYDSXCXPMJF-UHFFFAOYSA-N,LVYBYDSXCXPMJF,5.92,2013
253,O=C(O)c1c(CCCOc2cccc3ccccc23)c2cccc3c2n1CCO3,LWIJJFXBSZFQMN-UHFFFAOYSA-N,LWIJJFXBSZFQMN,6.96,2015
254,Cc1cc(OCCCn2ccc3ccc(OCc4ccccc4C(=O)O)cc32)cc(C)c1Cl,LXHWTNSLSUVRLQ-UHFFFAOYSA-N,LXHWTNSLSUVRLQ,6.1,2017
255,Cc1ccc(S(=O)(=O)NC(=O)C(Cc2ccccc2)N2C(=O)C(=Cc3ccc(-c4ccccc4)cc3)SC2=S)cc1,MBJDUEXPIYPSAL-UHFFFAOYSA-N,MBJDUEXPIYPSAL,6.358,2015
256,Cc1cc(OCCCc2c(C(=O)O)[nH]c3cc(Cl)ccc23)cc(C)c1Cl,MCMWRWKXPXXZAS-UHFFFAOYSA-N,MCMWRWKXPXXZAS,6.49,2013
257,O=C(O)c1c(CCCOc2ccc(Cl)cc2)c2c(cccc2)[nH]1,MDJHWRNTVWUWHW-UHFFFAOYSA-N,MDJHWRNTVWUWHW,5.01,2013
258,CC(C)(C)OC(=O)N1CC(Oc2ccc(-c3ccccc3)cc2)CC1C(=O)NC(Cc1ccccc1)C(=O)NS(=O)(=O)c1ccccc1,MDLXEXFPXUNDQS-UHFFFAOYSA-N,MDLXEXFPXUNDQS,5.19,2015
259,O=C(O)c1cc(S(=O)(=O)Nc2ccc(Oc3ccc(Cl)cc3Cl)cc2)c2ccccc2c1O,MHLNOPQXHVWPEC-UHFFFAOYSA-N,MHLNOPQXHVWPEC,7.1,2016
260,CC(C)c1ccc(Sc2cnc(O)c(C(=O)NCCCc3ccccc3)c2)cc1,MJSIFIQSPXISHW-UHFFFAOYSA-N,MJSIFIQSPXISHW,6.72,2013
261,N#Cc1cc(-c2ccc(-c3ccccc3)cc2)cnc1O,MLQYXGZJDQXYBU-UHFFFAOYSA-N,MLQYXGZJDQXYBU,4.9,2013
262,COC(=O)CCN=Cc1c2c(O)c(-c3c(C)cc4c(C(C)C)c(O)c(O)c(C=NCCC(=O)OC)c4c3O)c(C)cc2c(C(C)C)c(O)c1O,MLTSXBOQPIPUPW-UHFFFAOYSA-N,MLTSXBOQPIPUPW,6.24,2016
263,CCC(C)(C)c1ccc(Oc2ccc3c(=C(C#N)C#N)c(=O)c4cccc2c43)cc1,MNGHAWVRBFNCQL-UHFFFAOYSA-N,MNGHAWVRBFNCQL,5.84,2013
264,Oc1c(N=Nc2nc3c(cccc3)s2)c2c(cccc2)[nH]1,MNUVEXBEAVKSDR-UHFFFAOYSA-N,MNUVEXBEAVKSDR,5.42,2008
265,O=C(O)C(=Cc1cc([N+](=O)[O-])c(Cl)cc1)c1ccc(S(=O)(=O)N2CCCC2)s1,MOKFIOJEBACJGW-UHFFFAOYSA-N,MOKFIOJEBACJGW,4.82,2009
266,CC(C)Cc1c(OCC(=O)O)ccc(-c2ccc(-c3ccc(CCC(=O)O)cc3CC(C)C)cc2Cc2ccccc2)c1,MOTQYJLKPNIITG-UHFFFAOYSA-N,MOTQYJLKPNIITG,5.31,2017
267,Cc1n[nH]c(=S)n(NC(=O)C=CC(=O)Nn2c(=S)[nH]nc(C)c2=O)c1=O,MPCNLNRGIHYRBT-UHFFFAOYSA-N,MPCNLNRGIHYRBT,5.33,2008
268,CCOC(=O)c1ccc(NC(=O)CSc2nc(O)cc(C)n2)cc1,MPTMBWCEQLUCHP-UHFFFAOYSA-N,MPTMBWCEQLUCHP,4.975,2008
269,Cc1cc(OCCCc2c(C(=O)O)n(C)c3cc(Cl)ccc23)cc(C)c1Cl,MRXZHJUTVZJIGX-UHFFFAOYSA-N,MRXZHJUTVZJIGX,6.85,2013
270,Cc1cc(OCCCc2c(C(=O)Nc3ncc(C(=O)O)cc3)[nH]c3c2ccc(Cl)c3-c2c(C)n(C)nc2C)cc(C)c1Cl,MRZXDXCOGHOUHD-UHFFFAOYSA-N,MRZXDXCOGHOUHD,7.54,2018
271,CN(CCCc1ccccc1)S(=O)(=O)c1c(O)c(O)c(O)c(C(=O)N2CCc3c(cc(S(=O)(=O)NCCc4ccccc4)cc3)C2)c1,MSGQUTXPOGRULO-UHFFFAOYSA-N,MSGQUTXPOGRULO,6.82,2007
272,CC(=O)N1CCN(c2ccc(OCc3c(-c4cccc5c4n(CCN4CCOCC4)c(C(=O)O)c5CCCOc4cccc5ccccc45)c(C)nn3C)cc2)CC1,MSMXIHTVBMZGMZ-UHFFFAOYSA-N,MSMXIHTVBMZGMZ,9.095,2015
273,Cc1c(C(=O)O)n2CCSc3cccc1c32,MSSCQNJHTCSNHM-UHFFFAOYSA-N,MSSCQNJHTCSNHM,4.75,2015
274,CCc1cc(OCCCc2c(C(=O)O)[nH]c3ccccc23)ccc1Cl,MTELVMRZGGGOHL-UHFFFAOYSA-N,MTELVMRZGGGOHL,5.96,2013
275,COc1ccc(Oc2ccc3C4=C(C#N)C(=O)N=C4c4cccc2c43)cc1,MTVXIMCLUYDUHS-UHFFFAOYSA-N,MTVXIMCLUYDUHS,6.75,2011
276,Cc1cc(OCCCc2c(C(=O)NCc3ccc(C(=O)O)o3)[nH]c3ccccc23)cc(C)c1Cl,MUEXGFNPGFIQOL-UHFFFAOYSA-N,MUEXGFNPGFIQOL,7.16,2018
277,Cc1cc(OCCCn2ccc3cc(OCc4ccc(C(=O)O)cc4)ccc32)cc(C)c1Cl,MURNSIIRTWLJOD-UHFFFAOYSA-N,MURNSIIRTWLJOD,5.79,2017
278,Cc1cc(OCCCc2c(C(=O)NS(=O)(=O)CCNC(=O)C3Cc4c(cccc4)N3)[nH]c3ccccc23)cc(C)c1Cl,MXEDGZADKSLEIL-UHFFFAOYSA-N,MXEDGZADKSLEIL,6.71,2016
279,COc1ccc(C(=O)C=Cc2cccc(F)c2O)cc1,MYWXVUPGTQHBJW-UHFFFAOYSA-N,MYWXVUPGTQHBJW,4.7,2016
280,CC(C)(C)OC(=O)N1CC(Oc2ccc(-c3ccccc3)cc2)CC1C(=O)NC(Cc1ccc(O)cc1)C(=O)NS(=O)(=O)c1ccc(Cl)c([N+](=O)[O-])c1,NACVVPTYWKYBMV-UHFFFAOYSA-N,NACVVPTYWKYBMV,5.66,2015
281,Cc1cc(OCCCc2c3C(=O)N(Cc4ccc(C(=O)O)o4)CCCn3c3c2ccc(Cl)c3-c2c(C)n(C)nc2C)cc(C)c1Cl,NAIKFCWOPDUKKS-UHFFFAOYSA-N,NAIKFCWOPDUKKS,8.055,2018
282,O=C(O)c1c(CCCOc2ccc(-c3ccccc3)cc2)c2c(cccc2)[nH]1,NCQHPXUHYRBUCA-UHFFFAOYSA-N,NCQHPXUHYRBUCA,5.12,2013
283,O=C(NN=Cc1cccc(F)c1)c1cc(-c2ccco2)nc2ccccc12,NCWJNVZGQDGGJK-UHFFFAOYSA-N,NCWJNVZGQDGGJK,5.46,2008
284,O=C(O)CSc1cc(NS(=O)(=O)c2cc([N+](=O)[O-])ccc2)c2ccccc2c1O,NDBSDAMBGDKOBZ-UHFFFAOYSA-N,NDBSDAMBGDKOBZ,4.87,2008
285,Cc1cc(OCCCc2c(C(=O)NS(=O)(=O)CCNC(=O)C3CCCCC3)[nH]c3cc(Cl)ccc23)cc(C)c1Cl,NEPGYBYFRTXHOG-UHFFFAOYSA-N,NEPGYBYFRTXHOG,7.26,2016
286,COc1cccc(C(=O)Nc2ccc3C(=O)c4c(cccc4)C(=O)c3c2)c1,NEPUZNUSGOMFAN-UHFFFAOYSA-N,NEPUZNUSGOMFAN,5.74,2008
287,COc1c(Oc2c([N+](=O)[O-])cc([N+](=O)[O-])cc2)ccc(C=C2SC(=O)NC2=O)c1,NICKPKJTMSTIRI-UHFFFAOYSA-N,NICKPKJTMSTIRI,5.42,2008
288,O=C(O)CSc1cc(NS(=O)(=O)c2ccc3ccccc3c2)c2ccccc2c1O,NIDRZGBFOJIVAJ-UHFFFAOYSA-N,NIDRZGBFOJIVAJ,6.14,2014
289,N#CC(=Cc1ccc(C(=O)O)cc1)c1nc(O)c2c3c(CCCC3)sc2n1,NIONGLZUINJAFB-UHFFFAOYSA-N,NIONGLZUINJAFB,5.45,2008
290,O=C(O)c1c(CCCOc2cccc3ccccc23)c2cccc3c2n1CCS3,NKNPHHGNUNPDRP-UHFFFAOYSA-N,NKNPHHGNUNPDRP,6.92,2015
291,O=C(O)CSc1cc(NS(=O)(=O)c2ccc(Cl)cc2)c2ccccc2c1O,NLRVCTAQYTWYQX-UHFFFAOYSA-N,NLRVCTAQYTWYQX,6.09,2014
292,Cc1cc(OCCCc2c(C(=O)NS(=O)(=O)c3ccc(C(=O)NCc4ccccc4)o3)[nH]c3c2ccc(Cl)c3-c2c(C)n(C)nc2C)cc(C)c1Cl,NMFCQGOCMLIFDA-UHFFFAOYSA-N,NMFCQGOCMLIFDA,7.85,2016
293,Cc1ccc(OCCCc2c(C(=O)O)[nH]c3ccccc23)cc1,NMIQCLQLYGWJOZ-UHFFFAOYSA-N,NMIQCLQLYGWJOZ,4.8,2013
294,Cc1cc(OCCCn2ccc3ccc(OCC(=O)O)cc32)cc(C)c1Cl,NNIFJZPKOXMOFI-UHFFFAOYSA-N,NNIFJZPKOXMOFI,5.82,2017
295,O=C(CCc1ccccc1)Nc1ccc(C(=O)NS(=O)(=O)c2ccc(NCCSc3ccccc3)c([N+](=O)[O-])c2)cc1,NNNSNOXNCDVQGR-UHFFFAOYSA-N,NNNSNOXNCDVQGR,5.16,2016
296,Cc1cc(NC(=O)CN(C)C(=O)c2cc(-n3cccc3)ccc2)c(C)cc1,NPYJSLWQPGHSPH-UHFFFAOYSA-N,NPYJSLWQPGHSPH,4.96,2009
297,O=C(O)c1ccc(NN=Cc2ccc(-c3c(Cl)cc(Cl)cc3)o2)cc1,NQNDMCIERWBWTP-UHFFFAOYSA-N,NQNDMCIERWBWTP,5.45,2008
298,O=C(O)c1cc(S(=O)(=O)Nc2ccc(Oc3cccc(Br)c3)cc2)c2ccccc2c1O,NRCLFNVQEKEPBV-UHFFFAOYSA-N,NRCLFNVQEKEPBV,6.94,2016
299,Cn1cnnc1SCC(=O)Nc1c(C(N)=O)c2c(CCC2)s1,NRLUONFWDLIFKS-UHFFFAOYSA-N,NRLUONFWDLIFKS,5.285,2008
300,O=C(O)c1cc(-c2ccc(OCc3ccccc3)cc2)cc(-c2ccc(OCc3ccccc3)cc2)n1,NRWYMZGYQTYBKG-UHFFFAOYSA-N,NRWYMZGYQTYBKG,5.04,2018
301,Cc1c(-c2ccc(-c3c(C)oc4c(c(O)c(O)c(O)c4CC(C)C)c3=O)cc2)c(=O)c2c(o1)c(CC(C)C)c(O)c(O)c2O,NVRYRFIEVFCEGP-UHFFFAOYSA-N,NVRYRFIEVFCEGP,7.745,2007
302,NC(=O)c1cc2c(cc(OCC(=O)O)cc2)n1CCCOc1ccc(Oc2ccccc2)cc1,NWBBJXGCUKPFBI-UHFFFAOYSA-N,NWBBJXGCUKPFBI,5.38,2017
303,O=C(O)c1c(CCCOc2c3CCCCc3ccc2)c2c(cccc2)[nH]1,NWRCDRTZFGXEFL-UHFFFAOYSA-N,NWRCDRTZFGXEFL,6.52,2013
304,COCCCc1c(C(=O)O)n(CCN2CCOCC2)c2c1cccc2-c1c(COc2ccc(N3CCN(S(=O)(=O)N(C)C)CC3)cc2)n(C)nc1C,NXIRNRIXHFBWOT-UHFFFAOYSA-N,NXIRNRIXHFBWOT,9.34,2015
305,Cc1cc(OCCCc2c(C(=O)O)n3CCSc4cccc2c43)cc(C)c1Cl,NZEFYOHVASXLPS-UHFFFAOYSA-N,NZEFYOHVASXLPS,7.15,2015
306,O=C(O)CSc1cc(NS(=O)(=O)c2ccc(-c3ccc(Cl)cc3)cc2)c2ccccc2c1O,NZJRLTZEJDEFLT-UHFFFAOYSA-N,NZJRLTZEJDEFLT,6.533333333333332,2014
307,Cc1cc(OCCCc2c(C(=O)Nc3cc(C(=O)O)ccc3)[nH]c3c2ccc(Cl)c3-c2c(C)n(C)nc2C)cc(C)c1Cl,ODMWLLDLJAHWIY-UHFFFAOYSA-N,ODMWLLDLJAHWIY,7.305,2018
308,Cc1cccc(-c2cccc3c2[nH]c(C(=O)O)c3CCCOc2cccc3ccccc23)c1,ODUPCPNFTKYSCI-UHFFFAOYSA-N,ODUPCPNFTKYSCI,5.945,2015
309,Cc1c(Cl)c(C)cc(OCCC(=O)O)c1,OEIJOSOCXFPJQX-UHFFFAOYSA-N,OEIJOSOCXFPJQX,4.22,2013
310,Cc1cc(OCCCn2ccc3ccc(OCCCC(=O)O)cc32)cc(C)c1Cl,OGEXMAKQVKCGHB-UHFFFAOYSA-N,OGEXMAKQVKCGHB,5.57,2017
311,O=C(O)c1cc(S(=O)(=O)N2CCCCC2)c2ccccc2c1O,OGTOVDMYTARVKS-UHFFFAOYSA-N,OGTOVDMYTARVKS,5.53,2016
312,CC(C)c1cc2c(cc1)c(=Nc1ccc(Oc3ccccc3)cc1)c1c(c(O)c(O)c(O)c1)n2C(=O)c1ccc(C(C)(C)C)cc1,OHKYOKMELIFONA-UHFFFAOYSA-N,OHKYOKMELIFONA,7.1,2016
313,O=C1NC2=C(C1=NCCCc1ccccc1)c1ccc(Sc3ccc(OO)cc3)c3cccc2c13,OHUMWVDIZFUPRC-UHFFFAOYSA-N,OHUMWVDIZFUPRC,7.38,2013
314,O=C(O)c1c(Cl)c2c(cccc2Cl)s1,OIWHDKKVGXWDEW-UHFFFAOYSA-N,OIWHDKKVGXWDEW,4.66,2013
315,Cc1cc(OCCCc2c(C(=O)NS(=O)(=O)c3ccccc3)[nH]c3c2cccc3-c2c(C)[nH]nc2C)cc(C)c1Cl,OJQWQPQFXYWZBV-UHFFFAOYSA-N,OJQWQPQFXYWZBV,6.29,2016
316,Cc1cc(OCCCc2c3C(=O)N(Cc4ccc(C(=O)O)cc4)CCCn3c3c2ccc(Cl)c3-c2c(C)n(C)nc2C)cc(C)c1Cl,OKCTYMGOMCFBCK-UHFFFAOYSA-N,OKCTYMGOMCFBCK,8.45,2018
317,O=C(O)C1C=CC2CC3C(CCCCCCCc4ccc(O)cc4)C4C=CC1C2C43,OMHJQGZJZUFMMT-UHFFFAOYSA-N,OMHJQGZJZUFMMT,4.89,2014
318,CCOc1ccc(-c2c(NC(=O)c3ccccc3)c(C(=O)O)nn2-c2ccc(Oc3ccccc3)cc2)cc1,OMNHLSACIDVOIX-UHFFFAOYSA-N,OMNHLSACIDVOIX,6.2,2016
319,COC(=O)c1c(NC(=O)Cc2cccs2)sc2c1CCCC2,OOHWDQXDMKMDMN-UHFFFAOYSA-N,OOHWDQXDMKMDMN,5.47,2008
320,COc1ccc(-c2csc(NC(=O)CSc3nc(C)nc4c3c(C)c(C(=O)O)s4)n2)cc1,OOICNUJTUPIFBG-UHFFFAOYSA-N,OOICNUJTUPIFBG,5.11,2008
321,O=C(NC(Cc1ccccc1)C(=O)NS(=O)(=O)c1ccccc1)c1cn(Cc2ccc(-c3ccc(Cl)cc3)cc2)c2c1cccc2,OOVAAFLATYDMLI-UHFFFAOYSA-N,OOVAAFLATYDMLI,6.31,2017
322,CCN(N=Cc1ccc(N(C)C)cc1)c1nc2c(cccc2)[nH]1,OPBVBRUMDWNZAN-UHFFFAOYSA-N,OPBVBRUMDWNZAN,5.84,2008
323,O=C(O)CSc1cc(NS(=O)(=O)c2ccccc2Br)c2ccccc2c1O,OPNBHESGDUNSCO-UHFFFAOYSA-N,OPNBHESGDUNSCO,5.36,2014
324,Cc1cc(NC(=O)Cc2cccs2)no1,OPYMOTLKQFPQGP-UHFFFAOYSA-N,OPYMOTLKQFPQGP,5.595,2008
325,O=C(NS(=O)(=O)c1ccc(Cl)c([N+](=O)[O-])c1)C(Cc1ccccc1)N1C(=O)NC(Cc2ccc(-c3ccc(Cl)cc3)cc2)C1=O,OQKABKQHXVJGKK-UHFFFAOYSA-N,OQKABKQHXVJGKK,5.54,2015
326,O=C(O)c1cc(S(=O)(=O)N2CCN(c3ccccc3)CC2)c2ccccc2c1O,ORKWHMREWDJSCF-UHFFFAOYSA-N,ORKWHMREWDJSCF,5.34,2016
327,Cc1cc(C=CC(=O)Nc2ccc(C(=O)NS(=O)(=O)c3ccc(NCCSc4ccccc4)c([N+](=O)[O-])c3)cc2)ccc1,ORLFBORQSLQBHH-UHFFFAOYSA-N,ORLFBORQSLQBHH,6.36,2016
328,Cc1c2[nH]c(C(=O)O)c(-c3ccccc3)c2ccc1,OSOLISRTJWBBIW-UHFFFAOYSA-N,OSOLISRTJWBBIW,3.87,2013
329,Cc1cc(OCCCc2c(C(=O)NS(=O)(=O)c3ccco3)[nH]c3cc(Cl)ccc23)cc(C)c1Cl,OSWGCBZOVLVZFD-UHFFFAOYSA-N,OSWGCBZOVLVZFD,6.94,2016
330,CC(C)=CCCC(C)C1C=CC2(C(=O)O)C(C=C(C)C3CCC(C(=O)O)CC3)C=C(C)CC2C1,OTBMTWUPWVANPM-UHFFFAOYSA-N,OTBMTWUPWVANPM,5.28,2014
331,Nc1nc(S)c2ncn(C3OC(CO)C(O)C3O)c2n1,OTDJAMXESTUWLO-UHFFFAOYSA-N,OTDJAMXESTUWLO,5.22,2008
332,NS(=O)(=O)c1c2ccccc2c(O)c(C(=O)O)c1,OTDVKOVLSPJORY-UHFFFAOYSA-N,OTDVKOVLSPJORY,4.0,2016
333,Cc1cc(OCCCc2c3C(=O)N(c4cc5c(ccn5C)c(C(=O)O)c4)CCCn3c3c2ccc(Cl)c3-c2c(C)n(C)nc2C)cc(C)c1Cl,OTFAIFQJDQCNJT-UHFFFAOYSA-N,OTFAIFQJDQCNJT,8.780000000000001,2018
334,Cc1cc(OCCCc2c(C(=O)NS(=O)(=O)CCNC(=O)c3cc4c(cc3)[nH]cc4)[nH]c3ccccc23)cc(C)c1Cl,OUJVVYRGZFLQRK-UHFFFAOYSA-N,OUJVVYRGZFLQRK,6.57,2016
335,Cc1cc(OCCCc2c3C(=O)N(Cc4cc(C(=O)O)ccc4)CCCn3c3c2ccc(Cl)c3-c2c(C)n(C)nc2C)cc(C)c1Cl,OUZJAEBUIMKQNH-UHFFFAOYSA-N,OUZJAEBUIMKQNH,8.030000000000001,2018
336,CCCOc1ccc(CC(NC(=O)C2CC(Oc3ccc(-c4ccccc4)cc3)CN2C(=O)OC(C)(C)C)C(=O)NS(=O)(=O)c2ccccc2)cc1,OVIPTFPXCNDPTO-UHFFFAOYSA-N,OVIPTFPXCNDPTO,5.4,2017
337,Cc1cc(OCCCc2c(C(=O)NS(=O)(=O)CCNC(=O)c3ccc(C(F)(F)F)cc3)[nH]c3cc(Cl)ccc23)cc(C)c1Cl,OVKHIDWQHSVTSW-UHFFFAOYSA-N,OVKHIDWQHSVTSW,6.92,2016
338,O=C(O)c1cc(S(=O)(=O)Nc2ccc(C(F)(F)F)cc2)c2ccccc2c1O,OWKIKZUVFQBYSV-UHFFFAOYSA-N,OWKIKZUVFQBYSV,5.6,2016
339,Cc1cc(OCCCc2c(C(=O)NS(=O)(=O)CCNC(=O)c3ccccc3)[nH]c3ccccc23)cc(C)c1Cl,OXGRLOVVIBXCRO-UHFFFAOYSA-N,OXGRLOVVIBXCRO,6.37,2016
340,CC(C)Oc1ccc(CC(NC(=O)C2CC(Oc3ccc(-c4ccccc4)cc3)CN2C(=O)OC(C)(C)C)C(=O)NS(=O)(=O)c2ccccc2)cc1,OYXWIPRNZTVVLX-UHFFFAOYSA-N,OYXWIPRNZTVVLX,5.09,2017
341,C=C(C)C(=O)Nc1cccc(C2=NOC3(C2)CC(C(N)=O)N(C(=O)C(C)=CC)C3)c1,OZAAGRUXJFRJMM-UHFFFAOYSA-N,OZAAGRUXJFRJMM,4.63,2008
342,O=C1NC(=S)N(C2CC2)C(=O)C1=Cc1ccc2c(c1)CCN2CCCCl,OZVJFSDUSSGCSJ-UHFFFAOYSA-N,OZVJFSDUSSGCSJ,5.58,2008
343,O=C1NC(=O)N(Cc2ccco2)C(=O)C1=Cc1ccc(-c2cc([N+](=O)[O-])ccc2)o1,OZYQTYYVJNUVMW-UHFFFAOYSA-N,OZYQTYYVJNUVMW,5.255,2008
344,CCOc1c(Cl)cc(C(=O)Nc2cc(C(=O)O)cc(NC(=O)c3ccc(OCC)c(Cl)c3)c2)cc1,PAASCJJJLQOAAN-UHFFFAOYSA-N,PAASCJJJLQOAAN,4.84,2008
345,CCC(C)(C)c1ccc(Sc2cc(C#N)c(O)nc2)cc1,PAHSPAOJQGRWMK-UHFFFAOYSA-N,PAHSPAOJQGRWMK,5.15,2013
346,Oc1c(C(c2cc(Cl)c(Cl)cc2)N2CCCC2)cc2OCOc2c1,PALXEUVWNGHGKV-UHFFFAOYSA-N,PALXEUVWNGHGKV,5.32,2008
347,Cc1cc(OCCCc2c(C(=O)NS(=O)(=O)CCNC(=O)c3cc4c(cccc4)o3)[nH]c3ccccc23)cc(C)c1Cl,PBCZQMXRKDXOJO-UHFFFAOYSA-N,PBCZQMXRKDXOJO,6.51,2016
348,Cc1c(-c2c(C)cc3c(C(C)C)c(O)c(O)cc3c2O)c(O)c2cc(O)c(O)c(C(C)C)c2c1,PBJKWGWHZVXBGU-UHFFFAOYSA-N,PBJKWGWHZVXBGU,5.525,2009
349,O=Cc1ccc(-c2ccc(CC3NC(=O)N(C(Cc4ccccc4)C(=O)NS(=O)(=O)c4ccc(Cl)c([N+](=O)[O-])c4)C3=O)cc2)cc1,PBLHMWGKXSXLDD-UHFFFAOYSA-N,PBLHMWGKXSXLDD,5.03,2015
350,Cc1cc(OCCCn2c(C(=O)O)cc3ccccc32)cc(C)c1Cl,PDMKFDARJPXMCS-UHFFFAOYSA-N,PDMKFDARJPXMCS,6.39,2013
351,c1cc2c(cc1C1OCC3C(c4cc5c(cc4)OCO5)OCC13)OCO2,PEYUIKBAABKQKQ-UHFFFAOYSA-N,PEYUIKBAABKQKQ,5.16,2009
352,COc1ccc(C=CC(=O)Nc2ccc(C(=O)NS(=O)(=O)c3ccc(NCCSc4ccccc4)c([N+](=O)[O-])c3)cc2)cc1,PGMIJPOMKAAJFV-UHFFFAOYSA-N,PGMIJPOMKAAJFV,6.23,2016
353,O=C(O)c1cc(-c2ccc(Oc3ccccc3)cc2)cc(-c2c(Br)cccc2)n1,PGMXPLMJPRSIKP-UHFFFAOYSA-N,PGMXPLMJPRSIKP,4.99,2018
354,Cc1ccc(CC(=O)NC(Cc2ccc(OCc3ccccc3)cc2)C(=O)NS(=O)(=O)c2ccc(NCCCc3ccccc3)c([N+](=O)[O-])c2)cc1,PIIWCHCFSUCMHL-UHFFFAOYSA-N,PIIWCHCFSUCMHL,6.3,2018
355,Cc1ccc(-c2cc(C(=O)O)c3cc(Br)ccc3n2)o1,PJDQCOBHWQSBSN-UHFFFAOYSA-N,PJDQCOBHWQSBSN,5.04,2008
356,Cc1ccc(CSc2nnc(SCC(=O)NN=Cc3c[nH]c4ccccc34)s2)cc1,PJGTWVUBLLWFFY-UHFFFAOYSA-N,PJGTWVUBLLWFFY,5.41,2008
357,Cc1cc(NC2=C(Cl)C(=O)N(Cc3ccccc3)C2=O)c(O)cc1,PJRBIUKCMMJUOL-UHFFFAOYSA-N,PJRBIUKCMMJUOL,5.52,2008
358,Nc1c(C(=O)Nc2ccc(Br)cc2)sc2c1ccc(-c1ccco1)n2,PJZTTXDSEFCLRR-UHFFFAOYSA-N,PJZTTXDSEFCLRR,5.59,2008
359,O=C(O)C1C=CC2CC3C(CCCCCc4ccc(O)cc4)C4C=CC1C2C43,PKNDHVGUXLBYND-UHFFFAOYSA-N,PKNDHVGUXLBYND,4.85,2014
360,Cc1cc(OCCCc2c(C(=O)NS(=O)(=O)c3cc(NCCc4ccccc4)ncc3)[nH]c3c2ccc(Cl)c3-c2c(C)n(C)nc2C)cc(C)c1Cl,PLUDXXQQJHWPGO-UHFFFAOYSA-N,PLUDXXQQJHWPGO,8.015,2016
361,O=C(O)c1cc(S(=O)(=O)Nc2ccc(Br)cc2Br)c2ccccc2c1O,PNQLIFYZRPXTNT-UHFFFAOYSA-N,PNQLIFYZRPXTNT,6.38,2016
362,Cc1cc(OCCCc2c(C(=O)O)n3CCCc4c(Cl)ccc2c43)cc(C)c1Cl,POKYVKHUQBRKCF-UHFFFAOYSA-N,POKYVKHUQBRKCF,8.52,2015
363,CC(C)(C)OC(=O)N1CC(Oc2ccc(-c3ccccc3)cc2)CC1C(=O)NC(Cc1ccc(OCc2ccccc2)cc1)C(=O)NS(=O)(=O)c1ccccc1,POZWBLNAHVCOMF-UHFFFAOYSA-N,POZWBLNAHVCOMF,6.23,2017
364,Cc1cc(OCCCc2c(C(=O)NCc3nccc(C(=O)O)c3)[nH]c3c2cccc3-c2c(C)n(C)nc2C)cc(C)c1Cl,PPKTYCPNQLWJFI-UHFFFAOYSA-N,PPKTYCPNQLWJFI,7.085,2015
365,CC(C)c1c(Cc2cc(C(=O)Nc3ccc(S(=O)(=O)c4c(C(C)(C)C)cccc4)cc3)c(O)c(O)c2O)cccc1,PQAPVTKIEGUPRN-UHFFFAOYSA-N,PQAPVTKIEGUPRN,6.58,2006
366,COc1ccc(C(=O)C=Cc2ccc(O)c(F)c2)c(OC)c1OC,PREWOCGJBXHGRJ-UHFFFAOYSA-N,PREWOCGJBXHGRJ,4.55,2016
367,COc1ccccc1Oc1ccc2C3=C(C#N)C(=O)N=C3c3cccc1c32,PRNJUJSNFAYRNO-UHFFFAOYSA-N,PRNJUJSNFAYRNO,6.83,2011
368,CC12CCC3C4CCC(=O)C=C4CCC3C1CCC2OC1(O)C(=O)c2c(cccc2)C1=O,PSDYWXVFQWCFEU-UHFFFAOYSA-N,PSDYWXVFQWCFEU,4.92,2016
369,Cc1cc(OCCCc2c(C(=O)NS(=O)(=O)CCNC(=O)c3cccn3-c3ccccc3)[nH]c3ccccc23)cc(C)c1Cl,PTEYBPSGJZVDCD-UHFFFAOYSA-N,PTEYBPSGJZVDCD,6.86,2016
370,O=C(O)c1cc(S(=O)(=O)Nc2ccc(-c3ccccc3)cc2)c2ccccc2c1O,PTJQYBHWGDXXKK-UHFFFAOYSA-N,PTJQYBHWGDXXKK,5.81,2016
371,Cc1cc(Oc2ccc(C=C3SC(=O)N(C(C(=O)O)C(C)C)C3=O)cc2)cc(C)c1Cl,PVXPXGOUEMLVIL-UHFFFAOYSA-N,PVXPXGOUEMLVIL,5.92,2018
372,Cc1cc(OCCCc2c(C(=O)NCC(=O)O)[nH]c3ccccc23)cc(C)c1Cl,PXJFLZFCYWEHHY-UHFFFAOYSA-N,PXJFLZFCYWEHHY,6.21,2018
373,COc1cc(NC(=O)CCC(=O)N2CCN(Cc3cccc(-c4ccc(Cl)cc4)c3)CC2)cc(OC)c1OC,PZHHDTZVJUSGAT-UHFFFAOYSA-N,PZHHDTZVJUSGAT,6.5,2018
374,O=C(c1ccc(Oc2ccccc2)cc1)c1cc(C(=O)c2cccc3ccccc23)c(O)c(O)c1O,PZNPHSABNYIWKY-UHFFFAOYSA-N,PZNPHSABNYIWKY,6.82,2008
375,Cc1cc(OCCCc2c3C(=O)N(c4cc(C(=O)O)cc5c4n(C)cc5)CCCn3c3c2ccc(Cl)c3-c2c(C)n(C)nc2C)cc(C)c1Cl,QAGXRQPLERZDFS-UHFFFAOYSA-N,QAGXRQPLERZDFS,8.365,2018
376,O=C(O)CSc1cc(NS(=O)(=O)c2cc3c(cccc3)s2)c2ccccc2c1O,QANMHVCREHLFPI-UHFFFAOYSA-N,QANMHVCREHLFPI,5.81,2014
377,COc1cc(CC(=O)NCc2ccc(C(=O)N3CCN(Cc4ccccc4-c4ccccc4)CC3)cc2)cc(OC)c1OC,QAVBXJORAJZCMT-UHFFFAOYSA-N,QAVBXJORAJZCMT,6.75,2018
378,Cc1cc2c(c(O)c1-c1c(O)c3c(cc1C)c(C(C)C)c(O)c(O)c3C=O)c(C=O)c(O)c(O)c2C(C)C,QBKSWRVVCFFDOT-UHFFFAOYSA-N,QBKSWRVVCFFDOT,6.249411764705882,2006
379,O=C1Nc2c(C1=O)c1c(cc2)sc2c1cccc2,QBQBUTPHASZOAU-UHFFFAOYSA-N,QBQBUTPHASZOAU,5.3,2008
380,CC(C)(C)OC(=O)N1CC(Oc2ccc(-c3ccccc3)cc2)CC1C(=O)NC(Cc1ccc(Br)cc1)C(=O)NS(=O)(=O)c1ccc(Cl)cc1,QCKNUULMQUKCGB-UHFFFAOYSA-N,QCKNUULMQUKCGB,6.13,2015
381,Cc1cc(OCCCc2c(C(=O)O)[nH]c3cc(Cl)ccc23)ccc1Cl,QCVCOYWNENRIEG-UHFFFAOYSA-N,QCVCOYWNENRIEG,6.72,2013
382,O=c1c2c([nH]c(=S)n1Cc1ccco1)sc1c2CCC1,QCZYEDSQWTTXCA-UHFFFAOYSA-N,QCZYEDSQWTTXCA,5.68,2008
383,O=C(NN=CC=Cc1cc2c(cc1)OCO2)c1ccc([N+](=O)[O-])cc1,QDAVWXWMTBUHTM-UHFFFAOYSA-N,QDAVWXWMTBUHTM,5.3,2008
384,O=C(O)c1cc2c(cccc2)n1S(=O)(=O)c1ccc(OCc2cccc(Cl)c2)cc1,QDHAZAAJSGGQDF-UHFFFAOYSA-N,QDHAZAAJSGGQDF,6.32,2018
385,Cc1cc(OCCCc2c3C(=O)N(c4cc(C(=O)O)cnc4)CCCn3c3c2ccc(Cl)c3-c2c(C)n(C)nc2C)cc(C)c1Cl,QDTCXBLAVWZVHK-UHFFFAOYSA-N,QDTCXBLAVWZVHK,8.89,2018
386,O=C(O)c1c(CCCc2cccc3ccccc23)c2c(cccc2)s1,QDTXDGOGBYEEKV-UHFFFAOYSA-N,QDTXDGOGBYEEKV,5.02,2013
387,Cc1cc(OCCCc2c3C(=O)N(c4ccc(C(=O)O)c5cccnc45)CCCn3c3c2ccc(Cl)c3-c2c(C)n(C)nc2C)cc(C)c1Cl,QEACFIZDFCDWRW-UHFFFAOYSA-N,QEACFIZDFCDWRW,8.503333333333332,2018
388,Cc1c(C(=O)O)oc2c1cc(Cl)cc2,QEYMIQBZTUQKAC-UHFFFAOYSA-N,QEYMIQBZTUQKAC,4.28,2013
389,O=C(Cc1ccccc1)Nc1ccc(C(=O)NS(=O)(=O)c2ccc(NCCSc3ccccc3)c([N+](=O)[O-])c2)cc1,QGCMSMQORLMKPB-UHFFFAOYSA-N,QGCMSMQORLMKPB,5.25,2016
390,CCOc1ccc(-c2cc(C(=O)O)nn2-c2ccccc2)cc1,QHXBYJRUEXSIEL-UHFFFAOYSA-N,QHXBYJRUEXSIEL,5.42,2016
391,CC(C)(C)OC(=O)N1CC(Oc2ccc(-c3ccccc3)cc2)CC1C(=O)NC(Cc1ccccc1)C(=O)O,QKZDJVUONSCAOV-UHFFFAOYSA-N,QKZDJVUONSCAOV,5.08,2015
392,Cc1c(Cl)c(C)cc(OCCCc2c(C(=O)O)oc3ccccc23)c1,QKZLMJPWPQVNSW-UHFFFAOYSA-N,QKZLMJPWPQVNSW,5.52,2013
393,COc1ccccc1N1C(=O)C(=Cc2cccc(OCc3ccc(C(=O)O)cc3)c2)SC1=S,QLPXUPVIXOBYSH-UHFFFAOYSA-N,QLPXUPVIXOBYSH,5.43,2015
394,COC(=O)CSc1cc(NS(=O)(=O)c2ccc(Br)cc2)c2ccccc2c1O,QLSXXJFXFWMFJW-UHFFFAOYSA-N,QLSXXJFXFWMFJW,5.29,2014
395,O=C(O)c1cc(S(=O)(=O)Nc2ccc(Oc3ccc(Cl)cc3)cc2)c2ccccc2c1O,QPDPLLDGNLPFGI-UHFFFAOYSA-N,QPDPLLDGNLPFGI,6.76,2016
396,O=S(=O)(c1c(O)ccc(O)c1)c1cccc2c1cccc2S(=O)(=O)c1c(O)ccc(O)c1,QQILNJKVNOAUNH-UHFFFAOYSA-N,QQILNJKVNOAUNH,5.08,2009
397,O=[N+]([O-])c1cccc(C=Cc2nc3c(ccc([N+](=O)[O-])c3)[nH]2)c1,QQNILPRNDUTMRY-UHFFFAOYSA-N,QQNILPRNDUTMRY,5.46,2008
398,Cc1nc(C)c(C(=O)Nc2nc3c(cccc3C)s2)o1,QQVJWKCKUMWPNS-UHFFFAOYSA-N,QQVJWKCKUMWPNS,5.47,2008
399,CCOc1cc(CNc2ccc(N3CCCC3)cc2)cc(Cl)c1OC,QQWGJAPOKIMOPE-UHFFFAOYSA-N,QQWGJAPOKIMOPE,5.62,2008
400,CC(C)Oc1ccc(-c2cc(-c3ccc(OCc4ccccc4)cc3)nc(C(=O)O)c2)cc1,QRAVDSHTDGSLHW-UHFFFAOYSA-N,QRAVDSHTDGSLHW,5.01,2018
401,C=C(C)C(=O)Nc1cccc(C2=NOC3(C2)CC(C(N)=O)N(C(=O)C(c2ccccc2)c2ccccc2)C3)c1,QRKKRZLARXFWKP-UHFFFAOYSA-N,QRKKRZLARXFWKP,5.5,2008
402,O=C(O)CSc1cc(NS(=O)(=O)c2cc(Br)ccc2)c2ccccc2c1O,QRNTXTIRONJKOT-UHFFFAOYSA-N,QRNTXTIRONJKOT,5.63,2014
403,NC(=S)n1nc(-c2ccc([N+](=O)[O-])cc2)c(N=Nc2cc([N+](=O)[O-])ccc2)c1O,QRSKNOMYQXWTIT-UHFFFAOYSA-N,QRSKNOMYQXWTIT,5.77,2008
404,COC(=O)c1c(NC(=O)c2noc3c2CCC3)cccc1,QSAGGPOKIXHHSD-UHFFFAOYSA-N,QSAGGPOKIXHHSD,4.87,2009
405,COc1c(OC)cc(Cc2nnc(NC(=O)Cc3cccs3)s2)cc1,QSAKKBGLYQHWAK-UHFFFAOYSA-N,QSAKKBGLYQHWAK,5.5,2008
406,Cc1cc(OCCCc2c(C(=O)NCc3ccc(C(=O)O)cc3)[nH]c3c2cccc3-c2c(C)n(C)nc2C)cc(C)c1Cl,QTJFFKNXEPJDIT-UHFFFAOYSA-N,QTJFFKNXEPJDIT,7.68,2018
407,O=C(c1ccccc1O)c1c(-n2c(C(=O)c3c(O)cccc3)cc(Cl)c2Cl)c(Cl)c(Cl)[nH]1,QYPJBTMRYKRTFG-UHFFFAOYSA-N,QYPJBTMRYKRTFG,8.0,2015
408,O=C(O)CSc1cc(NS(=O)(=O)c2ccc(Oc3ccc(F)cc3)cc2)c2ccccc2c1O,QZODJHCTWWKMRV-UHFFFAOYSA-N,QZODJHCTWWKMRV,6.453333333333333,2014
409,Cc1cc(OCCCc2c3C(=O)N(c4cn(C)c5c(C(=O)O)cccc45)CCCn3c3c2ccc(Cl)c3-c2c(C)n(C)nc2C)cc(C)c1Cl,RAIWZODXCCHHAD-UHFFFAOYSA-N,RAIWZODXCCHHAD,8.956666666666665,2018
410,O=C(O)c1cc(S(=O)(=O)Nc2ccc(Br)cc2)c2ccccc2c1O,RDWKYGQFJBSFGL-UHFFFAOYSA-N,RDWKYGQFJBSFGL,5.56,2016
411,O=C(C=Cc1ccccc1C(F)(F)F)Nc1ccc(C(=O)NS(=O)(=O)c2ccc(NCCSc3ccccc3)c([N+](=O)[O-])c2)cc1,REDKMAYZALKKRQ-UHFFFAOYSA-N,REDKMAYZALKKRQ,6.18,2016
412,O=C(O)c1c(CCCOc2cc(Oc3ccccc3)ccc2)c2c(cccc2)[nH]1,RFOBYIOGQAFREM-UHFFFAOYSA-N,RFOBYIOGQAFREM,5.28,2013
413,Cc1csc(=NC2CCCCC2)n1N=Cc1c(O)c(O)c(O)cc1,RGGFUBMUOVFZEF-UHFFFAOYSA-N,RGGFUBMUOVFZEF,5.33,2014
414,N#Cc1cc(Sc2ccc(N)cc2)cnc1O,RGGRIUTUDQNGSD-UHFFFAOYSA-N,RGGRIUTUDQNGSD,5.28,2013
415,Cc1cc(Oc2ccc(S(=O)(=O)N3CC(C(=O)O)Cc4c3cccc4)cc2)cc(C)c1Cl,RGQCMYHCMAKVGY-UHFFFAOYSA-N,RGQCMYHCMAKVGY,6.92,2018
416,CC1Oc2c(C(=O)C1C)c(O)c1c(O)cc(O)c(-c3c(O)cc(O)c4c(O)c5c(cc34)OC(C)C(C)C5=O)c1c2,RHNVLFNWDGWACV-UHFFFAOYSA-N,RHNVLFNWDGWACV,5.67,2008
417,O=C(CNC(=O)C(c1ccccc1)c1ccccc1)NN=Cc1cnccc1,RIABCKZFFZHIHH-UHFFFAOYSA-N,RIABCKZFFZHIHH,5.24,2008
418,CCOc1c(Cl)cc(CNc2ccc(N3CCCC3)cc2)cc1OC,RIFAGEDURJEQIZ-UHFFFAOYSA-N,RIFAGEDURJEQIZ,5.57,2008
419,O=C1NC(=O)N(Cc2ccc(F)cc2)C(=O)C1=Cc1ccc([N+](=O)[O-])s1,RIKBSDKJZWWSCZ-UHFFFAOYSA-N,RIKBSDKJZWWSCZ,5.13,2008
420,Cc1cc(OCCCc2c(C(=O)O)[nH]c3c2c(Cl)ccc3)ccc1Cl,RJBZTTIFZKOCJA-UHFFFAOYSA-N,RJBZTTIFZKOCJA,6.09,2013
421,Cc1cc(OCCCc2c(C(=O)NS(=O)(=O)CCOc3ccccc3)[nH]c3ccccc23)cc(C)c1Cl,RJSZFIHODLTGBK-UHFFFAOYSA-N,RJSZFIHODLTGBK,6.49,2016
422,Cc1cc(OCCCc2c(C(=O)O)[nH]c3c2cccc3-c2c(C)n(C)nc2COCCN(C)C)cc(C)c1Cl,RJTYTRDTYIOSFA-UHFFFAOYSA-N,RJTYTRDTYIOSFA,7.6,2017
423,Cc1cccc(-c2ccc(CC3NC(=O)N(C(Cc4ccccc4)C(=O)NS(=O)(=O)c4ccc(Cl)c([N+](=O)[O-])c4)C3=O)cc2)c1,RKJXISLZPZCUCS-UHFFFAOYSA-N,RKJXISLZPZCUCS,5.64,2015
424,CCOC(=O)c1c(CCCOc2cccc3c2cccc3)c2c(c(-c3c(COc4ccc(N5CCNCC5)cc4)n(C)nc3C)ccc2)n1CCN1CCOCC1,ROIUCPMHEWDTOL-UHFFFAOYSA-N,ROIUCPMHEWDTOL,8.309999999999999,2015
425,COc1ccc(C(=O)C=Cc2cc(Cl)c(O)c(OC)c2)cc1,ROIWJFVIDAOOLM-UHFFFAOYSA-N,ROIWJFVIDAOOLM,5.0,2016
426,CC(C)NC(=O)c1cc(Sc2ccc(C(C)C)cc2)cnc1O,RQXQJQQTUFIHKH-UHFFFAOYSA-N,RQXQJQQTUFIHKH,6.33,2013
427,CCCCN=C1C(=O)NC2=C1c1c3c2cccc3c(Oc2ccc(C(C)C)cc2)cc1,RRAOKGXYLVNIAW-UHFFFAOYSA-N,RRAOKGXYLVNIAW,6.85,2013
428,N#CC(=CC=Cc1ccccc1)C(=O)NCc1ccccc1,RUZVBNIIMZBGQA-UHFFFAOYSA-N,RUZVBNIIMZBGQA,6.256666666666667,2013
429,COc1ccc(S(=O)(=O)NC(=O)C(Cc2ccccc2)NC(=O)Cc2c(C)n(-c3ccc(-c4ccccc4)cc3)c3c2cc(OC)cc3)cc1,RVELPQFQFFFRHM-UHFFFAOYSA-N,RVELPQFQFFFRHM,6.06,2017
430,O=C(O)c1c(CCCOc2cccc3ccccc23)c2cccc3c2n1CCC[S+]3[O-],RWBITVLVWMQUOJ-UHFFFAOYSA-N,RWBITVLVWMQUOJ,7.13,2015
431,O=C(O)CSc1c(O)c2c(cccc2)c(NS(=O)(=O)c2ccccc2-c2ccccc2)c1,RXYYPYDPEDTDSR-UHFFFAOYSA-N,RXYYPYDPEDTDSR,5.69,2014
432,O=C(NS(=O)(=O)c1ccccc1)C(Cc1ccc(Br)cc1)N1C(=O)C(=Cc2ccc(-c3ccc(Cl)cc3)cc2)SC1=S,RYQDANONZXIWFO-UHFFFAOYSA-N,RYQDANONZXIWFO,7.18,2015
433,Cc1ccc(-c2ccc(OC3CNC(C(=O)NC(Cc4ccccc4)C(=O)NS(=O)(=O)c4cc([N+](=O)[O-])c(Cl)cc4)C3)cc2)cc1,RZBNTOGKGQMNSL-UHFFFAOYSA-N,RZBNTOGKGQMNSL,5.89,2017
434,O=C(O)c1c(CCCOc2cccc(C(F)(F)F)c2)c2c(cccc2)[nH]1,SACQHKZWXLVRKP-UHFFFAOYSA-N,SACQHKZWXLVRKP,5.77,2013
435,Cc1ccccc1N1C(=O)C(=Cc2cccc(OCc3ccc(C(=O)O)cc3)c2)SC1=S,SBUUWMLPOCXDGC-UHFFFAOYSA-N,SBUUWMLPOCXDGC,5.5,2015
436,CC(=NNC(=O)c1cc(NN=C(C)c2c(O)ccc(O)c2)ccc1)c1c(O)ccc(O)c1,SEHBGEMUSZFVRB-UHFFFAOYSA-N,SEHBGEMUSZFVRB,5.46,2008
437,CCN(CCO)c1nc(SC)nc2c1sc1c2c2c(CCC2)c(-c2ccco2)n1,SELHUGVIDVJWPG-UHFFFAOYSA-N,SELHUGVIDVJWPG,5.73,2008
438,CC(C)Oc1ccc(-c2cc(-c3ccc(OC(C)C)cc3OC(C)C)nc(C(=O)O)c2)cc1,SELRRIXOZGOHEF-UHFFFAOYSA-N,SELRRIXOZGOHEF,4.71,2018
439,CSc1nc(-c2ccco2)c(-c2ccco2)nn1,SERAYZIPJKSYSO-UHFFFAOYSA-N,SERAYZIPJKSYSO,4.99,2008
440,O=C(O)c1cc(-c2ccc(Oc3ccccc3)cc2)cc(-c2ccc([N+](=O)[O-])cc2)n1,SFGPPIKMMSYUSN-UHFFFAOYSA-N,SFGPPIKMMSYUSN,4.86,2018
441,CN(C)c1ccc(C=c2sc3nc(-c4ccccc4)nn3c2=O)cc1,SFKFPLPBBNOSPV-UHFFFAOYSA-N,SFKFPLPBBNOSPV,5.25,2008
442,CCC(=O)Nc1ccc(C(=O)COC(=O)c2nn3c(C)ccnc3n2)cc1,SFSXJSGHHBGQMI-UHFFFAOYSA-N,SFSXJSGHHBGQMI,5.06,2009
443,O=C(Nc1cc([N+](=O)[O-])c(F)cc1)c1cc2c(cc1)C(=O)OC2=O,SGBRISRXPKHZNB-UHFFFAOYSA-N,SGBRISRXPKHZNB,5.41,2008
444,N#Cc1c2ccc(NC(=O)c3ccc(F)cc3)cn2c2c1nc1ccccc1n2,SGKCULACOSUZRC-UHFFFAOYSA-N,SGKCULACOSUZRC,5.8,2008
445,CCCCN=C1C(=O)NC2=C1c1c3c2cccc3c(Sc2ccc(N)cc2)cc1,SGWMAESMAPTEEP-UHFFFAOYSA-N,SGWMAESMAPTEEP,6.16,2013
446,O=C(NN=Cc1ccncc1)c1c(O)c([N+](=O)[O-])cc([N+](=O)[O-])c1,SHLKDTBOZOTQLN-UHFFFAOYSA-N,SHLKDTBOZOTQLN,5.49,2008
447,Cc1cc(OCCCc2c(C(=O)Nc3cc(C(=O)O)ccn3)[nH]c3c2ccc(Cl)c3-c2c(C)n(C)nc2C)cc(C)c1Cl,SHNGAYOOGXWWIY-UHFFFAOYSA-N,SHNGAYOOGXWWIY,7.92,2018
448,CCOc1c2ccccc2c(C=C[N+](=O)[O-])cc1,SHTYEDHRCHTDDY-UHFFFAOYSA-N,SHTYEDHRCHTDDY,5.66,2008
449,O=C(O)c1ccc(-n2cccc2C=NNC(=O)c2cc3c(ccc(Br)c3)o2)cc1,SIFPICQLVICEFD-UHFFFAOYSA-N,SIFPICQLVICEFD,5.34,2008
450,Cc1cc(OCCCc2c3C(=O)N(c4cccc5c4n(C)cc5C(=O)O)CCCn3c3c2ccc(Cl)c3-c2c(C)n(C)nc2C)cc(C)c1Cl,SIUYYHMJPRXSEZ-UHFFFAOYSA-N,SIUYYHMJPRXSEZ,8.756666666666666,2018
451,O=C(O)c1cc(-c2ccc(Br)cc2)cc(-c2ccccc2)n1,SKVJSHOZHGDDLF-UHFFFAOYSA-N,SKVJSHOZHGDDLF,4.0,2018
452,Cc1c(-c2c(C)cc3c(C(C)C)c(O)c(O)c(C=NCCCC(=O)O)c3c2O)c(O)c2c(C=NCCCC(=O)O)c(O)c(O)c(C(C)C)c2c1,SLACVTBRGGXEOK-UHFFFAOYSA-N,SLACVTBRGGXEOK,7.03,2016
453,Cc1cc(OCCCc2c(C(=O)NS(=O)(=O)c3ccccc3)[nH]c3ccccc23)cc(C)c1Cl,SMGRUAFEHILHHU-UHFFFAOYSA-N,SMGRUAFEHILHHU,6.44,2016
454,COc1c2[nH]c(C(=O)O)c(C)c2ccc1,SNDRJHVKDDIAPY-UHFFFAOYSA-N,SNDRJHVKDDIAPY,5.55,2008
455,COc1ccc(-c2cnnc(NN=Cc3ccc(O)cc3)n2)cc1,SNLSIVQVKGPUOU-UHFFFAOYSA-N,SNLSIVQVKGPUOU,5.09,2008
456,O=C(C=Cc1cccc(C(F)(F)F)c1)Nc1ccc(C(=O)NS(=O)(=O)c2ccc(NCCSc3ccccc3)c([N+](=O)[O-])c2)cc1,SNSDYKQFGBFTKR-UHFFFAOYSA-N,SNSDYKQFGBFTKR,5.27,2016
457,O=C1NC(=S)NC(=O)C1=NNc1c([N+](=O)[O-])cc(-c2ccccc2)cc1,SNUSEFBDJKUCGR-UHFFFAOYSA-N,SNUSEFBDJKUCGR,5.32,2008
458,Cc1cc(OCCCc2c3C(=O)N(c4cn(C)c5ccc(C(=O)O)cc45)CCCn3c3c2ccc(Cl)c3-c2c(C)n(C)nc2C)cc(C)c1Cl,SNXZLJPTQJSGBF-UHFFFAOYSA-N,SNXZLJPTQJSGBF,9.718333333333334,2018
459,COc1cccc(NS(=O)(=O)c2cc3c(cc2)NC(c2ccc(C(=O)O)cc2)C2CC=CC32)c1,SOAFFYNTNJRBTG-UHFFFAOYSA-N,SOAFFYNTNJRBTG,5.175,2008
460,CCOC(=O)C1CCCN(c2ccc(NC(=O)c3c4nc(C)nc(O)c4ns3)cc2)C1,SOMRSGZDUWXXCH-UHFFFAOYSA-N,SOMRSGZDUWXXCH,5.28,2008
461,O=C(O)c1cc(N2N=C(C(F)(F)F)C(=CC=Cc3ccco3)C2=O)ccc1Cl,SOXPXFNHPPANGT-UHFFFAOYSA-N,SOXPXFNHPPANGT,5.33,2008
462,O=C(O)c1c(CCCOc2ccc(Cl)c3ccccc23)c2cccc3c2n1CCS3,SPYVTODDKXWTQY-UHFFFAOYSA-N,SPYVTODDKXWTQY,6.7,2015
463,O=C(O)c1cc(S(=O)(=O)NCc2ccccc2Cl)c2ccccc2c1O,SRCMPGMYNOFYLZ-UHFFFAOYSA-N,SRCMPGMYNOFYLZ,4.3,2016
464,CCOC(=O)COc1ccc2ccn(CCCOc3cc(C)c(Cl)c(C)c3)c2c1,SROGWNFOMIJWLG-UHFFFAOYSA-N,SROGWNFOMIJWLG,5.47,2017
465,Cc1cc(OCCCc2c(C(=O)NS(=O)(=O)c3ccccc3)[nH]c3c2cccc3-c2c(C)nccc2)cc(C)c1Cl,SSTFYXCIQVCBLV-UHFFFAOYSA-N,SSTFYXCIQVCBLV,7.85,2016
466,O=C(O)COc1ccc2ccn(CCCOc3ccc(Cl)cc3)c2c1,SUQSBBNONUZHRP-UHFFFAOYSA-N,SUQSBBNONUZHRP,4.89,2017
467,O=C(O)CSc1c(O)c2c(cccc2)c(NS(=O)(=O)c2ccc(F)cc2)c1,SVMSPCODNMIVPY-UHFFFAOYSA-N,SVMSPCODNMIVPY,5.37,2014
468,Cc1cc(OCCCc2c(C(=O)Nc3ccc(C(=O)O)cc3)[nH]c3c2ccc(Cl)c3-c2c(C)n(C)nc2C)cc(C)c1Cl,SWKNMXYCUSMXEK-UHFFFAOYSA-N,SWKNMXYCUSMXEK,7.66,2018
469,COc1ccccc1N1C(=O)C(=Cc2ccc(OCc3ccc(C(=O)O)cc3)cc2)SC1=S,SYALXDPIEWWOEL-UHFFFAOYSA-N,SYALXDPIEWWOEL,5.41,2015
470,Cc1cc(Cn2c(-c3ccccc3)nc3c(cc(O)c(O)c3O)c2=O)c(O)cc1,SYEGIOUDEHFYQT-UHFFFAOYSA-N,SYEGIOUDEHFYQT,6.91,2013
471,CC(C)(C)c1ccc(SCCCn2ccc3ccc(OCC(=O)O)cc32)cc1,TVIUZQGHGQCARY-UHFFFAOYSA-N,TVIUZQGHGQCARY,5.62,2017
472,O=C(Nc1ccc(C(=O)NS(=O)(=O)c2ccc(NCCSc3ccccc3)c([N+](=O)[O-])c2)cc1)c1ccccc1,TVPSJQIEGFPHDV-UHFFFAOYSA-N,TVPSJQIEGFPHDV,5.17,2012
473,O=C(O)COc1ccc(C=NNC(=O)c2ccc(-c3csc(Nc4ccc(Cl)cc4)n3)cc2)cc1,TXWSATBBJRPVTL-UHFFFAOYSA-N,TXWSATBBJRPVTL,6.05,2008
474,Cc1c(C)cc(NC(=O)CN2C(=O)SC(=Cc3ccc(-c4c(C)ccc(C(=O)O)c4)o3)C2=O)cc1,TXXAYCBWDDMQLU-UHFFFAOYSA-N,TXXAYCBWDDMQLU,5.69,2008
475,Cc1ccc(-c2cc(-c3ccccc3)c3c(N)ncnc3n2)cc1,TYHSPMPGRFODKV-UHFFFAOYSA-N,TYHSPMPGRFODKV,5.54,2008
476,O=C(O)c1cccc(NC2=C(Cl)C(=O)c3c(cccc3)C2=O)c1,TYLPTGMQARBNQU-UHFFFAOYSA-N,TYLPTGMQARBNQU,5.44,2008
477,COc1ccc(-n2cccc2C=C2C(=N)N3N=C(c4ccco4)SC3=NC2=O)cc1,TYNJPKWWVKKUQA-UHFFFAOYSA-N,TYNJPKWWVKKUQA,5.01,2008
478,Cc1cc(OCCCn2c(C(=O)N(C)C)cc3ccc(OCc4ccccc4C(=O)O)cc32)cc(C)c1Cl,TYXDVFHSCBAALD-UHFFFAOYSA-N,TYXDVFHSCBAALD,6.24,2017
479,CCOc1ccc(NC(=O)N(CCN2CCOCC2)Cc2cc3c(cc2)N(CC)CCC3)cc1,TZJIPJWKVRVWBR-UHFFFAOYSA-N,TZJIPJWKVRVWBR,6.07,2008
480,Cc1c2cc(O)c(=O)cc-2oc2c1cc(O)c(O)c2,TZVNNUHRZXQCHM-UHFFFAOYSA-N,TZVNNUHRZXQCHM,5.27,2008
481,Cc1ccc(CC(=O)NC(Cc2ccc(OCc3ccc(-c4ccccc4)cc3)cc2)C(=O)NS(=O)(=O)c2ccc(NCCCc3ccccc3)c([N+](=O)[O-])c2)cc1,UAGNHVFBJJUWLW-UHFFFAOYSA-N,UAGNHVFBJJUWLW,6.72,2018
482,O=C(Cc1cc(O)c(O)c(O)c1)NCc1ccc(C(=O)N2CCN(Cc3ccccc3-c3ccccc3)CC2)cc1,UAXMDMPPRIUNLT-UHFFFAOYSA-N,UAXMDMPPRIUNLT,6.75,2016
483,COC(=O)CN=Cc1c2c(O)c(-c3c(C)cc4c(C(C)C)c(O)c(O)c(C=NC(=O)OC)c4c3O)c(C)cc2c(C(C)C)c(O)c1O,UBAPMKADBUUOTN-UHFFFAOYSA-N,UBAPMKADBUUOTN,6.56,2016
484,COc1ccc(OCCCn2c(C(N)=O)cc3ccc(OCC(=O)O)cc32)cc1,UBMFQQZRJUNWES-UHFFFAOYSA-N,UBMFQQZRJUNWES,5.11,2017
485,CC(C)c1ccc(Oc2ccc3c(=C(C#N)C#N)c(=O)c4cccc2c43)cc1,UDVBMMDZBKGNTP-UHFFFAOYSA-N,UDVBMMDZBKGNTP,5.43,2013
486,CCC(CC)C(=O)NCCS(=O)(=O)NC(=O)c1c(CCCOc2cc(C)c(Cl)c(C)c2)c2c(cc(Cl)cc2)[nH]1,UDWGSSPXSAXPBO-UHFFFAOYSA-N,UDWGSSPXSAXPBO,7.8,2016
487,CC(C)c1ccc(-n2nc(C(=O)O)cc2-c2ccc(OCc3ccccc3)cc2)cc1,UENGMGNNNAYDNG-UHFFFAOYSA-N,UENGMGNNNAYDNG,6.65,2016
488,O=C(C=Cc1ccc(C(F)(F)F)cc1)Nc1ccc(C(=O)NS(=O)(=O)c2ccc(NCCSc3ccccc3)c([N+](=O)[O-])c2)cc1,UFAJKVWLOKHZLD-UHFFFAOYSA-N,UFAJKVWLOKHZLD,5.77,2016
489,NC(=O)c1cc2c(cc(OCC(=O)O)cc2)n1CCCOc1cccc2ccccc12,UFFRQRIVSNLQQG-UHFFFAOYSA-N,UFFRQRIVSNLQQG,4.99,2017
490,Cc1cc(OCCCc2c(C(=O)NS(=O)(=O)CCNC(=O)C(F)(F)F)[nH]c3cc(Cl)ccc23)cc(C)c1Cl,UFJRDUXURXDSQI-UHFFFAOYSA-N,UFJRDUXURXDSQI,6.94,2016
491,Cc1ccc(-c2ccc(OC3CC(C(=O)NC(Cc4ccccc4)C(=O)NS(=O)(=O)c4ccc(C)cc4)N(C(=O)OC(C)(C)C)C3)cc2)cc1,UGCSLJKFNAYTSO-UHFFFAOYSA-N,UGCSLJKFNAYTSO,5.72,2015
492,CC(C)c1ccc(O)c(Cn2c(-c3ccccc3)nc3c(cc(O)c(O)c3O)c2=O)c1,UGGKGLCTXKBKQS-UHFFFAOYSA-N,UGGKGLCTXKBKQS,6.21,2013
493,CCC(=O)NCCS(=O)(=O)NC(=O)c1c(CCCOc2cc(C)c(Cl)c(C)c2)c2c(cc(Cl)cc2)[nH]1,UGYTUHFXEWCFQO-UHFFFAOYSA-N,UGYTUHFXEWCFQO,7.06,2016
494,Cc1cc(OCCCc2c(C(=O)NCc3cc(C(=O)O)ccc3)[nH]c3c2ccc(Cl)c3-c2c(C)n(C)nc2C)cc(C)c1Cl,UIEBFHMSKKNVIG-UHFFFAOYSA-N,UIEBFHMSKKNVIG,7.345000000000001,2018
495,Cc1cc(OCCCc2c(C(=O)NS(=O)(=O)CCNC(=O)c3cccn3C)[nH]c3ccccc23)cc(C)c1Cl,UIHPPEAWUFEMKF-UHFFFAOYSA-N,UIHPPEAWUFEMKF,7.05,2016
496,O=C1N=C2C(=C1NCCCc1ccccc1)c1ccc(N3CCSCC3)c3cccc2c13,UIMDYSCARYVYQT-UHFFFAOYSA-N,UIMDYSCARYVYQT,7.82,2013
497,Cc1cc(OCCCc2c(C(=O)Nc3cc(C(=O)O)cnc3)[nH]c3c2ccc(Cl)c3-c2c(C)n(C)nc2C)cc(C)c1Cl,UJBDBUQHMJYLGN-UHFFFAOYSA-N,UJBDBUQHMJYLGN,7.314999999999999,2018
498,CC(C)Oc1ccc(-c2cc(C(=O)O)nn2-c2ccccc2)cc1,UKGNVPWMQUQOGC-UHFFFAOYSA-N,UKGNVPWMQUQOGC,5.44,2016
499,Cc1cc(OCCCc2c(C(=O)NC(C)(C)C)[nH]c3ccccc23)cc(C)c1Cl,ULBIMQZBSJJTLE-UHFFFAOYSA-N,ULBIMQZBSJJTLE,6.0,2015
500,c1ccc2c(CSc3n[nH]cn3)cccc2c1,ULTUFXIBAOPILK-UHFFFAOYSA-N,ULTUFXIBAOPILK,4.07,2013
501,Cc1cc2c(c(O)c1-c1c(O)c3c(cc1C)c(C(C)C)c(O)c(O)c3C=O)c(C=O)c(O)c(O)c2C,UMHZWCFXZIHUEL-UHFFFAOYSA-N,UMHZWCFXZIHUEL,6.28,2018
502,Cc1cc(OCCCc2c(C(=O)NS(=O)(=O)c3ccccc3)[nH]c3cc(Cl)ccc23)cc(C)c1Cl,UPSTZIYEYCDOAV-UHFFFAOYSA-N,UPSTZIYEYCDOAV,7.04,2016
503,CC(C)c1ccc(Oc2ccc3C4=C(NC(=O)C4=NCCCc4ccccc4)c4cccc2c43)cc1,UQGNXYDWNJQPQF-UHFFFAOYSA-N,UQGNXYDWNJQPQF,7.41,2013
504,C=C(c1ccc(C(=O)NS(=O)(=O)c2ccc(NCCSc3ccccc3)c([N+](=O)[O-])c2)cc1)c1c(C)cc2c(c1)C(C)(C)CCC2(C)C,UQOYPUQPZRJYPK-UHFFFAOYSA-N,UQOYPUQPZRJYPK,7.22,2016
505,COc1ccc(Sc2ccc3C4=C(C#N)C(=O)N=C4c4cccc2c43)cc1,UQVOXUZIGHRSOD-UHFFFAOYSA-N,UQVOXUZIGHRSOD,6.615,2011
506,O=C(CC(Sc1ccc(Cl)cc1)C(=O)O)c1ccc(C2CCCCC2)cc1,UTDWHKHTQVYLAL-UHFFFAOYSA-N,UTDWHKHTQVYLAL,4.885,2014
507,COc1ccc(C(=O)Nc2ccc(C(=O)NS(=O)(=O)c3ccc(NCCSc4ccccc4)c([N+](=O)[O-])c3)cc2)cc1,UXKLXWUPKCCRON-UHFFFAOYSA-N,UXKLXWUPKCCRON,5.51,2012
508,O=C(O)c1cc(S(=O)(=O)N2CCN(Cc3ccccc3)CC2)c2ccccc2c1O,UZSDKWNQNYWAPK-UHFFFAOYSA-N,UZSDKWNQNYWAPK,5.47,2016
509,O=C(O)CSc1cc(CNS(=O)(=O)c2ccccc2)c2ccccc2c1O,VCEMSHYQQJQCOX-UHFFFAOYSA-N,VCEMSHYQQJQCOX,4.19,2014
510,Cc1cc(OCCCn2c(C(=O)N3CCCCC3)cc3ccc(OCc4ccccc4C(=O)O)cc32)cc(C)c1Cl,VCLWBHSWYDTQJD-UHFFFAOYSA-N,VCLWBHSWYDTQJD,6.7,2017
511,O=C(O)c1c(CCCOc2ccccc2)c2c(cccc2)[nH]1,VHWIMNXKIKSFJQ-UHFFFAOYSA-N,VHWIMNXKIKSFJQ,4.46,2013
512,COc1c(-c2ccc(O)cc2)oc2c(c(O)cc(O)c2)c1=O,VJJZJBUCDWKPLC-UHFFFAOYSA-N,VJJZJBUCDWKPLC,5.27,2009
513,Cc1ccc2c(C)c(C(=O)O)oc2c1C,VJKQDNBXKMSKKV-UHFFFAOYSA-N,VJKQDNBXKMSKKV,3.67,2013
514,Cc1cc(OCCCn2ccc3c2cccc3OCc2ccccc2C(=O)O)cc(C)c1Cl,VJKUDDOPPPACMV-UHFFFAOYSA-N,VJKUDDOPPPACMV,6.85,2017
515,COc1ccc(NC(=O)Cc2c(SC)c3c(cccc3)n2Cc2ccccc2)cc1,VJMHLVJMZJVISJ-UHFFFAOYSA-N,VJMHLVJMZJVISJ,5.21,2008
516,Cc1c(C(=O)O)n2CCOc3cccc1c32,VJMSVWADLPRVOE-UHFFFAOYSA-N,VJMSVWADLPRVOE,4.75,2015
517,Cc1cc(OCCCc2c(C(=O)NS(=O)(=O)c3cc(NC4Cc5c(cccc5)C4)ncc3)[nH]c3c2ccc(Cl)c3-c2c(C)n(C)nc2C)cc(C)c1Cl,VJULYCPFGCLEOF-UHFFFAOYSA-N,VJULYCPFGCLEOF,8.105,2016
518,O=[N+]([O-])c1c(O)ccc(S(=O)(=O)c2cc([N+](=O)[O-])c(O)cc2)c1,VKCVEIUNYZTNAK-UHFFFAOYSA-N,VKCVEIUNYZTNAK,5.225,2008
519,Cc1cc(OCCCc2c3C(=O)N(Cc4cc(C(=O)O)ccc4)CCCn3c3c2cccc3-c2c(C)n(C)nc2C)cc(C)c1Cl,VMBSCFPYXBSHSU-UHFFFAOYSA-N,VMBSCFPYXBSHSU,7.68,2018
520,O=C(O)COc1c(C(Nc2ncccc2)c2cc(Cl)c3cccnc3c2O)cccc1,VMEDTSNKTYMQLG-UHFFFAOYSA-N,VMEDTSNKTYMQLG,5.69,2008
521,Cc1cc(OCCCc2c(C(=O)NS(=O)(=O)c3cc(NCCC(C)C)ncc3)[nH]c3c2ccc(Cl)c3-c2c(C)n(C)nc2C)cc(C)c1Cl,VNLUUSGOJIHLES-UHFFFAOYSA-N,VNLUUSGOJIHLES,7.5,2016
522,Cc1c(-c2ccccc2)c(=O)c2c(o1)c(CC(C)C)c(O)c(O)c2O,VOKVHQWUUIPROY-UHFFFAOYSA-N,VOKVHQWUUIPROY,6.4,2007
523,N#CC1=C2C(=NC1=O)c1cccc3cccc2c13,VQYSTSIAUDPRJH-UHFFFAOYSA-N,VQYSTSIAUDPRJH,5.74,2013
524,Cc1cc(OCCCc2c(C(=O)O)n3CCCSc4cccc2c43)cc(C)c1Cl,VTXXZVJSZRWWRU-UHFFFAOYSA-N,VTXXZVJSZRWWRU,7.4,2015
525,CCC(C)c1ccc(Oc2ccc3C4=C(C#N)C(=O)N=C4c4cccc2c43)cc1,VTYCCCCZIPADRN-UHFFFAOYSA-N,VTYCCCCZIPADRN,7.62,2011
526,Cc1cc(OCCCn2c(C(N)=O)cc3ccc(OCc4ccccc4C(=O)O)cc32)cc(C)c1Cl,VUDNYXCCWOOPAN-UHFFFAOYSA-N,VUDNYXCCWOOPAN,6.02,2017
527,CCCCN=C1C(=O)NC2=C1c1c3c2cccc3c(N2CCSCC2)cc1,VWXKRYCZXIHSPX-UHFFFAOYSA-N,VWXKRYCZXIHSPX,7.1,2013
528,O=C(Nc1c(O)c(O)c(O)cc1C(=O)NCc1ccccc1)c1ccccc1,VYQFVFZWQVNTIH-UHFFFAOYSA-N,VYQFVFZWQVNTIH,5.55,2013
529,O=C(O)CSc1cc(NC(=O)Cc2ccccc2)c2ccccc2c1O,VYYAFYBWFONMEO-UHFFFAOYSA-N,VYYAFYBWFONMEO,4.23,2014
530,O=C(O)c1cc(-c2ccc(Oc3ccccc3)cc2)cc(-c2ccc(Br)cc2)n1,VZMVDWYUXQOFSD-UHFFFAOYSA-N,VZMVDWYUXQOFSD,5.13,2018
531,CC(C)CC(C(=O)O)N1C(=O)SC(=Cc2ccc(Br)cc2)C1=O,VZVZIGAVPCELGA-UHFFFAOYSA-N,VZVZIGAVPCELGA,5.06,2018
532,NC(=O)CSc1cc(NS(=O)(=O)c2ccc(Br)cc2)c2ccccc2c1O,WBAIUBIBYMOTDJ-UHFFFAOYSA-N,WBAIUBIBYMOTDJ,5.77,2014
533,O=C(C=Cc1ccccc1Cl)Nc1ccc(C(=O)NS(=O)(=O)c2ccc(NCCSc3ccccc3)c([N+](=O)[O-])c2)cc1,WCCURKPGTWDEPT-UHFFFAOYSA-N,WCCURKPGTWDEPT,4.85,2016
534,O=C(O)c1cc(-c2ccc(Oc3ccccc3)cc2)cc(-c2ccc(OCc3ccccc3)cc2)n1,WCPMTSQKPRRBAT-UHFFFAOYSA-N,WCPMTSQKPRRBAT,5.21,2018
535,Cc1ccc(S(=O)(=O)NC(=O)C(Cc2ccc(Br)cc2)NC(=O)C2CC(Oc3ccc(-c4ccccc4)cc3)CN2C(=O)OC(C)(C)C)cc1,WDPPIULNYFKXCG-UHFFFAOYSA-N,WDPPIULNYFKXCG,6.0,2015
536,O=C(O)CSc1cc(NS(=O)(=O)c2ccc(-c3ccccc3)cc2)c2ccccc2c1O,WDSIRVXGKDXLAU-UHFFFAOYSA-N,WDSIRVXGKDXLAU,6.43,2014
537,O=C(O)c1c(CCCOc2cccc3c2cccc3)c2c(cccc2)s1,WEKMYYBVUYSISQ-UHFFFAOYSA-N,WEKMYYBVUYSISQ,6.43,2013
538,COc1c(OC)cc(-c2ccc(C=C3SC(=S)N(C(Cc4ccccc4)C(=O)O)C3=O)cn2)cc1,WFBYCFBFDTYHFO-UHFFFAOYSA-N,WFBYCFBFDTYHFO,5.05,2010
539,O=C(O)CSc1cc(NC(=O)c2ccc(Br)cc2)c2ccccc2c1O,WGECEUMJFKYEIB-UHFFFAOYSA-N,WGECEUMJFKYEIB,4.4,2014
540,CCCOc1ccc(CC(NC(=O)C2CC(Oc3ccc(-c4ccccc4)cc3)CN2C(=O)OC(C)(C)C)C(=O)NS(=O)(=O)c2ccc([N+](=O)[O-])cc2)cc1,WHFMFGWHYWHKIT-UHFFFAOYSA-N,WHFMFGWHYWHKIT,5.33,2017
541,Cc1cc(Oc2ccc(C=C3SC(=O)N(C(Cc4ccccc4)C(=O)O)C3=O)cc2)cc(C)c1Cl,WHQCEBGRPIFZAW-UHFFFAOYSA-N,WHQCEBGRPIFZAW,6.435,2018
542,CCCCCCN=C1C(=O)NC2=C1c1c3c2cccc3c(N2CCSCC2)cc1,WIAHPNNINQUXBH-UHFFFAOYSA-N,WIAHPNNINQUXBH,7.43,2013
543,Cc1ccccc1Oc1ccc2C3=C(C#N)C(=O)N=C3c3cccc1c32,WJGYEKOJLFTYIV-UHFFFAOYSA-N,WJGYEKOJLFTYIV,6.67,2011
544,O=C(O)c1c(CCCOc2cccc3ccccc23)c2cccc3c2n1CCCS3,WLXWGKQBHKCGOD-UHFFFAOYSA-N,WLXWGKQBHKCGOD,6.77,2015
545,Cc1cc(OCCCc2c(C(=O)NS(=O)(=O)CCCNC3CCCCC3)[nH]c3ccccc23)cc(C)c1Cl,WMIOYNQNQYGUDR-UHFFFAOYSA-N,WMIOYNQNQYGUDR,5.99,2016
546,O=C(O)c1c(CCCOc2c3CCCCc3ccc2)c2cccc3c2n1CCS3,WOGLKUSZJCJORI-UHFFFAOYSA-N,WOGLKUSZJCJORI,6.82,2015
547,COc1ccc(C(=O)C=Cc2cc(Cl)c(O)c(F)c2)cc1,WOMYXBNEVFFRQK-UHFFFAOYSA-N,WOMYXBNEVFFRQK,5.16,2016
548,O=C(O)CSc1cc(NS(=O)(=O)c2ccccc2)c2ccccc2c1O,WOOMMHUHOYPAOS-UHFFFAOYSA-N,WOOMMHUHOYPAOS,5.45,2014
549,O=C(O)c1c(CCCOc2cccc3ccccc23)c2c3c(ccc2)S(=O)(=O)CCn13,WOYADNGUIJORMA-UHFFFAOYSA-N,WOYADNGUIJORMA,7.06,2015
550,O=C(O)C1C=CC2CC3C(CCCc4ccc(O)c(O)c4)C4C=CC1C2C43,WRFCXWWPRNBPHO-UHFFFAOYSA-N,WRFCXWWPRNBPHO,5.28,2014
551,O=C(O)CSc1cc(NS(=O)(=O)c2ccc(Br)cc2)c2ccccc2c1O,WUGANDSUVKXMEC-UHFFFAOYSA-N,WUGANDSUVKXMEC,6.3675,2014
552,O=C(NS(=O)(=O)c1ccccc1)C(Cc1ccc(Br)cc1)N1C(=O)C(=Cc2ccc(-c3ccc([N+](=O)[O-])cc3)cc2)SC1=S,WVYGCYJTGGCNTL-UHFFFAOYSA-N,WVYGCYJTGGCNTL,7.07,2015
553,COc1ccc(S(=O)(=O)Nc2cc(SCC(=O)O)c(O)c3ccccc23)cc1,WWPDFQGBFIREKS-UHFFFAOYSA-N,WWPDFQGBFIREKS,5.03,2014
554,O=C(O)CSc1cc(NC(=O)Cc2ccc(Cl)cc2)c2ccccc2c1O,WXCKSSLPEMHARN-UHFFFAOYSA-N,WXCKSSLPEMHARN,4.9,2014
555,Cc1cc(OCCCn2ccc3ccc(OCc4cccc(C(=O)O)c4)cc32)cc(C)c1Cl,WYAHBTJBOXJLSZ-UHFFFAOYSA-N,WYAHBTJBOXJLSZ,6.13,2017
556,N#CC(C#N)=c1c(=O)c2cccc3cccc1c32,WYZUQHDRPNJOCG-UHFFFAOYSA-N,WYZUQHDRPNJOCG,4.5975,2013
557,Cc1cc(Oc2ccc(C=C3SC(=O)N(C(CC(C)C)C(=O)O)C3=O)cc2Br)cc(C)c1Cl,XAAIWTRXLSKYEX-UHFFFAOYSA-N,XAAIWTRXLSKYEX,6.1,2018
558,CC1CN(C(C)C(=O)O)C(=O)c2c(OC1CN(C)C(=O)Nc1ccc(C(F)(F)F)cc1)c(NS(=O)(=O)c1ccc(F)cc1)ccc2,XAEPMFMCFFIZDH-UHFFFAOYSA-N,XAEPMFMCFFIZDH,5.47,2014
559,Cc1cc(OCCCc2c(C(=O)NS(=O)(=O)CCNC(=O)C3Cc4c(cccc4)N3)[nH]c3cc(Cl)ccc23)cc(C)c1Cl,XCGQNVFQNMUDAL-UHFFFAOYSA-N,XCGQNVFQNMUDAL,7.445,2016
560,CC(C)c1ccc(Sc2ccc3C4=C(C#N)C(=O)N=C4c4cccc2c43)cc1,XDEBKMIEFZVMFB-UHFFFAOYSA-N,XDEBKMIEFZVMFB,7.09,2011
561,CC(C)Oc1ccc(C(=O)Nc2c(-c3ccc(OC(C)C)cc3)n(-c3ccc(Oc4ccccc4)cc3)nc2C(=O)O)cc1,XMMSWQSSUYVMCR-UHFFFAOYSA-N,XMMSWQSSUYVMCR,6.6850000000000005,2016
562,Cc1cc(OCCCn2ccc3cc(OCc4c(C(=O)O)cccc4)ccc32)cc(C)c1Cl,XNENLWGUIGBLAZ-UHFFFAOYSA-N,XNENLWGUIGBLAZ,6.96,2017
563,CC(=O)c1c(N)c2c(nc(-c3ccco3)cc2)s1,XOKDKVMZWSGZTD-UHFFFAOYSA-N,XOKDKVMZWSGZTD,5.69,2008
564,Cc1ccc(C=c2sc3nc(-c4ccco4)nn3c2=O)o1,XOKLBVZTIPFGLZ-UHFFFAOYSA-N,XOKLBVZTIPFGLZ,5.34,2008
565,COC(=O)c1c(Oc2cc(C)cc(O)c2C(=O)O)c(OC)cc(O)c1,XOKVHFNTYHPEHN-UHFFFAOYSA-N,XOKVHFNTYHPEHN,5.44,2008
566,O=C(O)c1c(CCCOc2cccc3ccccc23)c2cccc3c2n1CCC3,XOMAOOTVWOCYAD-UHFFFAOYSA-N,XOMAOOTVWOCYAD,6.51,2015
567,Cc1cc(OCCCn2ccc3cc(OCC(=O)O)ccc32)cc(C)c1Cl,XOMMZYOXBXSAAC-UHFFFAOYSA-N,XOMMZYOXBXSAAC,5.83,2017
568,O=[N+]([O-])c1ccc2[nH]c(O)c(N=NC(=S)Nc3cnccc3)c2c1,XOUABXCGDZWGCY-UHFFFAOYSA-N,XOUABXCGDZWGCY,5.2,2008
569,CC(C)(C)c1ccc(OCCCn2c(C(=O)N3CCCCC3)cc3ccc(OCc4ccccc4C(=O)O)cc32)cc1,XOWXHFVXESDNAX-UHFFFAOYSA-N,XOWXHFVXESDNAX,6.44,2017
570,CCOc1ccc(N2C(=O)SC(=Cc3cc(OC)c(O)cc3)C2=O)cc1,XPDLBMFYTFUHOC-UHFFFAOYSA-N,XPDLBMFYTFUHOC,5.59,2008
571,Cc1cc(OCCCn2ccc3cc(OCc4cc(C(=O)O)ccc4)ccc32)cc(C)c1Cl,XQBCHYWCZPYLGN-UHFFFAOYSA-N,XQBCHYWCZPYLGN,6.7,2017
572,O=C(O)c1cc(-c2ccc(Br)cc2)cc(-c2ccc(OCc3ccccc3)cc2)n1,XQTNVLICJURIFW-UHFFFAOYSA-N,XQTNVLICJURIFW,5.12,2018
573,N#CC1=C(O)c2cccc3c(Sc4ccc(Br)cc4)ccc(c23)C1=NCCC(=O)O,XQVKECVZEAUASD-UHFFFAOYSA-N,XQVKECVZEAUASD,6.82,2018
574,Cc1cc(OCCCc2c(C(=O)NS(=O)(=O)c3ccc(C(=O)NCc4ccncc4)o3)[nH]c3c2ccc(Cl)c3-c2c(C)n(C)nc2C)cc(C)c1Cl,XUOWHTUFGDRCCK-UHFFFAOYSA-N,XUOWHTUFGDRCCK,7.885,2016
575,Cc1cc(OCCCn2ccc3ccc(OCc4ccc(C(=O)O)cc4)cc32)cc(C)c1Cl,XVLWTNHMSONXMO-UHFFFAOYSA-N,XVLWTNHMSONXMO,5.92,2017
576,CN(C)c1ccc(Sc2ccc3C4=C(C#N)C(=O)N=C4c4cccc2c43)cc1,XVVZVKUEVUGNGO-UHFFFAOYSA-N,XVVZVKUEVUGNGO,7.04,2011
577,Cc1cc(OCCCc2c(C(=O)O)n3CCSc4cccc2c43)ccc1Cl,XWIOEODLFVLVCY-UHFFFAOYSA-N,XWIOEODLFVLVCY,6.68,2015
578,CCCCNC(=O)c1cc(Sc2ccc(C(C)C)cc2)cnc1O,XWWLAIWNGYBKGZ-UHFFFAOYSA-N,XWWLAIWNGYBKGZ,6.65,2013
579,CCCCCCN=C1C(=O)NC2=C1c1c3c2cccc3c(Oc2ccc(C(C)C)cc2)cc1,XWZAPHLZFDMUHL-UHFFFAOYSA-N,XWZAPHLZFDMUHL,5.973333333333333,2013
580,Cc1cc(OCCCc2c3C(=O)N(Cc4cc(C(=O)O)ccn4)CCCn3c3c2ccc(Cl)c3-c2c(C)n(C)nc2C)cc(C)c1Cl,XXBUSBDYQLJUJO-UHFFFAOYSA-N,XXBUSBDYQLJUJO,8.440000000000001,2018
581,Cc1cc(OCCCc2c(C(=O)NS(=O)(=O)CCNC(=O)c3cccn3Cc3ccccc3)[nH]c3ccccc23)cc(C)c1Cl,XYARBKYHURJQAV-UHFFFAOYSA-N,XYARBKYHURJQAV,6.83,2016
582,Cc1c(Cl)c(C)cc(OCCCc2c(C(=O)O)n(C)c3ccccc23)c1,XYIJQMZUCQCNMO-UHFFFAOYSA-N,XYIJQMZUCQCNMO,6.75,2013
583,N#Cc1cc(Sc2ccc(Br)cc2)cnc1O,XZDDUSYCXVNIMR-UHFFFAOYSA-N,XZDDUSYCXVNIMR,5.32,2013
584,O=C(NS(=O)(=O)c1ccc([N+](=O)[O-])cc1)C(Cc1ccc(Br)cc1)N1C(=O)C(=Cc2ccc(-c3ccc(Cl)cc3)cc2)SC1=S,XZEBFHCFALOIHZ-UHFFFAOYSA-N,XZEBFHCFALOIHZ,7.2,2015
585,O=C(O)c1cc(-c2ccc(Oc3ccccc3)cc2)cc(-c2cc(Br)ccc2)n1,YAAHHSJUPLEKIZ-UHFFFAOYSA-N,YAAHHSJUPLEKIZ,5.07,2018
586,Cc1ccc2c(c1Cl)NC(C(=O)O)C1CC(Sc3c([N+](=O)[O-])cccc3)C(Cl)C21,YCLFNFMIGLHWRQ-UHFFFAOYSA-N,YCLFNFMIGLHWRQ,5.53,2008
587,C=CCN=c1scc(-c2ccco2)n1N=Cc1ccc(O)c(O)c1O,YEIYHBVAYULOAK-UHFFFAOYSA-N,YEIYHBVAYULOAK,5.54,2008
588,CC(C)COc1ccc(C(=O)Nc2c(-c3ccc(OC(C)C)cc3)n(-c3ccc(Oc4ccccc4)cc3)nc2C(=O)O)cc1,YFJFMRRMGIOCHI-UHFFFAOYSA-N,YFJFMRRMGIOCHI,6.14,2016
589,COc1cc(C(=O)C=Cc2ccc(O)cc2)c(O)c(OC)c1OC,YFQLECWROJYRNO-UHFFFAOYSA-N,YFQLECWROJYRNO,4.4,2016
590,CCOc1ccc(-c2c(NC(=O)c3ccc(OC(C)C)cc3)c(C(=O)O)nn2-c2ccc(Oc3ccccc3)cc2)cc1,YGMNUAIEAAWEDE-UHFFFAOYSA-N,YGMNUAIEAAWEDE,7.09,2016
591,O=C(O)c1cc(S(=O)(=O)Nc2ccc([N+](=O)[O-])cc2)c2ccccc2c1O,YHDHWPVJOCLGIE-UHFFFAOYSA-N,YHDHWPVJOCLGIE,5.35,2016
592,O=C(O)c1c(CCc2cccc3ccccc23)c2c(cccc2)s1,YHJPBXFIHDAQRI-UHFFFAOYSA-N,YHJPBXFIHDAQRI,4.9,2013
593,Cc1cc(OCCCc2c3C(=O)N(c4cc5c(ccn5C)c(C(=O)O)c4)CCCn3c3c2cc(Cl)cc3-c2c(C)n(C)nc2C)cc(C)c1Cl,YKAUGUHUXAGYDB-UHFFFAOYSA-N,YKAUGUHUXAGYDB,7.03,2018
594,CC(C)Oc1ccc(-c2cc(C(=O)O)nn2-c2ccc(Oc3ccccc3)cc2)cc1,YMZIQERIFKUTOB-UHFFFAOYSA-N,YMZIQERIFKUTOB,6.43,2016
595,CCc1ccc(S(=O)(=O)Nc2cc(SCC(=O)O)c(O)c3ccccc23)cc1,YNKXUMMWJICJAZ-UHFFFAOYSA-N,YNKXUMMWJICJAZ,5.81,2014
596,O=C(O)c1c(CCCOc2cccc(-c3ccccc3)c2)c2c(cccc2)[nH]1,YQMRSDVXHLCEEI-UHFFFAOYSA-N,YQMRSDVXHLCEEI,5.11,2013
597,Cc1cc(OCCCc2c(C(=O)NS(=O)(=O)CCNS(=O)(=O)C3CCCCC3)[nH]c3ccccc23)cc(C)c1Cl,YQRMKSWXESHNSY-UHFFFAOYSA-N,YQRMKSWXESHNSY,6.6,2016
598,Cc1cc(OCCCn2ccc3ccc(C(=O)O)cc32)cc(C)c1Cl,YRJHHCYWQVFPEX-UHFFFAOYSA-N,YRJHHCYWQVFPEX,5.52,2017
599,Cc1cc(OCCCc2c(C(=O)NS(=O)(=O)CCNC(=O)C(C)C)[nH]c3cc(Cl)ccc23)cc(C)c1Cl,YTGNUHNSSYYFLS-UHFFFAOYSA-N,YTGNUHNSSYYFLS,7.18,2016
600,O=C(O)COc1ccc2ccn(CCCOc3ccc(Oc4ccccc4)cc3)c2c1,YTIREQGJPWYZLM-UHFFFAOYSA-N,YTIREQGJPWYZLM,5.49,2017
601,Cc1cc(OCCCc2c3C(=O)N(c4cn(C)c5cc(C(=O)O)ccc45)CCCn3c3c2ccc(Cl)c3-c2c(C)n(C)nc2C)cc(C)c1Cl,YTOHMGKVIJYDIR-UHFFFAOYSA-N,YTOHMGKVIJYDIR,9.41,2018
602,Cc1cc(OCCCc2c(C(=O)NS(=O)(=O)CCNC(=O)Cc3cn(C)c4c3cccc4)[nH]c3ccccc23)cc(C)c1Cl,YTZZBFCCNZESCZ-UHFFFAOYSA-N,YTZZBFCCNZESCZ,6.53,2016
603,Cc1c(-c2cccc3c2[nH]c(C(=O)O)c3CCCOc2cccc3ccccc23)cccc1,YXFMHHXNIYGNKK-UHFFFAOYSA-N,YXFMHHXNIYGNKK,6.265000000000001,2015
604,Cc1cc(OCCCc2c3C(=O)N(c4cccc(C(=O)O)c4)CCCn3c3c2ccc(Cl)c3-c2c(C)n(C)nc2C)cc(C)c1Cl,YYPNZNHOMXJSFW-UHFFFAOYSA-N,YYPNZNHOMXJSFW,8.379999999999999,2015
605,COc1c(I)cc(C=O)c2c1cccc2,YZBDTDDJLMKGKE-UHFFFAOYSA-N,YZBDTDDJLMKGKE,6.26,2014
606,COc1ccc(C(=O)C=Cc2cc(Cl)c(O)c(F)c2)c(OC)c1OC,YZRKVJJXPZORMS-UHFFFAOYSA-N,YZRKVJJXPZORMS,5.52,2016
607,CC(C)CC(C(=O)O)N1C(=O)SC(=Cc2ccc(Oc3ccccc3)cc2)C1=O,YZYOYEMLXSJJQH-UHFFFAOYSA-N,YZYOYEMLXSJJQH,4.9,2018
608,O=C(O)c1c(CCCOc2cccc3c2CCCC3)c2c(cc(Cl)cc2)[nH]1,ZDLVOWQMOKZHBK-UHFFFAOYSA-N,ZDLVOWQMOKZHBK,7.18,2013
609,O=C(O)c1c(CCCCC2CCCCC2)c2c(cccc2)[nH]1,ZEUXTNXHBYCGIB-UHFFFAOYSA-N,ZEUXTNXHBYCGIB,5.36,2015
610,Cc1c(-c2cccc3c2n(CCN2CCOCC2)c(C(=O)O)c3CCCOc2cccc3ccccc23)cccc1,ZFODCXXHTZVRJL-UHFFFAOYSA-N,ZFODCXXHTZVRJL,6.9925,2015
611,CN(C)S(=O)(=O)c1cc(C(=O)O)c(O)c2c1cccc2,ZFPJQLBFNKCFRE-UHFFFAOYSA-N,ZFPJQLBFNKCFRE,4.59,2016
612,Nc1ccc(Sc2ccc3C4=C(NC(=O)C4=NCCCc4ccccc4)c4cccc2c43)cc1,ZGHTVVBYVVYAHB-UHFFFAOYSA-N,ZGHTVVBYVVYAHB,6.87,2013
613,O=C(O)c1cc(S(=O)(=O)Nc2ccccc2Br)c2ccccc2c1O,ZGOONDIGLCVNFD-UHFFFAOYSA-N,ZGOONDIGLCVNFD,5.17,2016
614,Cc1cc(OCCCc2c(C(=O)NS(C)(=O)=O)[nH]c3ccccc23)cc(C)c1Cl,ZIXKOLODGXYOPU-UHFFFAOYSA-N,ZIXKOLODGXYOPU,6.18,2016
615,Cc1cc(OCCCc2c(C(=O)NCc3ccc(C(=O)O)o3)[nH]c3c2cccc3-c2c(C)n(C)nc2C)cc(C)c1Cl,ZJAHIUIZCYFUIR-UHFFFAOYSA-N,ZJAHIUIZCYFUIR,7.24,2018
616,CC(C)(C)c1ccc(C=C2SC(=O)N(C(Cc3ccccc3)C(=O)O)C2=O)cc1,ZJTOOEFLLYZEOT-UHFFFAOYSA-N,ZJTOOEFLLYZEOT,6.07,2018
617,CC(C)COc1ccc(CC(NC(=O)C2CC(Oc3ccc(-c4ccccc4)cc3)CN2C(=O)OC(C)(C)C)C(=O)NS(=O)(=O)c2ccccc2)cc1,ZKKULQBCHWANFZ-UHFFFAOYSA-N,ZKKULQBCHWANFZ,5.7,2017
618,Cc1ccc(Sc2cnc(O)c(C#N)c2)cc1,ZSMUBCRJFZVEMR-UHFFFAOYSA-N,ZSMUBCRJFZVEMR,5.6,2013
619,Cc1cc(OCCCc2c(C(=O)O)[nH]c3ccccc23)ccc1Cl,ZSWWJMJGPVWUMG-UHFFFAOYSA-N,ZSWWJMJGPVWUMG,6.42,2013
620,C=C(C)C(=O)Nc1cccc(C2=NOC3(C2)CC(C(N)=O)N(C(=O)C(=C)C)C3)c1,ZTBAYPBTARIWTP-UHFFFAOYSA-N,ZTBAYPBTARIWTP,5.51,2008
621,Cc1nn(-c2ccc(Br)cc2)c(O)c1C=Nc1ccc(S(=O)(=O)Nc2nccs2)cc1,ZTGNFYVLOOTPJA-UHFFFAOYSA-N,ZTGNFYVLOOTPJA,5.22,2008
622,CC1CCc2c(C1)sc(Nc1nc3c(cccc3F)s1)c2C(N)=O,ZTMGOFZWXPCDQQ-UHFFFAOYSA-N,ZTMGOFZWXPCDQQ,5.42,2008
623,Cc1nc2cc(-c3c(-n4c(C)ccc4C)scc3)nn2c(O)c1,ZUEIANXAXZFNTB-UHFFFAOYSA-N,ZUEIANXAXZFNTB,5.3,2008
624,c1cc(C2Nc3cccc4cccc(c34)N2)cnc1,ZUOLBTXPELTJQQ-UHFFFAOYSA-N,ZUOLBTXPELTJQQ,5.02,2008
625,CCOc1ccc(-c2c(NC(=O)c3ccc(C(C)(C)C)cc3)c(C(=O)O)nn2-c2ccc(Oc3ccccc3)cc2)cc1,ZVNNFQPPAUZMTQ-UHFFFAOYSA-N,ZVNNFQPPAUZMTQ,6.39,2016
626,O=C(NS(=O)(=O)c1ccc(NCCSc2ccccc2)c([N+](=O)[O-])c1)c1ccc(C(=O)c2ccccc2)cc1,ZWNZDXMRVIGCFE-UHFFFAOYSA-N,ZWNZDXMRVIGCFE,5.4,2016
627,O=C(O)c1c(CCCOc2ccccc2C(F)(F)F)c2c(cccc2)[nH]1,ZYUVAKAGNDFDQF-UHFFFAOYSA-N,ZYUVAKAGNDFDQF,5.06,2013
628,Cc1cc(OCCCc2c(C(=O)O)[nH]c3cccc(Cl)c23)cc(C)c1Cl,ZYVXUENEKBAFML-UHFFFAOYSA-N,ZYVXUENEKBAFML,6.8,2013
629,N#Cc1cc(-c2ccc(Cl)cc2)cnc1O,ZZPSWSVVNQNXJE-UHFFFAOYSA-N,ZZPSWSVVNQNXJE,5.09,2013
