,SMILES,InChIKey,inchi_connectivity,pchembl_value_Mean,Class,ClusterNo,MolCount,Group
0,O=C(O)c1c(Cl)c2c(cc(Cl)cc2)s1,AAHPIJMQJAZYTM-UHFFFAOYSA-N,AAHPIJMQJAZYTM,4.23,Non-inhibitor,1,628,Training
1,Cc1ccc(S(=O)(=O)NC(=O)C(Cc2ccccc2)NC(=O)C2CC(Oc3ccc(-c4ccccc4)cc3)CN2C(=O)OC(C)(C)C)cc1,ACNZOBNVDMFAHH-UHFFFAOYSA-N,ACNZOBNVDMFAHH,5.48,Non-inhibitor,1,628,Training
2,Cc1cc(OCCCc2c(C(=O)NS(=O)(=O)c3ccc(C(=O)O)o3)[nH]c3c2ccc(Cl)c3-c2c(C)n(C)nc2C)cc(C)c1Cl,ADAKEJQIRIAPEC-UHFFFAOYSA-N,ADAKEJQIRIAPEC,9.11,Inhibitor,1,628,Training
3,CC(C)(C)OC(=O)N1CC(Oc2ccc(-c3ccccc3)cc2)CC1C(=O)NC(Cc1c[nH]c2c1cccc2)C(=O)NS(=O)(=O)c1ccccc1,ADPHLFYFNVTAAV-UHFFFAOYSA-N,ADPHLFYFNVTAAV,5.5,Non-inhibitor,1,628,Training
4,Cc1cc(OCCCc2c(C(=O)O)n3CCCc4cccc2c43)cc(C)c1Cl,ADSBNQANHZZEKS-UHFFFAOYSA-N,ADSBNQANHZZEKS,6.96,Inhibitor,1,628,Training
5,O=C(O)c1c(NS(=O)(=O)c2ccc(C3CCCCC3)cc2)ccc(SCCc2ccccc2)c1,AFQRCYMVRHWZKV-UHFFFAOYSA-N,AFQRCYMVRHWZKV,7.06,Inhibitor,1,628,Training
6,Cc1cc(OCCn2ccc3ccc(OCC(=O)O)cc32)cc(C)c1Cl,AGPLGMAGZCSFPI-UHFFFAOYSA-N,AGPLGMAGZCSFPI,4.93,Non-inhibitor,1,628,Training
7,O=C1c2c(cccc2)C(=O)c2c1cc(O)c(O)c2O,AHKDJQYHVWSRLT-UHFFFAOYSA-N,AHKDJQYHVWSRLT,5.92,Non-inhibitor,1,628,Training
8,O=C(O)c1cc(S(=O)(=O)Nc2ccccc2-c2ccccc2)c2ccccc2c1O,AKARBYPGSQOLJR-UHFFFAOYSA-N,AKARBYPGSQOLJR,5.07,Non-inhibitor,1,628,Training
9,Cc1cc(OCCCc2c(C(=O)O)n3CCOc4cccc2c43)cc(C)c1Cl,AKECYKAJCUSQLB-UHFFFAOYSA-N,AKECYKAJCUSQLB,7.19,Inhibitor,1,628,Training
10,Cc1cc(OCCCc2c3C(=O)N(Cc4ccc(C(=O)O)o4)CCn3c3c2ccc(Cl)c3-c2c(C)n(C)nc2C)cc(C)c1Cl,AMWKUXJMHLOADK-UHFFFAOYSA-N,AMWKUXJMHLOADK,7.550000000000001,Inhibitor,1,628,Training
11,Cc1cc(OCCCn2c(C)c(S(=O)(=O)c3ccccc3)c(C)c2C(=O)O)cc(C)c1Cl,AOXOWEDKUFGXDZ-UHFFFAOYSA-N,AOXOWEDKUFGXDZ,6.72,Inhibitor,1,628,Training
12,Cc1cc(Oc2nc(OCc3ccccc3)c(C(=O)O)cc2)cc(C)c1Cl,AQHLKTAXSUKFMQ-UHFFFAOYSA-N,AQHLKTAXSUKFMQ,5.54,Non-inhibitor,1,628,Training
13,Cc1cc(OCCCn2ccc3c2cccc3OCc2cccc(C(=O)O)c2)cc(C)c1Cl,AQOVMEUBPMLELA-UHFFFAOYSA-N,AQOVMEUBPMLELA,6.82,Inhibitor,1,628,Training
14,Cc1cc(OCCCc2c(C(=O)NCc3cn(C)c(C(=O)O)c3)[nH]c3c2cccc3-c2c(C)n(C)nc2C)cc(C)c1Cl,ASMOXSKXETVZOR-UHFFFAOYSA-N,ASMOXSKXETVZOR,7.62,Inhibitor,1,628,Training
15,Cc1cc(OCCCn2ccc3ccc(OCCO)cc32)cc(C)c1Cl,ATTXTKISYJQJRJ-UHFFFAOYSA-N,ATTXTKISYJQJRJ,5.68,Non-inhibitor,1,628,Training
16,CC(C)Oc1ccc(-c2cc(-c3ccc(OC(C)C)cc3)nc(C(=O)O)c2)cc1,AYCCGUNUDOUHNP-UHFFFAOYSA-N,AYCCGUNUDOUHNP,4.54,Non-inhibitor,1,628,Training
17,O=C(O)c1c(NS(=O)(=O)c2ccccc2)ccc(OCCc2ccccc2)c1,AYFVYDVABUGTFI-UHFFFAOYSA-N,AYFVYDVABUGTFI,5.21,Non-inhibitor,1,628,Training
18,Cc1cc(OCCCc2c(C(=O)NS(=O)(=O)CCNC(=O)CC(C)C)[nH]c3cc(Cl)ccc23)cc(C)c1Cl,AYLQSMGRRXZGPL-UHFFFAOYSA-N,AYLQSMGRRXZGPL,8.0,Inhibitor,1,628,Training
19,O=C(NC(Cc1ccccc1)C(=O)NS(=O)(=O)c1ccc(Cl)c([N+](=O)[O-])c1)c1cn(Cc2ccc(-c3ccc(Cl)cc3)cc2)c2c1cccc2,AZRHKOKLZALSIL-UHFFFAOYSA-N,AZRHKOKLZALSIL,7.14,Inhibitor,1,628,Training
20,Cc1c(Cl)c(C)cc(OCCCn2c(C)c(S(=O)(=O)Cc3ccccc3)c(C)c2C(=O)O)c1,BAUUHRNWNWTBAY-UHFFFAOYSA-N,BAUUHRNWNWTBAY,5.7,Non-inhibitor,1,628,Training
21,O=C(O)C(Cc1ccccc1)N1C(=O)SC(=Cc2cccc(Br)c2)C1=O,BBPCIVHDTKLCKQ-UHFFFAOYSA-N,BBPCIVHDTKLCKQ,6.54,Inhibitor,1,628,Training
22,Cc1cc(OCCCc2c(C(=O)NS(=O)(=O)c3cc(N(C)CCc4ccccc4)ncc3)[nH]c3c2ccc(Cl)c3-c2c(C)n(C)nc2C)cc(C)c1Cl,BDFSISDMEYIABU-UHFFFAOYSA-N,BDFSISDMEYIABU,7.625,Inhibitor,1,628,Training
23,Cc1cc(OCCCc2c3C(=O)N(c4cc(C(=O)O)cc5c4ccn5C)CCCn3c3c2ccc(Cl)c3-c2c(C)n(C)nc2C)cc(C)c1Cl,BDINUPBROUJUMH-UHFFFAOYSA-N,BDINUPBROUJUMH,8.805,Inhibitor,1,628,Training
24,O=C(C=Cc1ccccc1)Nc1ccc(C(=O)NS(=O)(=O)c2ccc(NCCSc3ccccc3)c([N+](=O)[O-])c2)cc1,BDOWOEXBFLRGBF-UHFFFAOYSA-N,BDOWOEXBFLRGBF,5.8,Non-inhibitor,1,628,Training
25,COc1c(-c2cn(CCOc3cccc4ccccc34)c3c2c(-c2ccccc2C(=O)O)ccc3)cccc1,BECPDRSBQZULOY-UHFFFAOYSA-N,BECPDRSBQZULOY,6.77,Inhibitor,1,628,Training
26,Cc1cc(OCCCc2c3C(=O)N(c4ccc(C(=O)O)c5c4n(C)cc5)CCCn3c3c2ccc(Cl)c3-c2c(C)n(C)nc2C)cc(C)c1Cl,BEMIPHFYAIZMHC-UHFFFAOYSA-N,BEMIPHFYAIZMHC,8.28,Inhibitor,1,628,Training
27,O=C(O)c1cc2cccc3c2n1CCC3,BFCHTANYIYJEKK-UHFFFAOYSA-N,BFCHTANYIYJEKK,3.88,Non-inhibitor,1,628,Training
28,Cc1cccc(C)c1N1C(=O)C(=Cc2ccc(OCc3ccc(C(=O)O)cc3)cc2)SC1=S,BFUDACNOTBJKRG-UHFFFAOYSA-N,BFUDACNOTBJKRG,6.14,Non-inhibitor,1,628,Training
29,CS(=O)(=O)Nc1cc(SCC(=O)O)c(O)c2c1cccc2,BFYXRLSWPIICCT-UHFFFAOYSA-N,BFYXRLSWPIICCT,4.12,Non-inhibitor,1,628,Training
30,COc1ccc(-c2nc(C(=O)O)cc(-c3ccc(Oc4ccccc4)cc3)c2)cc1,BGJBKBVORPDGOL-UHFFFAOYSA-N,BGJBKBVORPDGOL,4.96,Non-inhibitor,1,628,Training
31,COc1cc2c(cc1)n(-c1ccc(-c3ccccc3)cc1)c(C)c2CC(=O)NC(Cc1ccccc1)C(=O)NS(=O)(=O)c1cc([N+](=O)[O-])c(Cl)cc1,BGVWDINPRHXDRI-UHFFFAOYSA-N,BGVWDINPRHXDRI,6.32,Non-inhibitor,1,628,Training
32,Cc1nn(C)c(COc2ccccc2)c1-c1cccc2c1n(CCN1CCOCC1)c(C(=O)O)c2CCCOc1cccc2ccccc12,BICFZVJFUDVOCT-UHFFFAOYSA-N,BICFZVJFUDVOCT,7.790000000000001,Inhibitor,1,628,Training
33,Cc1cc(OCCCc2c3C(=O)N(c4ncc(C(=O)O)cc4)CCCn3c3c2ccc(Cl)c3-c2c(C)n(C)nc2C)cc(C)c1Cl,BNPXLHOIICOUNR-UHFFFAOYSA-N,BNPXLHOIICOUNR,8.065,Inhibitor,1,628,Training
34,CCCCN=C1C(=O)NC2=C1c1c3c2cccc3c(Sc2ccc(OC)cc2)cc1,BNTOBHKNATVJRV-UHFFFAOYSA-N,BNTOBHKNATVJRV,6.82,Inhibitor,1,628,Training
35,Cc1cc(OCCCc2c(C(=O)NS(C)(=O)=O)[nH]c3cc(Cl)ccc23)cc(C)c1Cl,BNYCCIRSMLMXSF-UHFFFAOYSA-N,BNYCCIRSMLMXSF,6.68,Inhibitor,1,628,Training
36,CC(C)Oc1ccc(-c2nc(C(=O)O)cc(-c3ccc(Oc4ccccc4)cc3)c2)cc1,BOGRMKSTPVKXJW-UHFFFAOYSA-N,BOGRMKSTPVKXJW,5.13,Non-inhibitor,1,628,Training
37,CC(C)c1cc(C(=O)c2ccc(Oc3ccccc3)cc2)c(O)c(O)c1O,BPCUAEBLJFPRKL-UHFFFAOYSA-N,BPCUAEBLJFPRKL,6.42,Non-inhibitor,1,628,Training
38,N#CC1=C2C(=NC1=O)c1cccc3c(Sc4ccc(-c5ccccc5)cc4)ccc2c13,BQKPLJHLJLIZCH-UHFFFAOYSA-N,BQKPLJHLJLIZCH,6.08,Non-inhibitor,1,628,Training
39,CC(C)(C)c1ccc(OCCCn2ccc3cc(OCc4cc(C(=O)O)ccc4)ccc32)cc1,BRFVXGJMKGSVFI-UHFFFAOYSA-N,BRFVXGJMKGSVFI,6.6,Inhibitor,1,628,Training
40,N#CC1=C2C(=NC1=O)c1cccc3c(N4CCSCC4)ccc2c13,BRPRPURMGRJSHP-UHFFFAOYSA-N,BRPRPURMGRJSHP,6.7058333333333335,Inhibitor,1,628,Training
41,O=C(O)c1cc(-c2ccc(Oc3ccccc3)cc2)nc(-c2ccc(Br)cc2)c1,BRVNIGIAFOOHJJ-UHFFFAOYSA-N,BRVNIGIAFOOHJJ,5.35,Non-inhibitor,1,628,Training
42,CCOc1ccc(-c2c(NC(=O)c3ccc(OCC(C)C)cc3)c(C(=O)O)nn2-c2ccc(Oc3ccccc3)cc2)cc1,BRWCOCICLLQFLI-UHFFFAOYSA-N,BRWCOCICLLQFLI,6.41,Non-inhibitor,1,628,Training
43,N#CC1=C2C(=NC1=O)c1cccc3c(Oc4ccc(-c5ccccc5)cc4)ccc2c13,BRYQRJBYNBYHAH-UHFFFAOYSA-N,BRYQRJBYNBYHAH,5.89,Non-inhibitor,1,628,Training
44,Cc1cc(OCCCc2c3C(=O)N(c4cn(C)c5ccc(C(=O)O)cc45)CC(C)n3c3c2ccc(Cl)c3-c2c(C)n(C)nc2C)cc(C)c1Cl,BSAYHBZFNXDOIJ-UHFFFAOYSA-N,BSAYHBZFNXDOIJ,9.63375,Inhibitor,1,628,Training
45,CCc1c(C(=O)O)n(CCCOc2cc(C)c(Cl)c(C)c2)c(C)c1S(=O)(=O)c1ccc(C)cc1,BSVFLUAJSVDNAE-UHFFFAOYSA-N,BSVFLUAJSVDNAE,6.92,Inhibitor,1,628,Training
46,O=C(O)c1c(CCCOc2ccc(C(F)(F)F)cc2)c2c(cccc2)[nH]1,BSVHSNGREGRCSI-UHFFFAOYSA-N,BSVHSNGREGRCSI,5.0,Non-inhibitor,1,628,Training
47,O=C(O)c1c(CCCOc2cccc3ccccc23)c2c3c(ccc2)S(=O)(=O)CCCn13,BTBUZFMVFUFDSU-UHFFFAOYSA-N,BTBUZFMVFUFDSU,7.21,Inhibitor,1,628,Training
48,CC(C)CC(NC(=O)c1cn(Cc2ccc(-c3ccc(Cl)cc3)cc2)c2c1cccc2)C(=O)NS(=O)(=O)c1ccccc1,BTRVPFGYGJVUQU-UHFFFAOYSA-N,BTRVPFGYGJVUQU,6.22,Non-inhibitor,1,628,Training
49,Cc1cc(OCCCc2c(C(=O)O)[nH]c3ccccc23)ccc1,BVRYQMWOWBGBNT-UHFFFAOYSA-N,BVRYQMWOWBGBNT,5.72,Non-inhibitor,1,628,Training
50,Cc1cc(OCCCc2c3C(=O)N(Cc4ccc(C(=O)O)o4)CC(C)Cn3c3c2ccc(Cl)c3-c2c(C)n(C)nc2C)cc(C)c1Cl,BXCVCPISNXGTQU-UHFFFAOYSA-N,BXCVCPISNXGTQU,7.604999999999999,Inhibitor,1,628,Training
51,COc1cc(OC)c(C(=O)C=Cc2cc(OC)c(O)cc2)c(O)c1,BXXKRESPUSMTEI-UHFFFAOYSA-N,BXXKRESPUSMTEI,4.68,Non-inhibitor,1,628,Training
52,Cc1cccc(-c2cn(CCOc3cccc4ccccc34)c3c2c(-c2ccccc2C(=O)O)ccc3)c1,BXXWCEVDYNCKIB-UHFFFAOYSA-N,BXXWCEVDYNCKIB,6.04,Non-inhibitor,1,628,Training
53,Nc1c(C(=O)O)cc(SCCc2ccccc2)cc1,BYMGSGBVTUGGJI-UHFFFAOYSA-N,BYMGSGBVTUGGJI,5.47,Non-inhibitor,1,628,Training
54,O=C(O)c1c(CCCOc2ccc3CCCc3c2)c2c(cccc2)[nH]1,BZHDMQWSGAHEGK-UHFFFAOYSA-N,BZHDMQWSGAHEGK,5.54,Non-inhibitor,1,628,Training
55,CNC(=O)c1cc2c(cc(OCc3ccccc3C(=O)O)cc2)n1CCCOc1cc(C)c(Cl)c(C)c1,CACHPHLPDPJINV-UHFFFAOYSA-N,CACHPHLPDPJINV,6.05,Non-inhibitor,1,628,Training
56,COc1c2ccccc2c(S(=O)(=O)N(CC(C)C)c2ccc(Br)cc2)cc1C(=O)O,CAGFDBIHYMUGFI-UHFFFAOYSA-N,CAGFDBIHYMUGFI,4.63,Non-inhibitor,1,628,Training
57,Cc1cc(OCCCn2c(C)c(S(=O)(=O)c3ccc(C(=O)O)cc3)c(C)c2C(=O)O)cc(C)c1Cl,CAGHHIGVYLRUJI-UHFFFAOYSA-N,CAGHHIGVYLRUJI,6.38,Non-inhibitor,1,628,Training
58,O=C(Cc1ccccc1)Nc1cc(C(=O)O)c(NS(=O)(=O)c2ccccc2)cc1,CCFVTAZKKLSCJU-UHFFFAOYSA-N,CCFVTAZKKLSCJU,4.15,Non-inhibitor,1,628,Training
59,Cc1cc(OCCCc2c(C(=O)NS(=O)(=O)CCNC(=O)C3CCCCC3)[nH]c3ccccc23)cc(C)c1Cl,CCINIGNSFDEVOS-UHFFFAOYSA-N,CCINIGNSFDEVOS,6.93,Inhibitor,1,628,Training
60,O=C(O)c1cc(S(=O)(=O)NCc2cccc(Cl)c2)c2ccccc2c1O,CDPRUQXLZPEQSD-UHFFFAOYSA-N,CDPRUQXLZPEQSD,5.3,Non-inhibitor,1,628,Training
61,O=C(O)CCSc1cc(NS(=O)(=O)c2ccc3ccccc3c2)c2ccccc2c1O,CEXOZTDCFRDYOU-UHFFFAOYSA-N,CEXOZTDCFRDYOU,5.95,Non-inhibitor,1,628,Training
62,Cc1cc(OCCCc2c(C(=O)NS(=O)(=O)CCNC(=O)c3cocc3)[nH]c3cc(Cl)ccc23)cc(C)c1Cl,CGDLPVKXRQHGMX-UHFFFAOYSA-N,CGDLPVKXRQHGMX,7.72,Inhibitor,1,628,Training
63,Cc1ccc(S(=O)(=O)c2cn(CCCOc3cc(C)c(Cl)c(C)c3)c(C(=O)O)c2C)cc1,CJBUTZKQLMFDAD-UHFFFAOYSA-N,CJBUTZKQLMFDAD,6.09,Non-inhibitor,1,628,Training
64,CC(C)CC(C(=O)O)N1C(=O)SC(=Cc2cccc(Br)c2)C1=O,CJWMSXUUCYEISJ-UHFFFAOYSA-N,CJWMSXUUCYEISJ,5.67,Non-inhibitor,1,628,Training
65,CC(C)Oc1ccc(C(=O)Nc2c(-c3ccc(OCc4ccccc4)cc3)n(-c3ccc(C(C)C)cc3)nc2C(=O)O)cc1,CLACLESTZWRFRK-UHFFFAOYSA-N,CLACLESTZWRFRK,5.58,Non-inhibitor,1,628,Training
66,CC(C)(C)c1ccc(OCCn2ccc3ccc(OCC(=O)O)cc32)cc1,CLMJAYQYMYHKCT-UHFFFAOYSA-N,CLMJAYQYMYHKCT,5.09,Non-inhibitor,1,628,Training
67,CC(C)C(C(=O)O)N1C(=O)C(=Cc2ccc(Br)cc2)SC1=S,COHIEJLWRGREHV-UHFFFAOYSA-N,COHIEJLWRGREHV,4.220000000000001,Non-inhibitor,1,628,Training
68,Cc1nn(C)c(C)c1-c1cccc2c1n(CCN1CCOCC1)c(C(=O)O)c2CCCOc1cccc2ccccc12,CQDRSEXLCHYADG-UHFFFAOYSA-N,CQDRSEXLCHYADG,8.226666666666667,Inhibitor,1,628,Training
69,CC(=O)Oc1c2ccccc2c(NS(=O)(=O)c2ccc(Br)cc2)cc1SCC(=O)O,CSDWYRAOWGFXHX-UHFFFAOYSA-N,CSDWYRAOWGFXHX,4.52,Non-inhibitor,1,628,Training
70,O=C(O)CSc1c(O)c2c(cccc2)c(NS(=O)(=O)c2ccc(Oc3ccccc3)cc2)c1,CTGZINWTGVOSRK-UHFFFAOYSA-N,CTGZINWTGVOSRK,6.446666666666666,Non-inhibitor,1,628,Training
71,Cc1ccccc1OCCCc1c(C(=O)O)[nH]c2ccccc12,CTPFNROLYIEEPO-UHFFFAOYSA-N,CTPFNROLYIEEPO,4.82,Non-inhibitor,1,628,Training
72,N#CC1=C2C(=NC1=O)c1cccc3c(Sc4ccc(Br)cc4)ccc2c13,CUHJCLMNTIZWTC-UHFFFAOYSA-N,CUHJCLMNTIZWTC,7.31,Inhibitor,1,628,Training
73,Cc1cc(OCCCc2c(C(=O)NS(=O)(=O)c3ccc(C(=O)NCc4ccccc4)o3)[nH]c3c2ccc(Cl)c3-c2c(C)[nH]nc2C)cc(C)c1Cl,CVCAUJJNCCTLPY-UHFFFAOYSA-N,CVCAUJJNCCTLPY,8.62,Inhibitor,1,628,Training
74,Cc1ccc(C=CC(=O)Nc2ccc(C(=O)NS(=O)(=O)c3ccc(NCCSc4ccccc4)c([N+](=O)[O-])c3)cc2)cc1,CVFWGBJTNLJJTN-UHFFFAOYSA-N,CVFWGBJTNLJJTN,6.2,Non-inhibitor,1,628,Training
75,CC(C)C(=O)c1c(O)c(O)c(O)c(C(=O)c2ccc(Oc3ccccc3)cc2)c1,CVVQMBDTMYUWTR-UHFFFAOYSA-N,CVVQMBDTMYUWTR,6.47,Non-inhibitor,1,628,Training
76,CCc1c(C(=O)O)n(CCCOc2cc(C)c(Cl)c(C)c2)c(CC)c1S(=O)(=O)c1ccc(C)cc1,CVWSHBVOXQWUCC-UHFFFAOYSA-N,CVWSHBVOXQWUCC,5.71,Non-inhibitor,1,628,Training
77,O=C(c1ccc(Oc2ccccc2)cc1)c1cc(C(=O)c2nc3c(cccc3)s2)c(O)c(O)c1O,CYBLECRKSFPWGB-UHFFFAOYSA-N,CYBLECRKSFPWGB,7.43,Inhibitor,1,628,Training
78,CCCCCCN=C1C(=O)NC2=C1c1c3c2cccc3c(Sc2ccc(N)cc2)cc1,CYNWXFDDCZREMK-UHFFFAOYSA-N,CYNWXFDDCZREMK,7.53,Inhibitor,1,628,Training
79,Cc1cc(OCCCc2c3C(=O)N(Cc4ccc(C(=O)O)o4)C(C)Cn3c3c2ccc(Cl)c3-c2c(C)n(C)nc2C)cc(C)c1Cl,DBLYUECFQBVGCM-UHFFFAOYSA-N,DBLYUECFQBVGCM,7.630000000000001,Inhibitor,1,628,Training
80,Cc1c(-c2cn(Cc3cccc4ccccc34)c3cccc(-c4c(C(=O)O)cccc4)c23)cccc1,DCMRFYJHLUULFD-UHFFFAOYSA-N,DCMRFYJHLUULFD,7.16,Inhibitor,1,628,Training
81,Cc1cc(OCCCn2ccc3c(OCC(=O)O)cccc32)cc(C)c1Cl,DDNXZPTXDTWWIS-UHFFFAOYSA-N,DDNXZPTXDTWWIS,5.7,Non-inhibitor,1,628,Training
82,Cc1cc(OCCCc2c(C(=O)NS(=O)(=O)c3cc(CNC(=O)CC(C)C)ccc3)[nH]c3c2ccc(Cl)c3-c2c(C)n(C)nc2C)cc(C)c1Cl,DDQBTVMWOYEMLA-UHFFFAOYSA-N,DDQBTVMWOYEMLA,7.645,Inhibitor,1,628,Training
83,Cc1c(-c2cn(CCOc3cccc4ccccc34)c3c2c(-c2ccccc2C(=O)O)ccc3)cccc1,DEWYCLMCITZZFP-UHFFFAOYSA-N,DEWYCLMCITZZFP,6.77,Inhibitor,1,628,Training
84,COc1cc(C=CC(=O)c2ccc(OC)c(OC)c2OC)cc(Cl)c1O,DFERJTHJGHNKRO-UHFFFAOYSA-N,DFERJTHJGHNKRO,5.7,Non-inhibitor,1,628,Training
85,Cc1ccc(S(=O)(=O)c2c(C)n(CCCOc3cc(C)c(Cl)c(C)c3)c(C(=O)O)c2C)cc1,DGEQRIOYRHZILK-UHFFFAOYSA-N,DGEQRIOYRHZILK,6.77,Inhibitor,1,628,Training
86,Cc1cc(OCCCc2c3C(=O)NC(C)CCn3c3c2ccc(Cl)c3-c2c(C)n(C)nc2C)cc(C)c1Cl,DGNKJZHQXBKXBT-UHFFFAOYSA-N,DGNKJZHQXBKXBT,7.16,Inhibitor,1,628,Training
87,O=C(Nc1c(O)c(O)c(O)cc1C(=O)NCCCc1ccccc1)c1ccccc1,DINUCAJXYUJGEX-UHFFFAOYSA-N,DINUCAJXYUJGEX,5.49,Non-inhibitor,1,628,Training
88,COc1cc(Oc2ccc3C4=C(C#N)C(=O)N=C4c4cccc2c43)ccc1,DJPQAPIYCYUTLR-UHFFFAOYSA-N,DJPQAPIYCYUTLR,6.43,Non-inhibitor,1,628,Training
89,O=C(O)c1c(NS(=O)(=O)N2CCC(c3ccccc3)CC2)ccc(SCCc2ccccc2)c1,DKAFNDOLNOUISL-UHFFFAOYSA-N,DKAFNDOLNOUISL,6.48,Non-inhibitor,1,628,Training
90,Cc1cc(OCCCc2c(C(=O)NS(=O)(=O)c3ccccc3)[nH]c3c2cccc3-c2cnccc2)cc(C)c1Cl,DKBRDQPCALJYNG-UHFFFAOYSA-N,DKBRDQPCALJYNG,6.7,Inhibitor,1,628,Training
91,CC(C)Oc1ccc(-c2cc(C(=O)O)nn2-c2ccc(C(C)C)cc2)cc1,DMCZSKBVBDIGON-UHFFFAOYSA-N,DMCZSKBVBDIGON,5.62,Non-inhibitor,1,628,Training
92,Cc1ccc(S(=O)(=O)Nc2cc(SCC(=O)O)c(O)c3c2cccc3)cc1,DPTYIVMAPDAPIM-UHFFFAOYSA-N,DPTYIVMAPDAPIM,5.5,Non-inhibitor,1,628,Training
93,CC(C)(C)OC(=O)N1CC(Oc2ccc(-c3ccccc3)cc2)CC1C(=O)NC(Cc1c[nH]c2c1cccc2)C(=O)NS(=O)(=O)c1ccc(Cl)c([N+](=O)[O-])c1,DQGDJLJBMQEHPI-UHFFFAOYSA-N,DQGDJLJBMQEHPI,5.92,Non-inhibitor,1,628,Training
94,O=C(O)c1c(NS(=O)(=O)N2CCN(c3ccccc3)CC2)ccc(SCCc2ccccc2)c1,DTSFWGSGVLNQNG-UHFFFAOYSA-N,DTSFWGSGVLNQNG,6.24,Non-inhibitor,1,628,Training
95,Cc1cc(OCCCc2c3C(=O)N(Cc4cccc(C(=O)O)c4)CC(C)n3c3c2ccc(Cl)c3-c2c(C)n(C)nc2C)cc(C)c1Cl,DUUBTZKDWMFQLV-UHFFFAOYSA-N,DUUBTZKDWMFQLV,7.685,Inhibitor,1,628,Training
96,O=S(=O)(Nc1cc(C(F)(F)F)ccc1Cl)c1c(Cl)cccc1,DVNOCBJKIMJOND-UHFFFAOYSA-N,DVNOCBJKIMJOND,4.89,Non-inhibitor,1,628,Training
97,O=C(O)c1c(CCCOc2ccc3ccccc3c2)c2c(cccc2)[nH]1,DWPPVJZLZOPAAF-UHFFFAOYSA-N,DWPPVJZLZOPAAF,5.12,Non-inhibitor,1,628,Training
98,Cc1c(S(=O)(=O)Nc2cc(C(F)(F)F)ccc2Cl)sc(C(=O)NCC(O)c2ccccc2)c1,DWTFITNCBWXVTC-UHFFFAOYSA-N,DWTFITNCBWXVTC,6.646666666666667,Inhibitor,1,628,Training
99,Cc1cccc(-c2cn(CCOc3cccc4ccccc34)c3c2c(-c2ccccc2C(=O)O)ccc3)c1C,DWTUBGRVWIESMZ-UHFFFAOYSA-N,DWTUBGRVWIESMZ,6.15,Non-inhibitor,1,628,Training
100,Cc1cc(OCCCc2c(C(=O)NS(=O)(=O)CCNC(=O)c3cccc(C(F)(F)F)c3)[nH]c3cc(Cl)ccc23)cc(C)c1Cl,DXESQVROCCECGJ-UHFFFAOYSA-N,DXESQVROCCECGJ,7.1,Inhibitor,1,628,Training
101,COC(=O)c1nn(-c2ccc(Oc3ccccc3)cc2)c(-c2ccc(OC(C)C)cc2)c1NC(=O)c1ccc(OC(C)C)cc1,DYUSLCVTUPNKTB-UHFFFAOYSA-N,DYUSLCVTUPNKTB,5.34,Non-inhibitor,1,628,Training
102,CC(C)c1c(O)c(O)c(O)c(C(=O)c2ccccc2)c1,DZEBXWALUCQUJM-UHFFFAOYSA-N,DZEBXWALUCQUJM,5.34,Non-inhibitor,1,628,Training
103,Cc1ccc(Oc2ccc3C4=C(C#N)C(=O)N=C4c4cccc2c43)cc1,FARGPDWBASZQBS-UHFFFAOYSA-N,FARGPDWBASZQBS,6.24,Non-inhibitor,1,628,Training
104,Cc1cc(OCCCc2c(C(=O)NS(=O)(=O)CCNC(=O)c3ccc4cc[nH]c4c3)[nH]c3ccccc23)cc(C)c1Cl,FAXIGLMQMJMECB-UHFFFAOYSA-N,FAXIGLMQMJMECB,6.56,Inhibitor,1,628,Training
105,Cc1c(Cl)ccc(OCC(=O)O)c1,FBGYNJKXMKWETB-UHFFFAOYSA-N,FBGYNJKXMKWETB,3.99,Non-inhibitor,1,628,Training
106,O=C(O)c1c(NS(=O)(=O)c2ccc(Br)cc2)ccc(SCCc2ccccc2)c1,FCMHDQKBESFCQC-UHFFFAOYSA-N,FCMHDQKBESFCQC,6.09,Non-inhibitor,1,628,Training
107,Cc1ccc(-c2ccc(OC3CC(C(=O)NC(Cc4ccccc4)C(=O)NS(=O)(=O)c4ccccc4)N(C(=O)OC(C)(C)C)C3)cc2)cc1,FCVQNANSHMUPIU-UHFFFAOYSA-N,FCVQNANSHMUPIU,5.8,Non-inhibitor,1,628,Training
108,CC(C)(C)Oc1ccc(OCCCn2ccc3ccc(OCC(=O)O)cc32)cc1,FCWRQHUQEMCTJM-UHFFFAOYSA-N,FCWRQHUQEMCTJM,5.73,Non-inhibitor,1,628,Training
109,Cc1cc(OCCCn2c(C)c(S(=O)(=O)c3ccc(O)cc3)c(C)c2C(=O)O)cc(C)c1Cl,FDPULETYNXSHAQ-UHFFFAOYSA-N,FDPULETYNXSHAQ,7.75,Inhibitor,1,628,Training
110,Cc1cc(OCCCc2c(C(=O)Nc3ccc(C#N)cc3)[nH]c3c2ccc(Cl)c3-c2c(C)n(C)nc2C)cc(C)c1Cl,FEGAMTXZFVBBFP-UHFFFAOYSA-N,FEGAMTXZFVBBFP,7.29,Inhibitor,1,628,Training
111,Cc1cc(OCCCc2c3C(=O)N(c4ccc(C(=O)O)cc4)CCCn3c3c2ccc(Cl)c3-c2c(C)n(C)nc2C)cc(C)c1Cl,FFSOWTRCQAVDAW-UHFFFAOYSA-N,FFSOWTRCQAVDAW,8.705,Inhibitor,1,628,Training
112,Cc1cc(OCCCc2c(C(=O)NS(=O)(=O)c3cc(CNC(=O)c4cccn4C)ccc3)[nH]c3c2ccc(Cl)c3-c2c(C)n(C)nc2C)cc(C)c1Cl,FHWAEJRHPVQMKO-UHFFFAOYSA-N,FHWAEJRHPVQMKO,7.52,Inhibitor,1,628,Training
113,Cc1cc(OCCCc2c(C(=O)O)sc3cccc(Cl)c23)cc(C)c1Cl,FHXIXEGPMANBQN-UHFFFAOYSA-N,FHXIXEGPMANBQN,5.89,Non-inhibitor,1,628,Training
114,O=C(O)c1c(CCCc2cccc3ccccc23)c2c(cccc2)o1,FJJCJILQICJOAD-UHFFFAOYSA-N,FJJCJILQICJOAD,4.84,Non-inhibitor,1,628,Training
115,O=C(O)c1cc(-c2ccc(Br)cc2)cc(-c2ccc(Br)cc2)n1,FJRDKVUZOAPKNX-UHFFFAOYSA-N,FJRDKVUZOAPKNX,4.4,Non-inhibitor,1,628,Training
116,O=C(CCSc1cc(C(=O)O)c(NS(=O)(=O)c2ccccc2)cc1)Nc1ccccc1,FNINLKAXXFOPIJ-UHFFFAOYSA-N,FNINLKAXXFOPIJ,4.88,Non-inhibitor,1,628,Training
117,N#CC1=C2C(=NC1=O)c1cccc3c(Sc4ccc(N)cc4)ccc2c13,FNSJVQXUTIKAPS-UHFFFAOYSA-N,FNSJVQXUTIKAPS,7.04,Inhibitor,1,628,Training
118,Cc1cc(OCCCc2c(C(=O)NS(=O)(=O)c3ccccc3)[nH]c3c2ccc(Cl)c3-c2c(C)nccc2)cc(C)c1Cl,FNYSLXHJFKQBHB-UHFFFAOYSA-N,FNYSLXHJFKQBHB,7.295,Inhibitor,1,628,Training
119,Cc1cc(OCCCc2c3C(=O)NCCC(C)n3c3c2ccc(Cl)c3-c2c(C)n(C)nc2C)cc(C)c1Cl,FOGQKCCMGHAYJD-UHFFFAOYSA-N,FOGQKCCMGHAYJD,7.37,Inhibitor,1,628,Training
120,O=C(O)c1cc2cccc3c2n1CCS3,FPAYQJNEBGJOAB-UHFFFAOYSA-N,FPAYQJNEBGJOAB,4.29,Non-inhibitor,1,628,Training
121,Cc1c(Cl)c(C)cc(OCCCc2c(C(=O)O)[nH]c3ccccc23)c1,FQKXEZIKGBCCDX-UHFFFAOYSA-N,FQKXEZIKGBCCDX,6.52,Inhibitor,1,628,Training
122,O=C(O)c1c(NS(=O)(=O)c2cccs2)ccc(SCCc2ccccc2)c1,FQOYUYHOZUKJQY-UHFFFAOYSA-N,FQOYUYHOZUKJQY,5.7,Non-inhibitor,1,628,Training
123,Cc1cc(OCCCc2c3C(=O)N(c4cc(C(=O)O)cc5c4ccn5C)CC(C)n3c3c2ccc(Cl)c3-c2c(C)n(C)nc2C)cc(C)c1Cl,FRTKAQXJOWYVMP-UHFFFAOYSA-N,FRTKAQXJOWYVMP,8.530000000000001,Inhibitor,1,628,Training
124,COc1cc2c(cc1)n(-c1ccc(-c3ccccc3)cc1)c(C)c2CC(=O)NC(Cc1ccccc1)C(=O)NS(=O)(=O)c1ccccc1,FSBNKYLJYHSZQQ-UHFFFAOYSA-N,FSBNKYLJYHSZQQ,6.02,Non-inhibitor,1,628,Training
125,CCCOc1ccc(CC(NC(=O)C2CC(Oc3ccc(-c4ccc(C)cc4)cc3)CN2C(=O)OC(C)(C)C)C(=O)NS(=O)(=O)c2ccc([N+](=O)[O-])cc2)cc1,FSGLXWJBJUODHC-UHFFFAOYSA-N,FSGLXWJBJUODHC,6.05,Non-inhibitor,1,628,Training
126,O=C(O)c1cc2c(cc(Cl)cc2Br)o1,FSMYDGIHIYJHHE-UHFFFAOYSA-N,FSMYDGIHIYJHHE,4.05,Non-inhibitor,1,628,Training
127,CC(C)c1ccc(Sc2cn(Cc3ccccc3)c(=O)c(C#N)c2)cc1,FTPTVKAUOBTHMI-UHFFFAOYSA-N,FTPTVKAUOBTHMI,4.82,Non-inhibitor,1,628,Training
128,Cc1cc(OCCCc2c(C(=O)NS(=O)(=O)CCNC(=O)c3cccc(F)c3)[nH]c3ccccc23)cc(C)c1Cl,FTTGSEYXXAOJHN-UHFFFAOYSA-N,FTTGSEYXXAOJHN,7.0,Inhibitor,1,628,Training
129,Cc1cc(OCCCc2c3C(=O)N(c4ccc(C(=O)O)cc4)CC(C)n3c3c2ccc(Cl)c3-c2c(C)n(C)nc2C)cc(C)c1Cl,FVMYYFICWLSGRT-UHFFFAOYSA-N,FVMYYFICWLSGRT,8.620000000000001,Inhibitor,1,628,Training
130,O=C(Nc1ccc(C(=O)NS(=O)(=O)c2ccc(NCCSc3ccccc3)c([N+](=O)[O-])c2)cc1)c1ccc(Br)cc1,FXSMHFOLAPYERG-UHFFFAOYSA-N,FXSMHFOLAPYERG,5.39,Non-inhibitor,1,628,Training
131,Cc1cc(OCCCn2c(C)c(S(=O)(=O)c3ccc(C(C)(C)C)cc3)c(C)c2C(=O)O)cc(C)c1Cl,FZNUNTLNQMKJGP-UHFFFAOYSA-N,FZNUNTLNQMKJGP,6.47,Non-inhibitor,1,628,Training
132,CC1Cn2c(C(=O)O)cc3cccc(c32)S1,FZQNKPROVWTNOO-UHFFFAOYSA-N,FZQNKPROVWTNOO,4.46,Non-inhibitor,1,628,Training
133,Cc1cc(OCCCc2c(C(=O)NCc3cc(C(=O)O)ccc3)[nH]c3c2cccc3-c2c(C)n(C)nc2C)cc(C)c1Cl,GBMABQVZFQQUKD-UHFFFAOYSA-N,GBMABQVZFQQUKD,7.14,Inhibitor,1,628,Training
134,Cc1c(-c2c(C)cc3c(C(C)C)c(O)c(O)c(C=NCCCCC(=O)O)c3c2O)c(O)c2c(C=NCCCCC(=O)O)c(O)c(O)c(C(C)C)c2c1,GCCMPDWACUITTL-UHFFFAOYSA-N,GCCMPDWACUITTL,7.07,Inhibitor,1,628,Training
135,COc1ccc(-c2nc(C(=O)O)cc(-c3ccc(Br)cc3)c2)cc1,GDBQGUJOOUIMTF-UHFFFAOYSA-N,GDBQGUJOOUIMTF,4.4,Non-inhibitor,1,628,Training
136,O=C(O)c1ccccc1-c1cccc2c1c(-c1cc(Cl)ccc1)cn2CCOc1cccc2ccccc12,GDXJYLGTEXEMFT-UHFFFAOYSA-N,GDXJYLGTEXEMFT,6.44,Non-inhibitor,1,628,Training
137,Cc1cc(OCCCn2c(C)c(S(=O)(=O)c3ncccc3)c(C)c2C(=O)O)cc(C)c1Cl,GEACXKRVVUPMHJ-UHFFFAOYSA-N,GEACXKRVVUPMHJ,5.72,Non-inhibitor,1,628,Training
138,N#CC1=C2C3=CC=C(N4CCSCC4)C4=CC=CC(C2=NC1=O)C43,GESSOJAUHWSJSK-UHFFFAOYSA-N,GESSOJAUHWSJSK,7.24,Inhibitor,1,628,Training
139,Cc1cc(OCCCc2c(C(=O)O)sc3ccccc23)cc(C)c1Cl,GFWMYYSJLSUPMD-UHFFFAOYSA-N,GFWMYYSJLSUPMD,6.5,Inhibitor,1,628,Training
140,O=C(NS(=O)(=O)c1ccc([N+](=O)[O-])cc1)C(Cc1ccc(Br)cc1)N1C(=O)C(=Cc2ccc(-c3ccc([N+](=O)[O-])cc3)cc2)SC1=S,GJNNQNGEIJNCML-UHFFFAOYSA-N,GJNNQNGEIJNCML,7.13,Inhibitor,1,628,Training
141,CC(=O)NCCS(=O)(=O)NC(=O)c1c(CCCOc2cc(C)c(Cl)c(C)c2)c2c(cc(Cl)cc2)[nH]1,GKHXEHAANGIXOE-UHFFFAOYSA-N,GKHXEHAANGIXOE,6.68,Inhibitor,1,628,Training
142,Cc1cc(OCCCc2c(C(=O)NS(=O)(=O)CCNC(=O)c3ccc(F)cc3)[nH]c3ccccc23)cc(C)c1Cl,GKTQSVKGYNEZCV-UHFFFAOYSA-N,GKTQSVKGYNEZCV,6.93,Inhibitor,1,628,Training
143,COc1c2ccccc2c(NS(=O)(=O)c2ccc(Br)cc2)cc1SCC(=O)O,GKYKQIMOHSMRSO-UHFFFAOYSA-N,GKYKQIMOHSMRSO,4.06,Non-inhibitor,1,628,Training
144,O=C(O)COc1ccc2ccn(CCCOc3cccc4ccccc34)c2c1,GMKPEGHVQUETQQ-UHFFFAOYSA-N,GMKPEGHVQUETQQ,5.59,Non-inhibitor,1,628,Training
145,COc1ccc(C=C2SC(=O)N(CCC(=O)Nc3ccc(S(=O)(=O)Nc4nccs4)cc3)C2=O)cc1,GOGUNBUEDXIKLB-UHFFFAOYSA-N,GOGUNBUEDXIKLB,5.465,Non-inhibitor,1,628,Training
146,O=C(O)c1cc(-c2ccc(Oc3ccccc3)cc2)cc(-c2ccccc2)n1,GOYRHGQCANQEJI-UHFFFAOYSA-N,GOYRHGQCANQEJI,5.03,Non-inhibitor,1,628,Training
147,Cc1cc(OCCCc2c(C(=O)NS(=O)(=O)c3ccccc3)[nH]c3c2ccc(Cl)c3-c2c(C)[nH]nc2C)cc(C)c1Cl,GQXICACCQKXKRX-UHFFFAOYSA-N,GQXICACCQKXKRX,6.83,Inhibitor,1,628,Training
148,CCOc1ccc(-c2cc(C(=O)O)nn2-c2ccc(Oc3ccccc3)cc2)cc1,GRDDGUBYUUVVGI-UHFFFAOYSA-N,GRDDGUBYUUVVGI,6.35,Non-inhibitor,1,628,Training
149,Cc1cc(OCCCc2c(C(=O)O)[nH]c3c2cccc3-c2c(C)n(C)nc2CN2CCCCC2)cc(C)c1Cl,GSXVVMUSIZPWMH-UHFFFAOYSA-N,GSXVVMUSIZPWMH,7.4,Inhibitor,1,628,Training
150,O=C(O)c1cc(S(=O)(=O)Nc2c(C(F)(F)F)cccc2)c2ccccc2c1O,GUIFYVYGJNYGTJ-UHFFFAOYSA-N,GUIFYVYGJNYGTJ,5.39,Non-inhibitor,1,628,Training
151,Cc1cc(OCCCc2c(C(=O)NS(=O)(=O)CCNC(=O)c3cn(C)c4c3cccc4)[nH]c3ccccc23)cc(C)c1Cl,GUKNVQSEBBJHKI-UHFFFAOYSA-N,GUKNVQSEBBJHKI,6.37,Non-inhibitor,1,628,Training
152,O=C(O)CSc1cc(NS(=O)(=O)c2cccs2)c2ccccc2c1O,GVAXUAIZKLJWSB-UHFFFAOYSA-N,GVAXUAIZKLJWSB,5.81,Non-inhibitor,1,628,Training
153,COc1ccc(Oc2ccc3c(=C(C#N)C#N)c(=O)c4cccc2c43)cc1,GVKROZXKOSQFDA-UHFFFAOYSA-N,GVKROZXKOSQFDA,5.31,Non-inhibitor,1,628,Training
154,CC(C)c1ccc(Sc2cnc(O)c(C#N)c2)cc1,GWTWLBDUTCWFSW-UHFFFAOYSA-N,GWTWLBDUTCWFSW,6.0600000000000005,Non-inhibitor,1,628,Training
155,COc1c2ccccc2c(NS(=O)(=O)c2cc(-c3ccccc3)ccc2)cc1SCC(=O)O,GXBTYQWJRDTUMK-UHFFFAOYSA-N,GXBTYQWJRDTUMK,4.62,Non-inhibitor,1,628,Training
156,Cc1cc(OCCCn2c(C)c(S(=O)(=O)c3ccc(F)cc3)c(C)c2C(=O)O)cc(C)c1Cl,GXGMIUIGEUDZJY-UHFFFAOYSA-N,GXGMIUIGEUDZJY,6.58,Inhibitor,1,628,Training
157,CC1=C(C2=C(C)C(=O)c3c(cc(O)c(O)c3C(C)C)C2=O)C(=O)c2c(C1=O)c(C(C)C)c(O)c(O)c2,GYYXKPBLWDDQQK-UHFFFAOYSA-N,GYYXKPBLWDDQQK,7.6,Inhibitor,1,628,Training
158,Cc1cc(OCCCc2c(C(=O)NS(=O)(=O)c3cc(CNC(=O)C(C)C)ccc3)[nH]c3c2ccc(Cl)c3-c2c(C)n(C)nc2C)cc(C)c1Cl,GZKGTLYHWUBJEK-UHFFFAOYSA-N,GZKGTLYHWUBJEK,7.535,Inhibitor,1,628,Training
159,COC(=O)CCCCN=Cc1c2c(O)c(-c3c(C)cc4c(C(C)C)c(O)c(O)c(C=NCCCCC(=O)OC)c4c3O)c(C)cc2c(C(C)C)c(O)c1O,GZSJFIAESZNUFR-UHFFFAOYSA-N,GZSJFIAESZNUFR,6.86,Inhibitor,1,628,Training
160,O=C(O)c1c(CCCOc2ccc3CCCCc3c2)c2cccc3c2n1CCS3,HASLVVNHEHIJPI-UHFFFAOYSA-N,HASLVVNHEHIJPI,6.39,Non-inhibitor,1,628,Training
161,O=C(Nc1c(C(=O)O)cc(SCCc2ccccc2)cc1)c1ccccc1,HAYNUNHIADSVTD-UHFFFAOYSA-N,HAYNUNHIADSVTD,5.57,Non-inhibitor,1,628,Training
162,CC(C)(C)c1ccc(OCCCn2ccc3cc(OCc4c(C(=O)O)cccc4)ccc32)cc1,HBHKYDJZELTNAN-UHFFFAOYSA-N,HBHKYDJZELTNAN,6.51,Inhibitor,1,628,Training
163,Cc1cc(OCCCc2c3C(=O)N(c4cc(C(=O)O)cc5c4OCO5)CC(C)n3c3c2ccc(Cl)c3-c2c(C)n(C)nc2C)cc(C)c1Cl,HEVVLFVAUFXERT-UHFFFAOYSA-N,HEVVLFVAUFXERT,9.115,Inhibitor,1,628,Training
164,Cc1cc(OCCCc2c(C(=O)NS(=O)(=O)CCNC(=O)c3ccc[nH]3)[nH]c3cc(Cl)ccc23)cc(C)c1Cl,HFCBKAAPWROWEM-UHFFFAOYSA-N,HFCBKAAPWROWEM,6.11,Non-inhibitor,1,628,Training
165,CCC(C)(C)c1ccc(Sc2ccc3C4=C(C#N)C(=O)N=C4c4cccc2c43)cc1,HFPAJOBPOFBWTH-UHFFFAOYSA-N,HFPAJOBPOFBWTH,6.02,Non-inhibitor,1,628,Training
166,Cc1cc(OCCCc2c(C(=O)O)[nH]c3c2cccc3-c2c(C)n(C)nc2C)cc(C)c1Cl,HGAMIPPZOZUKQJ-UHFFFAOYSA-N,HGAMIPPZOZUKQJ,6.95,Inhibitor,1,628,Training
167,Cc1cc(OCCCc2c3C(=O)N(c4cccc5c(C(=O)O)cccc45)CCCn3c3c2ccc(Cl)c3-c2c(C)n(C)nc2C)cc(C)c1Cl,HHCOJLNHWQAODR-UHFFFAOYSA-N,HHCOJLNHWQAODR,9.0,Inhibitor,1,628,Training
168,Cc1cc(OCCCc2c(C(=O)NS(=O)(=O)CCNC(=O)c3ccccc3C(F)(F)F)[nH]c3cc(Cl)ccc23)cc(C)c1Cl,HJKPOBRXJDMTHB-UHFFFAOYSA-N,HJKPOBRXJDMTHB,7.75,Inhibitor,1,628,Training
169,O=C(O)c1c(Cl)c2c(cccc2)s1,HJTMIYKPPPYDRJ-UHFFFAOYSA-N,HJTMIYKPPPYDRJ,3.88,Non-inhibitor,1,628,Training
170,Cc1cc(OCCCc2c(C(=O)Nc3ccc(C(=O)O)o3)[nH]c3c2ccc(Cl)c3-c2c(C)n(C)nc2C)cc(C)c1Cl,HKIVCPFWGABZSS-UHFFFAOYSA-N,HKIVCPFWGABZSS,7.51,Inhibitor,1,628,Training
171,Cc1c(S(=O)(=O)Nc2cc(C(F)(F)F)ccc2Cl)sc(C(=O)NC(Cc2ccccc2)C(=O)O)c1,HLLVAQZYLOPCMB-UHFFFAOYSA-N,HLLVAQZYLOPCMB,6.46,Non-inhibitor,1,628,Training
172,O=C(C=Cc1cccc(Cl)c1)Nc1ccc(C(=O)NS(=O)(=O)c2ccc(NCCSc3ccccc3)c([N+](=O)[O-])c2)cc1,HNCYBOXDZDUUEO-UHFFFAOYSA-N,HNCYBOXDZDUUEO,5.89,Non-inhibitor,1,628,Training
173,Cc1cc(Oc2ccc(CC3SC(=O)N(CC(=O)O)C3=O)cc2)cc(C)c1Cl,HNJWCMXJDKLPSG-UHFFFAOYSA-N,HNJWCMXJDKLPSG,4.99,Non-inhibitor,1,628,Training
174,Cc1cc(OCCCc2c3C(=O)N(Cc4ccc(C(=O)O)cc4)C(C)Cn3c3c2ccc(Cl)c3-c2c(C)n(C)nc2C)cc(C)c1Cl,HNUBBEAILIGAPO-UHFFFAOYSA-N,HNUBBEAILIGAPO,7.8275,Inhibitor,1,628,Training
175,Cc1cc(OCCCc2c(C(=O)NS(=O)(=O)CCNC(=O)CC3CCCCC3)[nH]c3ccccc23)cc(C)c1Cl,HOKCDCDULXEZBD-UHFFFAOYSA-N,HOKCDCDULXEZBD,5.96,Non-inhibitor,1,628,Training
176,O=C(O)c1cc(S(=O)(=O)NCC2CCCCC2)c2ccccc2c1O,HOPDZELMPICECF-UHFFFAOYSA-N,HOPDZELMPICECF,5.14,Non-inhibitor,1,628,Training
177,Cc1cc(OCCCn2c(C)c(S(=O)(=O)c3cccs3)c(C)c2C(=O)O)cc(C)c1Cl,HOTQVQYCNRBOOE-UHFFFAOYSA-N,HOTQVQYCNRBOOE,7.1,Inhibitor,1,628,Training
178,Cc1cc(OCCCc2c(C(=O)O)sc3c(Cl)cccc23)cc(C)c1Cl,HPLRRUUZIYNNGV-UHFFFAOYSA-N,HPLRRUUZIYNNGV,6.12,Non-inhibitor,1,628,Training
179,COc1ccc(OCCCn2ccc3ccc(OCC(=O)O)cc32)cc1,HPMKEJGBIQUUBF-UHFFFAOYSA-N,HPMKEJGBIQUUBF,5.36,Non-inhibitor,1,628,Training
180,O=C(O)c1cc(S(=O)(=O)Nc2ccc(Cl)cc2)c2ccccc2c1O,HTZLXGBKGMWQAM-UHFFFAOYSA-N,HTZLXGBKGMWQAM,5.72,Non-inhibitor,1,628,Training
181,O=C(O)c1cc(S(=O)(=O)Nc2ccc(Oc3cccc4ccccc34)cc2)c2ccccc2c1O,HUVMSVVLGFEMKU-UHFFFAOYSA-N,HUVMSVVLGFEMKU,7.09,Inhibitor,1,628,Training
182,O=C(C=Cc1ccc(Cl)cc1)Nc1ccc(C(=O)NS(=O)(=O)c2ccc(NCCSc3ccccc3)c([N+](=O)[O-])c2)cc1,HVFCPAJZPFPRJF-UHFFFAOYSA-N,HVFCPAJZPFPRJF,5.57,Non-inhibitor,1,628,Training
183,Cc1cc(OCCCc2c(C(=O)Nc3nc(C(=O)O)ccc3)[nH]c3c2ccc(Cl)c3-c2c(C)n(C)nc2C)cc(C)c1Cl,HWAFIBSNQWOIQW-UHFFFAOYSA-N,HWAFIBSNQWOIQW,7.02,Inhibitor,1,628,Training
184,O=C(O)c1ccc(COc2ccc(C=C3SC(=S)N(c4ccc(I)cc4)C3=O)cc2)cc1,HWNSQXHWQPBURT-UHFFFAOYSA-N,HWNSQXHWQPBURT,5.8,Non-inhibitor,1,628,Training
185,Cc1cccc(-c2cn(Cc3cccc4ccccc34)c3cccc(-c4c(C(=O)O)cccc4)c23)c1,HWYHLNIIDQPAIP-UHFFFAOYSA-N,HWYHLNIIDQPAIP,6.02,Non-inhibitor,1,628,Training
186,Cc1cc(OCCCn2c(C)c(S(=O)(=O)c3ccccc3O)c(C)c2C(=O)O)cc(C)c1Cl,HZEOHSQNAJNCNO-UHFFFAOYSA-N,HZEOHSQNAJNCNO,6.82,Inhibitor,1,628,Training
187,Cc1cc(Oc2ccc(C=C3SC(=O)N(C(CC(C)C)C(=O)O)C3=O)cc2)cc(C)c1Cl,IAAARCIENVFTHV-UHFFFAOYSA-N,IAAARCIENVFTHV,6.19,Non-inhibitor,1,628,Training
188,O=C(O)CSc1c(O)c2c(cccc2)c(NS(=O)(=O)N2CCN(c3ccccc3)CC2)c1,IAZITAFETOAICY-UHFFFAOYSA-N,IAZITAFETOAICY,5.65,Non-inhibitor,1,628,Training
189,O=C(O)c1cc(-c2ccc(Oc3ccccc3)cc2)cc(-c2ccc3OCOc3c2)n1,ICDHJNQCTCPLRT-UHFFFAOYSA-N,ICDHJNQCTCPLRT,4.42,Non-inhibitor,1,628,Training
190,Cc1cc(OCCCc2c(C(=O)O)n3CCOc4c(Cl)ccc2c43)cc(C)c1Cl,IDBFWRWCAUOMEX-UHFFFAOYSA-N,IDBFWRWCAUOMEX,8.05,Inhibitor,1,628,Training
191,Cc1cc2c(cc(O)c(O)c2C(=O)Cc2ccccc2)c(O)c1-c1c(C)cc2c(C(=O)Cc3ccccc3)c(O)c(O)cc2c1O,IDXSKODLTDOMPF-UHFFFAOYSA-N,IDXSKODLTDOMPF,6.28,Non-inhibitor,1,628,Training
192,CC1=C(C2=C(C)C(=O)c3c(cc(O)c(O)c3Cc3ccccc3)C2=O)C(=O)c2c(C1=O)c(Cc1ccccc1)c(O)c(O)c2,IEJPMWKHSOLTHK-UHFFFAOYSA-N,IEJPMWKHSOLTHK,7.273333333333333,Inhibitor,1,628,Training
193,Cc1c(Cl)ccc(OCCCn2ccc3ccc(OCC(=O)O)cc32)c1,IFSSMHUCTCTMHR-UHFFFAOYSA-N,IFSSMHUCTCTMHR,5.0,Non-inhibitor,1,628,Training
194,N#CC1=C(C#N)c2c3c(cccc3c(Sc3ccc(Br)cc3)cc2)C1=O,IFUUTGNBTBDNHL-UHFFFAOYSA-N,IFUUTGNBTBDNHL,6.31,Non-inhibitor,1,628,Training
195,O=C(O)c1cc(S(=O)(=O)Nc2cccc(Br)c2)c2ccccc2c1O,IMEDQDQJCFEBNZ-UHFFFAOYSA-N,IMEDQDQJCFEBNZ,5.25,Non-inhibitor,1,628,Training
196,Cc1cc(OCCCc2c(C(=O)NS(=O)(=O)c3ccccc3)[nH]c3c2ccc(Cl)c3-c2c(C)n(C)nc2C)cc(C)c1Cl,IMSUUGYBPOJQPW-UHFFFAOYSA-N,IMSUUGYBPOJQPW,7.48,Inhibitor,1,628,Training
197,CC(C)CC(C(=O)O)N1C(=O)SC(=Cc2ccc(C(C)(C)C)cc2)C1=O,INSWWZYXYNDVSP-UHFFFAOYSA-N,INSWWZYXYNDVSP,5.65,Non-inhibitor,1,628,Training
198,COC(=O)CCCN=Cc1c2c(O)c(-c3c(C)cc4c(C(C)C)c(O)c(O)c(C=NCCCC(=O)OC)c4c3O)c(C)cc2c(C(C)C)c(O)c1O,IOXKTMYZXBRGSF-UHFFFAOYSA-N,IOXKTMYZXBRGSF,6.345,Non-inhibitor,1,628,Training
199,COc1ccccc1S(=O)(=O)c1c(C)n(CCCOc2cc(C)c(Cl)c(C)c2)c(C(=O)O)c1C,IPDSUNGPTLNIFE-UHFFFAOYSA-N,IPDSUNGPTLNIFE,6.37,Non-inhibitor,1,628,Training
200,Cc1cc(OCCCc2c3C(=O)N(c4cc(C(=O)O)cc5c4OCO5)CCCn3c3c2ccc(Cl)c3-c2c(C)n(C)nc2C)cc(C)c1Cl,IPYGEWCBSZWZNU-UHFFFAOYSA-N,IPYGEWCBSZWZNU,8.7075,Inhibitor,1,628,Training
201,COc1c(-c2cn(Cc3cccc4ccccc34)c3cccc(-c4c(C(=O)O)cccc4)c23)cccc1,IPZHAFBNGVCHBW-UHFFFAOYSA-N,IPZHAFBNGVCHBW,6.57,Inhibitor,1,628,Training
202,Cc1cc(OCCCc2c3C(=O)N(Cc4ccc(C(=O)O)o4)CC(C)n3c3c2ccc(Cl)c3-c2c(C)n(C)nc2C)cc(C)c1Cl,IQLKWVVNSXOMHJ-UHFFFAOYSA-N,IQLKWVVNSXOMHJ,7.7375,Inhibitor,1,628,Training
203,O=C(O)c1c(CCc2cccc3c2cccc3)c2c(cccc2)o1,IRIRYEAKZCFSIR-UHFFFAOYSA-N,IRIRYEAKZCFSIR,5.02,Non-inhibitor,1,628,Training
204,O=C(O)c1cc(-c2ccc(Br)cc2)cc(-c2ccc(Cl)cc2)n1,ITOBZMIQSQJRDL-UHFFFAOYSA-N,ITOBZMIQSQJRDL,4.4,Non-inhibitor,1,628,Training
205,CC(C)(C)OC(=O)N1CC(Oc2ccc(-c3ccccc3)cc2)CC1C(=O)NC(Cc1ccc(Br)cc1)C(=O)NS(=O)(=O)c1ccc([N+](=O)[O-])cc1,IVYZUCJQHVXRQI-UHFFFAOYSA-N,IVYZUCJQHVXRQI,5.66,Non-inhibitor,1,628,Training
206,Cc1cc(OCCCc2c3C(=O)N(Cc4ccc(C(=O)O)cc4)CCn3c3c2ccc(Cl)c3-c2c(C)n(C)nc2C)cc(C)c1Cl,IWUUBOKMPIMVGE-UHFFFAOYSA-N,IWUUBOKMPIMVGE,7.715,Inhibitor,1,628,Training
207,CCCCNC(=O)c1cc(O)c(O)c(O)c1NC(=O)c1ccccc1,IWZMHFXKLAUBEP-UHFFFAOYSA-N,IWZMHFXKLAUBEP,5.7,Non-inhibitor,1,628,Training
208,Cc1cc(OCCCc2c3C(=O)N(c4cc(C(=O)O)ccn4)CCCn3c3c2ccc(Cl)c3-c2c(C)n(C)nc2C)cc(C)c1Cl,IXXFVSWCZIPWPF-UHFFFAOYSA-N,IXXFVSWCZIPWPF,8.02,Inhibitor,1,628,Training
209,Cc1ccccc1C=CC(=O)Nc1ccc(C(=O)NS(=O)(=O)c2ccc(NCCSc3ccccc3)c([N+](=O)[O-])c2)cc1,IYNYVDXHLBFLIF-UHFFFAOYSA-N,IYNYVDXHLBFLIF,6.08,Non-inhibitor,1,628,Training
210,O=C(O)c1cc(S(=O)(=O)Nc2ccc3ccccc3c2)c2ccccc2c1O,JAMJDESZLZEKIH-UHFFFAOYSA-N,JAMJDESZLZEKIH,5.34,Non-inhibitor,1,628,Training
211,Cc1cc(OCCCc2c(C(=O)NS(=O)(=O)CCNC(=O)c3n[nH]c(-c4c(O)cccc4)c3)[nH]c3cc(Cl)ccc23)cc(C)c1Cl,JDKOAPLWVFCYIU-UHFFFAOYSA-N,JDKOAPLWVFCYIU,6.51,Inhibitor,1,628,Training
212,Cc1ccncc1-c1c2[nH]c(C(=O)NS(=O)(=O)c3ccccc3)c(CCCOc3cc(C)c(Cl)c(C)c3)c2ccc1,JDLPWUZBGRFKAE-UHFFFAOYSA-N,JDLPWUZBGRFKAE,7.44,Inhibitor,1,628,Training
213,Cc1cc(OCCCn2ccc3ccc(OCC(=O)O)cc32)cc(C)c1,JDQKKZCICMSOSQ-UHFFFAOYSA-N,JDQKKZCICMSOSQ,4.9,Non-inhibitor,1,628,Training
214,Cc1cc(Oc2ccc3C4=C(C#N)C(=O)N=C4c4cccc2c43)ccc1,JECDGNOBGBDIPY-UHFFFAOYSA-N,JECDGNOBGBDIPY,6.35,Non-inhibitor,1,628,Training
215,O=C(O)c1c(CCCOc2ccc3ncccc3c2)c2c(cccc2)[nH]1,JFVBJAUNZGZXBK-UHFFFAOYSA-N,JFVBJAUNZGZXBK,4.21,Non-inhibitor,1,628,Training
216,Cc1c(C(=O)O)oc2c1ccc(Cl)c2,JHAVUEBXBBRYED-UHFFFAOYSA-N,JHAVUEBXBBRYED,4.64,Non-inhibitor,1,628,Training
217,COC(=O)CNC(=O)c1c(CCCOc2cc(C)c(Cl)c(C)c2)c2c(cccc2)[nH]1,JHOBUXINUPBGAZ-UHFFFAOYSA-N,JHOBUXINUPBGAZ,5.5,Non-inhibitor,1,628,Training
218,CN(C)c1ccc(Oc2ccc3C4=C(C#N)C(=O)N=C4c4cccc2c43)cc1,JMXGHXAEFGLVRZ-UHFFFAOYSA-N,JMXGHXAEFGLVRZ,6.91,Inhibitor,1,628,Training
219,COc1ccc(-c2ccc(Cn3cc(C(=O)NC(Cc4c[nH]c5ccccc45)C(=O)NS(=O)(=O)c4ccc(C)cc4)c4c3cccc4)cc2)cc1,JNTPUFJEJAHTHK-UHFFFAOYSA-N,JNTPUFJEJAHTHK,6.28,Non-inhibitor,1,628,Training
220,COc1ccccc1C=CC(=O)Nc1ccc(C(=O)NS(=O)(=O)c2ccc(NCCSc3ccccc3)c([N+](=O)[O-])c2)cc1,JPYRVUWFSUOEJM-UHFFFAOYSA-N,JPYRVUWFSUOEJM,5.07,Non-inhibitor,1,628,Training
221,Cc1c(C(=O)O)n2CCCc3cccc1c32,JQFKQKBNLSPLHW-UHFFFAOYSA-N,JQFKQKBNLSPLHW,4.05,Non-inhibitor,1,628,Training
222,O=c1c2c(nc(-c3ccccc3)n1Cc1ccccc1)c(O)c(O)c(O)c2,JQFLKAJQKGNCSW-UHFFFAOYSA-N,JQFLKAJQKGNCSW,5.92,Non-inhibitor,1,628,Training
223,Cc1cc(OCCCn2c(C)c(S(=O)(=O)c3ccc([N+](=O)[O-])cc3)c(C)c2C(=O)O)cc(C)c1Cl,JQQPMDQMQDNKBO-UHFFFAOYSA-N,JQQPMDQMQDNKBO,6.38,Non-inhibitor,1,628,Training
224,COc1c(OC)c(-c2ncc(C=C3SC(=S)N(C(Cc4ccccc4)C(=O)O)C3=O)cc2)ccc1,JQTVGMOPYOBVAL-UHFFFAOYSA-N,JQTVGMOPYOBVAL,5.88,Non-inhibitor,1,628,Training
225,Cc1cc(OCCCc2c(C(=O)NS(=O)(=O)c3ccncc3)[nH]c3ccccc23)cc(C)c1Cl,JTLPBIUYANETOW-UHFFFAOYSA-N,JTLPBIUYANETOW,6.47,Non-inhibitor,1,628,Training
226,COc1cc(C=CC(=O)Nc2ccc(C(=O)NS(=O)(=O)c3ccc(NCCSc4ccccc4)c([N+](=O)[O-])c3)cc2)ccc1,JVHXRIVLIHFPMN-UHFFFAOYSA-N,JVHXRIVLIHFPMN,6.1,Non-inhibitor,1,628,Training
227,O=C(O)c1ccccc1-c1cccc2c1c(-c1cc(C(F)(F)F)ccc1)cn2CCCOc1cccc2ccccc12,JVXSOXGWGXURMC-UHFFFAOYSA-N,JVXSOXGWGXURMC,6.55,Inhibitor,1,628,Training
228,Cc1cc(OCCCc2c(C(=O)NCCC(=O)O)[nH]c3ccccc23)cc(C)c1Cl,JWQSJGVPMKWDMM-UHFFFAOYSA-N,JWQSJGVPMKWDMM,6.24,Non-inhibitor,1,628,Training
229,CCC(C)(C)c1ccc(Oc2ccc3C4=C(C#N)C(=O)N=C4c4cccc2c43)cc1,JWYGLQPJXUFCTO-UHFFFAOYSA-N,JWYGLQPJXUFCTO,6.01,Non-inhibitor,1,628,Training
230,Cc1cc(OCCCc2c(C(=O)NS(=O)(=O)CCNC(=O)c3ccccc3F)[nH]c3ccccc23)cc(C)c1Cl,JZKGOXRJWHSWCJ-UHFFFAOYSA-N,JZKGOXRJWHSWCJ,6.47,Non-inhibitor,1,628,Training
231,CC(=O)NCCS(=O)(=O)NC(=O)c1c(CCCOc2cc(C)c(Cl)c(C)c2)c2c(cccc2)[nH]1,JZXOPFNWUSAZOE-UHFFFAOYSA-N,JZXOPFNWUSAZOE,6.18,Non-inhibitor,1,628,Training
232,CC(C)COc1ccc(-c2cc(C(=O)O)nn2-c2ccccc2)cc1,KAOKRVGFJLGJRV-UHFFFAOYSA-N,KAOKRVGFJLGJRV,5.09,Non-inhibitor,1,628,Training
233,CCCCCCN=C1C(=O)NC2=C1c1c3c2cccc3c(Sc2ccc(OC)cc2)cc1,KAVJRUFVDNKWQL-UHFFFAOYSA-N,KAVJRUFVDNKWQL,7.11,Inhibitor,1,628,Training
234,Cc1ccc(S(=O)(=O)c2c(CC(C)C)n(CCCOc3cc(C)c(Cl)c(C)c3)c(C(=O)O)c2C)cc1,KAXZLKBPFRUFTQ-UHFFFAOYSA-N,KAXZLKBPFRUFTQ,5.8,Non-inhibitor,1,628,Training
235,Cc1c(-c2c(O)c(C=O)c3c(O)c(O)c(C(C)C)cc3c2)c(O)c2c(C=O)c(O)c(O)c(C(C)C)c2c1,KCXHDKMLQFEYLA-UHFFFAOYSA-N,KCXHDKMLQFEYLA,6.75,Inhibitor,1,628,Training
236,COc1cc(S(=O)(=O)c2c(C)n(CCCOc3cc(C)c(Cl)c(C)c3)c(C(=O)O)c2C)ccc1,KDYJJSREURFPKB-UHFFFAOYSA-N,KDYJJSREURFPKB,6.7,Inhibitor,1,628,Training
237,N#CC1=C(NCCC(=O)NCc2ccccc2)c2c3c(cccc3c(Sc3ccc(Br)cc3)cc2)C1=O,KELPOPKCIJFUJK-UHFFFAOYSA-N,KELPOPKCIJFUJK,6.25,Non-inhibitor,1,628,Training
238,O=C(O)c1c(-c2cccc3c2c(-c2ccccc2)cn3Cc2cccc3ccccc23)cccc1,KFIPPTVKFZQMJH-UHFFFAOYSA-N,KFIPPTVKFZQMJH,6.92,Inhibitor,1,628,Training
239,O=C(O)c1cc(S(=O)(=O)NCc2ccccc2)c2ccccc2c1O,KFYCLGDNWSQMFJ-UHFFFAOYSA-N,KFYCLGDNWSQMFJ,4.25,Non-inhibitor,1,628,Training
240,O=C(O)c1ccc(Cl)cc1-c1cccc2c1ccn2CCCOc1cccc2ccccc12,KGDQVKRMGYAUAI-UHFFFAOYSA-N,KGDQVKRMGYAUAI,6.66,Inhibitor,1,628,Training
241,O=C(O)c1ccccc1NS(=O)(=O)c1ccccc1,KIAHUXDVSURYKM-UHFFFAOYSA-N,KIAHUXDVSURYKM,4.32,Non-inhibitor,1,628,Training
242,CC(C)(C)Oc1ccc(OCCCn2c(C(N)=O)cc3ccc(OCC(=O)O)cc32)cc1,KKLVLUYEYGRNKX-UHFFFAOYSA-N,KKLVLUYEYGRNKX,5.27,Non-inhibitor,1,628,Training
243,Cc1cc(OCCCc2c(C(=O)NS(=O)(=O)CCNC(=O)c3ccco3)[nH]c3cc(Cl)ccc23)cc(C)c1Cl,KLFPHYXJXWJDKF-UHFFFAOYSA-N,KLFPHYXJXWJDKF,7.28,Inhibitor,1,628,Training
244,N#Cc1cc(Sc2ccccc2)cnc1O,KLOBHSFZQDLPNJ-UHFFFAOYSA-N,KLOBHSFZQDLPNJ,5.48,Non-inhibitor,1,628,Training
245,O=C(O)CSc1cc(NS(=O)(=O)c2ccc(-c3ccc(F)cc3F)cc2)c2ccccc2c1O,KLSYTKGODWWAFP-UHFFFAOYSA-N,KLSYTKGODWWAFP,6.476666666666667,Non-inhibitor,1,628,Training
246,COC(=O)CCCCCN=Cc1c2c(O)c(-c3c(C)cc4c(C(C)C)c(O)c(O)c(C=NCCCCCC(=O)OC)c4c3O)c(C)cc2c(C(C)C)c(O)c1O,KMMRTGSXFORUFY-UHFFFAOYSA-N,KMMRTGSXFORUFY,6.71,Inhibitor,1,628,Training
247,O=C(O)c1c(CCCOc2ccc(Oc3ccccc3)cc2)c2c(cccc2)[nH]1,KODNRTSAKHAGCK-UHFFFAOYSA-N,KODNRTSAKHAGCK,5.19,Non-inhibitor,1,628,Training
248,CC(C)(C)OC(=O)N1CC(Oc2ccc(-c3ccccc3)cc2)CC1C(=O)NC(Cc1ccc(Br)cc1)C(=O)NS(=O)(=O)c1ccccc1,KOFWISPABAWEHI-UHFFFAOYSA-N,KOFWISPABAWEHI,5.92,Non-inhibitor,1,628,Training
249,Cc1ccc(-c2ccc(OC3CC(C(=O)NC(Cc4ccccc4)C(=O)NS(=O)(=O)c4ccc(Cl)c([N+](=O)[O-])c4)N(C(=O)OC(C)(C)C)C3)cc2)cc1,KOYXUTSDUYAPIZ-UHFFFAOYSA-N,KOYXUTSDUYAPIZ,6.25,Non-inhibitor,1,628,Training
250,O=C(O)c1c(CCCOc2cccc3c2cc[nH]3)c2c(cccc2)[nH]1,KPFYHZZHNULACT-UHFFFAOYSA-N,KPFYHZZHNULACT,4.85,Non-inhibitor,1,628,Training
251,O=C(O)c1cc(S(=O)(=O)Nc2ccc(Oc3ccccc3)cc2)c2ccccc2c1O,KQZIXPIGEBHCOH-UHFFFAOYSA-N,KQZIXPIGEBHCOH,5.94,Non-inhibitor,1,628,Training
252,O=C(O)c1cc(S(=O)(=O)NCc2ccc(Cl)cc2)c2ccccc2c1O,KRLITVFCQFXSTJ-UHFFFAOYSA-N,KRLITVFCQFXSTJ,4.68,Non-inhibitor,1,628,Training
253,Cc1cc(OCCCc2c3C(=O)N(c4cc5c(ccn5C)c(C(=O)O)c4)CC(C)n3c3c2ccc(Cl)c3-c2c(C)n(C)nc2C)cc(C)c1Cl,KRPZNIACIZJAQA-UHFFFAOYSA-N,KRPZNIACIZJAQA,9.25,Inhibitor,1,628,Training
254,Cc1cc2c(c(O)c1-c1c(C)cc3c(C(C)C)c(O)c(O)c(C=NCC(=O)O)c3c1O)c(C=NCC(=O)O)c(O)c(O)c2C(C)C,KSUWNCNJOCESIT-UHFFFAOYSA-N,KSUWNCNJOCESIT,6.92,Inhibitor,1,628,Training
255,Cc1ccc(-c2cccc3c2[nH]c(C(=O)O)c3CCCOc2cccc3ccccc23)cc1,KSYDLXJTLGBEDR-UHFFFAOYSA-N,KSYDLXJTLGBEDR,5.93,Non-inhibitor,1,628,Training
256,CC(C)(C)OC(=O)N1CC(Oc2ccc(-c3ccccc3)cc2)CC1C(=O)NC(Cc1ccccc1)C(=O)NS(=O)(=O)c1ccc(Cl)c([N+](=O)[O-])c1,KTFJQBUGIWKFON-UHFFFAOYSA-N,KTFJQBUGIWKFON,6.03,Non-inhibitor,1,628,Training
257,Cc1cc(OCCCc2c(C(=O)NS(=O)(=O)c3ccc(C(=O)O)o3)[nH]c3c2ccc(Cl)c3-c2c(C)[nH]nc2C)cc(C)c1Cl,KTNNYAXNCQVPIU-UHFFFAOYSA-N,KTNNYAXNCQVPIU,9.44,Inhibitor,1,628,Training
258,O=C(O)c1c(CCCOc2cccc3ccccc23)c2c([nH]1)c(-c1ccccc1)ccc2,KTRRVUAMYYAKSN-UHFFFAOYSA-N,KTRRVUAMYYAKSN,6.085,Non-inhibitor,1,628,Training
259,Cc1ccc2c(Cl)c(C(=O)O)sc2c1,KWGVHWHFCFSQAZ-UHFFFAOYSA-N,KWGVHWHFCFSQAZ,4.4,Non-inhibitor,1,628,Training
260,O=C(O)CSc1cc(NS(=O)(=O)Cc2ccc(Cl)cc2)c2ccccc2c1O,KWOGXXULKCPPGD-UHFFFAOYSA-N,KWOGXXULKCPPGD,5.28,Non-inhibitor,1,628,Training
261,N#CC(C#N)=c1c(=O)c2cccc3c(Oc4ccc(Cl)cc4)ccc1c32,KYXYOAYQWRWUIV-UHFFFAOYSA-N,KYXYOAYQWRWUIV,5.37,Non-inhibitor,1,628,Training
262,O=C(O)c1ccc(COc2ccc(C=C3SC(=S)N(c4ccc(Br)cc4)C3=O)cc2)cc1,KZIGHPDMLXCFDK-UHFFFAOYSA-N,KZIGHPDMLXCFDK,6.16,Non-inhibitor,1,628,Training
263,O=C(O)c1cc(S(=O)(=O)Nc2cc(-c3ccccc3)ccc2)c2ccccc2c1O,KZQOMSULEJYOHX-UHFFFAOYSA-N,KZQOMSULEJYOHX,5.73,Non-inhibitor,1,628,Training
264,Cc1ccc(Sc2ccc3C4=C(C#N)C(=O)N=C4c4cccc2c43)cc1,LBKGRTQSOMJWJJ-UHFFFAOYSA-N,LBKGRTQSOMJWJJ,5.82,Non-inhibitor,1,628,Training
265,O=C(O)CSc1c(O)c2c(cccc2)c(NS(=O)(=O)c2cccc(-c3ccccc3)c2)c1,LBXNABMPJYFQLL-UHFFFAOYSA-N,LBXNABMPJYFQLL,6.42,Non-inhibitor,1,628,Training
266,Cc1cc(OCCCc2c(C(=O)NS(=O)(=O)c3cc(CNC(=O)c4cocc4)ccc3)[nH]c3c2ccc(Cl)c3-c2c(C)n(C)nc2C)cc(C)c1Cl,LCLPIOHJGZKBQV-UHFFFAOYSA-N,LCLPIOHJGZKBQV,7.85,Inhibitor,1,628,Training
267,Cc1cc(OCCCc2c(C(=O)O)sc3cc(Cl)ccc23)cc(C)c1Cl,LDHKTVULLKPADL-UHFFFAOYSA-N,LDHKTVULLKPADL,6.6,Inhibitor,1,628,Training
268,COc1c2ccccc2c(NS(=O)(=O)c2ccc(-c3ccccc3)cc2)cc1SCC(=O)O,LDKXKPXMNXCPOR-UHFFFAOYSA-N,LDKXKPXMNXCPOR,4.7,Non-inhibitor,1,628,Training
269,Cc1cc(Oc2ccc(C=C3SC(=O)N(CC(=O)O)C3=O)cc2)cc(C)c1Cl,LFSBCBBSWOKDJZ-UHFFFAOYSA-N,LFSBCBBSWOKDJZ,5.63,Non-inhibitor,1,628,Training
270,Cc1cc(OCCCc2c3C(=O)N(Cc4ccc(C(=O)O)cc4)CC(C)n3c3c2ccc(Cl)c3-c2c(C)n(C)nc2C)cc(C)c1Cl,LGHFURZJMBZNQG-UHFFFAOYSA-N,LGHFURZJMBZNQG,7.865,Inhibitor,1,628,Training
271,Cc1cc(Oc2ccc(C=C3SC(=O)N(C(C)C(=O)O)C3=O)cc2)cc(C)c1Cl,LGKWJROSQFESLU-UHFFFAOYSA-N,LGKWJROSQFESLU,5.635,Non-inhibitor,1,628,Training
272,O=C(O)c1c(NS(=O)(=O)c2ccccc2)ccc(NCCc2ccccc2)c1,LMFLUACHTUGXKA-UHFFFAOYSA-N,LMFLUACHTUGXKA,5.33,Non-inhibitor,1,628,Training
273,CN(C)c1ccc(NC(=O)c2cn(-c3ccccc3)nc2-c2cccs2)cc1,LOPGINRZVURMPZ-UHFFFAOYSA-N,LOPGINRZVURMPZ,5.61,Non-inhibitor,1,628,Training
274,CC(C)Oc1ccc(C(=O)Nc2ccc(N(C)C)cc2)cc1,LPLHISIAAPYRSG-UHFFFAOYSA-N,LPLHISIAAPYRSG,5.35,Non-inhibitor,1,628,Training
275,CC(=O)NCc1cccc(S(=O)(=O)NC(=O)c2c(CCCOc3cc(C)c(Cl)c(C)c3)c3c([nH]2)c(-c2c(C)n(C)nc2C)c(Cl)cc3)c1,LQKRTTLTEQKXRW-UHFFFAOYSA-N,LQKRTTLTEQKXRW,7.67,Inhibitor,1,628,Training
276,CC(C)c1ccc(Oc2ccc3C4=C(C#N)C(=O)N=C4c4cccc2c43)cc1,LQPUNUIMIHGZEE-UHFFFAOYSA-N,LQPUNUIMIHGZEE,6.745,Inhibitor,1,628,Training
277,Cc1cc(OCCCc2c3C(=O)N(c4cc(C(=O)O)cc5c4ccn5C)CCCn3c3c2cc(Cl)cc3-c2c(C)n(C)nc2C)cc(C)c1Cl,LRGBYYQSTYTTSC-UHFFFAOYSA-N,LRGBYYQSTYTTSC,6.89,Inhibitor,1,628,Training
278,CC(C)c1ccc(Sc2cnc(O)c(C(=O)NCc3ccccc3)c2)cc1,LUYCLSKIFGYZQS-UHFFFAOYSA-N,LUYCLSKIFGYZQS,6.64,Inhibitor,1,628,Training
279,CC(C)(C)OC(=O)NC(Cc1ccc(OCc2ccc(-c3ccccc3)cc2)cc1)C(=O)NS(=O)(=O)c1ccc(Cl)c([N+](=O)[O-])c1,LVVGGCOBLLAQGV-UHFFFAOYSA-N,LVVGGCOBLLAQGV,6.35,Non-inhibitor,1,628,Training
280,Cc1cc(OCCCn2c(C(=O)O)cc3ccccc32)ccc1Cl,LVYBYDSXCXPMJF-UHFFFAOYSA-N,LVYBYDSXCXPMJF,5.92,Non-inhibitor,1,628,Training
281,O=C(O)c1c(CCCOc2cccc3ccccc23)c2cccc3c2n1CCO3,LWIJJFXBSZFQMN-UHFFFAOYSA-N,LWIJJFXBSZFQMN,6.96,Inhibitor,1,628,Training
282,Cc1cc(OCCCn2ccc3ccc(OCc4ccccc4C(=O)O)cc32)cc(C)c1Cl,LXHWTNSLSUVRLQ-UHFFFAOYSA-N,LXHWTNSLSUVRLQ,6.1,Non-inhibitor,1,628,Training
283,Cc1ccc(S(=O)(=O)NC(=O)C(Cc2ccccc2)N2C(=O)C(=Cc3ccc(-c4ccccc4)cc3)SC2=S)cc1,MBJDUEXPIYPSAL-UHFFFAOYSA-N,MBJDUEXPIYPSAL,6.358,Non-inhibitor,1,628,Training
284,Cc1cc(OCCCc2c(C(=O)O)[nH]c3cc(Cl)ccc23)cc(C)c1Cl,MCMWRWKXPXXZAS-UHFFFAOYSA-N,MCMWRWKXPXXZAS,6.49,Non-inhibitor,1,628,Training
285,O=C(O)c1c(CCCOc2ccc(Cl)cc2)c2c(cccc2)[nH]1,MDJHWRNTVWUWHW-UHFFFAOYSA-N,MDJHWRNTVWUWHW,5.01,Non-inhibitor,1,628,Training
286,CC(C)(C)OC(=O)N1CC(Oc2ccc(-c3ccccc3)cc2)CC1C(=O)NC(Cc1ccccc1)C(=O)NS(=O)(=O)c1ccccc1,MDLXEXFPXUNDQS-UHFFFAOYSA-N,MDLXEXFPXUNDQS,5.19,Non-inhibitor,1,628,Training
287,Cc1cc(OCCCc2c3C(=O)N(Cc4cccc(C(=O)O)c4)CC(C)Cn3c3c2ccc(Cl)c3-c2c(C)n(C)nc2C)cc(C)c1Cl,MFNJSKVSTWPILB-UHFFFAOYSA-N,MFNJSKVSTWPILB,7.4,Inhibitor,1,628,Training
288,CCc1c(S(=O)(=O)c2ccc(C)cc2)c(C)c(C(=O)O)n1CCCOc1cc(C)c(Cl)c(C)c1,MGODOIMZRLPSFK-UHFFFAOYSA-N,MGODOIMZRLPSFK,5.6,Non-inhibitor,1,628,Training
289,O=C(O)c1cc(S(=O)(=O)Nc2ccc(Oc3ccc(Cl)cc3Cl)cc2)c2ccccc2c1O,MHLNOPQXHVWPEC-UHFFFAOYSA-N,MHLNOPQXHVWPEC,7.1,Inhibitor,1,628,Training
290,CCOc1ccc(S(=O)(=O)c2c(C)n(CCCOc3cc(C)c(Cl)c(C)c3)c(C(=O)O)c2C)cc1,MJOQYRVJHFEGRT-UHFFFAOYSA-N,MJOQYRVJHFEGRT,6.85,Inhibitor,1,628,Training
291,CC(C)c1ccc(Sc2cnc(O)c(C(=O)NCCCc3ccccc3)c2)cc1,MJSIFIQSPXISHW-UHFFFAOYSA-N,MJSIFIQSPXISHW,6.72,Inhibitor,1,628,Training
292,CC(=O)c1ccc(S(=O)(=O)c2c(C)n(CCCOc3cc(C)c(Cl)c(C)c3)c(C(=O)O)c2C)cc1,MKUKBCVJQXCFKM-UHFFFAOYSA-N,MKUKBCVJQXCFKM,8.67,Inhibitor,1,628,Training
293,N#Cc1cc(-c2ccc(-c3ccccc3)cc2)cnc1O,MLQYXGZJDQXYBU-UHFFFAOYSA-N,MLQYXGZJDQXYBU,4.9,Non-inhibitor,1,628,Training
294,COC(=O)CCN=Cc1c2c(O)c(-c3c(C)cc4c(C(C)C)c(O)c(O)c(C=NCCC(=O)OC)c4c3O)c(C)cc2c(C(C)C)c(O)c1O,MLTSXBOQPIPUPW-UHFFFAOYSA-N,MLTSXBOQPIPUPW,6.24,Non-inhibitor,1,628,Training
295,CCC(C)(C)c1ccc(Oc2ccc3c(=C(C#N)C#N)c(=O)c4cccc2c43)cc1,MNGHAWVRBFNCQL-UHFFFAOYSA-N,MNGHAWVRBFNCQL,5.84,Non-inhibitor,1,628,Training
296,CC(=O)c1cc(S(=O)(=O)c2c(C)n(CCCOc3cc(C)c(Cl)c(C)c3)c(C(=O)O)c2C)ccc1,MRMKOTIUDYGFPU-UHFFFAOYSA-N,MRMKOTIUDYGFPU,6.26,Non-inhibitor,1,628,Training
297,Cc1cc(OCCCc2c(C(=O)O)n(C)c3cc(Cl)ccc23)cc(C)c1Cl,MRXZHJUTVZJIGX-UHFFFAOYSA-N,MRXZHJUTVZJIGX,6.85,Inhibitor,1,628,Training
298,Cc1cc(OCCCc2c(C(=O)Nc3ncc(C(=O)O)cc3)[nH]c3c2ccc(Cl)c3-c2c(C)n(C)nc2C)cc(C)c1Cl,MRZXDXCOGHOUHD-UHFFFAOYSA-N,MRZXDXCOGHOUHD,7.54,Inhibitor,1,628,Training
299,CC(=O)N1CCN(c2ccc(OCc3c(-c4cccc5c4n(CCN4CCOCC4)c(C(=O)O)c5CCCOc4cccc5ccccc45)c(C)nn3C)cc2)CC1,MSMXIHTVBMZGMZ-UHFFFAOYSA-N,MSMXIHTVBMZGMZ,9.095,Inhibitor,1,628,Training
300,Cc1c(C(=O)O)n2CCSc3cccc1c32,MSSCQNJHTCSNHM-UHFFFAOYSA-N,MSSCQNJHTCSNHM,4.75,Non-inhibitor,1,628,Training
301,CCc1cc(OCCCc2c(C(=O)O)[nH]c3ccccc23)ccc1Cl,MTELVMRZGGGOHL-UHFFFAOYSA-N,MTELVMRZGGGOHL,5.96,Non-inhibitor,1,628,Training
302,COc1ccc(Oc2ccc3C4=C(C#N)C(=O)N=C4c4cccc2c43)cc1,MTVXIMCLUYDUHS-UHFFFAOYSA-N,MTVXIMCLUYDUHS,6.75,Inhibitor,1,628,Training
303,Cc1cc(OCCCc2c(C(=O)NCc3ccc(C(=O)O)o3)[nH]c3ccccc23)cc(C)c1Cl,MUEXGFNPGFIQOL-UHFFFAOYSA-N,MUEXGFNPGFIQOL,7.16,Inhibitor,1,628,Training
304,Cc1cc(OCCCn2ccc3cc(OCc4ccc(C(=O)O)cc4)ccc32)cc(C)c1Cl,MURNSIIRTWLJOD-UHFFFAOYSA-N,MURNSIIRTWLJOD,5.79,Non-inhibitor,1,628,Training
305,Cc1cc(OCCCc2c(C(=O)NS(=O)(=O)CCNC(=O)C3Cc4c(cccc4)N3)[nH]c3ccccc23)cc(C)c1Cl,MXEDGZADKSLEIL-UHFFFAOYSA-N,MXEDGZADKSLEIL,6.71,Inhibitor,1,628,Training
306,COc1ccc(C(=O)C=Cc2cccc(F)c2O)cc1,MYWXVUPGTQHBJW-UHFFFAOYSA-N,MYWXVUPGTQHBJW,4.7,Non-inhibitor,1,628,Training
307,CC(C)(C)OC(=O)N1CC(Oc2ccc(-c3ccccc3)cc2)CC1C(=O)NC(Cc1ccc(O)cc1)C(=O)NS(=O)(=O)c1ccc(Cl)c([N+](=O)[O-])c1,NACVVPTYWKYBMV-UHFFFAOYSA-N,NACVVPTYWKYBMV,5.66,Non-inhibitor,1,628,Training
308,Cc1cc(OCCCc2c3C(=O)N(Cc4ccc(C(=O)O)o4)CCCn3c3c2ccc(Cl)c3-c2c(C)n(C)nc2C)cc(C)c1Cl,NAIKFCWOPDUKKS-UHFFFAOYSA-N,NAIKFCWOPDUKKS,8.055,Inhibitor,1,628,Training
309,Cc1c(Cl)c(C)cc(OCCCc2c3C(=O)N(Cc4cccc(C(=O)O)c4)C(C)CCn3c3c2ccc(Cl)c3-c2c(C)n(C)nc2C)c1,NBXQTALFONQFNY-UHFFFAOYSA-N,NBXQTALFONQFNY,7.92,Inhibitor,1,628,Training
310,O=C(O)c1c(CCCOc2ccc(-c3ccccc3)cc2)c2c(cccc2)[nH]1,NCQHPXUHYRBUCA-UHFFFAOYSA-N,NCQHPXUHYRBUCA,5.12,Non-inhibitor,1,628,Training
311,O=C(O)CSc1cc(NS(=O)(=O)c2cc([N+](=O)[O-])ccc2)c2ccccc2c1O,NDBSDAMBGDKOBZ-UHFFFAOYSA-N,NDBSDAMBGDKOBZ,4.87,Non-inhibitor,1,628,Training
312,Cc1cc(OCCCc2c(C(=O)NS(=O)(=O)CCNC(=O)C3CCCCC3)[nH]c3cc(Cl)ccc23)cc(C)c1Cl,NEPGYBYFRTXHOG-UHFFFAOYSA-N,NEPGYBYFRTXHOG,7.26,Inhibitor,1,628,Training
313,O=C(O)CSc1cc(NS(=O)(=O)c2ccc3ccccc3c2)c2ccccc2c1O,NIDRZGBFOJIVAJ-UHFFFAOYSA-N,NIDRZGBFOJIVAJ,6.14,Non-inhibitor,1,628,Training
314,O=C(O)c1c(CCCOc2cccc3ccccc23)c2cccc3c2n1CCS3,NKNPHHGNUNPDRP-UHFFFAOYSA-N,NKNPHHGNUNPDRP,6.92,Inhibitor,1,628,Training
315,O=C(O)CSc1cc(NS(=O)(=O)c2ccc(Cl)cc2)c2ccccc2c1O,NLRVCTAQYTWYQX-UHFFFAOYSA-N,NLRVCTAQYTWYQX,6.09,Non-inhibitor,1,628,Training
316,Cc1cc(OCCCc2c(C(=O)NS(=O)(=O)c3ccc(C(=O)NCc4ccccc4)o3)[nH]c3c2ccc(Cl)c3-c2c(C)n(C)nc2C)cc(C)c1Cl,NMFCQGOCMLIFDA-UHFFFAOYSA-N,NMFCQGOCMLIFDA,7.85,Inhibitor,1,628,Training
317,Cc1ccc(OCCCc2c(C(=O)O)[nH]c3ccccc23)cc1,NMIQCLQLYGWJOZ-UHFFFAOYSA-N,NMIQCLQLYGWJOZ,4.8,Non-inhibitor,1,628,Training
318,Cc1cc(OCCCn2ccc3ccc(OCC(=O)O)cc32)cc(C)c1Cl,NNIFJZPKOXMOFI-UHFFFAOYSA-N,NNIFJZPKOXMOFI,5.82,Non-inhibitor,1,628,Training
319,O=C(CCc1ccccc1)Nc1ccc(C(=O)NS(=O)(=O)c2ccc(NCCSc3ccccc3)c([N+](=O)[O-])c2)cc1,NNNSNOXNCDVQGR-UHFFFAOYSA-N,NNNSNOXNCDVQGR,5.16,Non-inhibitor,1,628,Training
320,Cc1cc(OCCCc2c3C(=O)NCC(C)Cn3c3c2ccc(Cl)c3-c2c(C)n(C)nc2C)cc(C)c1Cl,NPRBBGWHYUDQBX-UHFFFAOYSA-N,NPRBBGWHYUDQBX,7.1,Inhibitor,1,628,Training
321,O=C(O)c1cc(S(=O)(=O)Nc2ccc(Oc3cccc(Br)c3)cc2)c2ccccc2c1O,NRCLFNVQEKEPBV-UHFFFAOYSA-N,NRCLFNVQEKEPBV,6.94,Inhibitor,1,628,Training
322,O=C(O)c1cc(-c2ccc(OCc3ccccc3)cc2)cc(-c2ccc(OCc3ccccc3)cc2)n1,NRWYMZGYQTYBKG-UHFFFAOYSA-N,NRWYMZGYQTYBKG,5.04,Non-inhibitor,1,628,Training
323,O=C(O)c1c(NS(=O)(=O)c2cc3c(cccc3)cc2)ccc(SCCc2ccccc2)c1,NSEKHDVVZNMXDE-UHFFFAOYSA-N,NSEKHDVVZNMXDE,6.66,Inhibitor,1,628,Training
324,N#CC1=C(O)c2cccc3c(Sc4ccc(Br)cc4)ccc(c23)C1=NCCC(=O)NCc1ccc(C(=O)O)cc1,NTHOVYVBPQHFAA-UHFFFAOYSA-N,NTHOVYVBPQHFAA,6.5,Inhibitor,1,628,Training
325,NC(=O)c1cc2c(cc(OCC(=O)O)cc2)n1CCCOc1ccc(Oc2ccccc2)cc1,NWBBJXGCUKPFBI-UHFFFAOYSA-N,NWBBJXGCUKPFBI,5.38,Non-inhibitor,1,628,Training
326,O=C(O)c1c(CCCOc2c3CCCCc3ccc2)c2c(cccc2)[nH]1,NWRCDRTZFGXEFL-UHFFFAOYSA-N,NWRCDRTZFGXEFL,6.52,Inhibitor,1,628,Training
327,COCCCc1c(C(=O)O)n(CCN2CCOCC2)c2c1cccc2-c1c(COc2ccc(N3CCN(S(=O)(=O)N(C)C)CC3)cc2)n(C)nc1C,NXIRNRIXHFBWOT-UHFFFAOYSA-N,NXIRNRIXHFBWOT,9.34,Inhibitor,1,628,Training
328,Cc1ccc(-c2cn(CCOc3cccc4ccccc34)c3c2c(-c2ccccc2C(=O)O)ccc3)cc1,NYUCDBAHTJBQSP-UHFFFAOYSA-N,NYUCDBAHTJBQSP,6.6,Inhibitor,1,628,Training
329,Cc1cc(OCCCc2c(C(=O)O)n3CCSc4cccc2c43)cc(C)c1Cl,NZEFYOHVASXLPS-UHFFFAOYSA-N,NZEFYOHVASXLPS,7.15,Inhibitor,1,628,Training
330,O=C(O)CSc1cc(NS(=O)(=O)c2ccc(-c3ccc(Cl)cc3)cc2)c2ccccc2c1O,NZJRLTZEJDEFLT-UHFFFAOYSA-N,NZJRLTZEJDEFLT,6.533333333333332,Inhibitor,1,628,Training
331,Cc1cc(OCCCc2c(C(=O)Nc3cc(C(=O)O)ccc3)[nH]c3c2ccc(Cl)c3-c2c(C)n(C)nc2C)cc(C)c1Cl,ODMWLLDLJAHWIY-UHFFFAOYSA-N,ODMWLLDLJAHWIY,7.305,Inhibitor,1,628,Training
332,Cc1cccc(-c2cccc3c2[nH]c(C(=O)O)c3CCCOc2cccc3ccccc23)c1,ODUPCPNFTKYSCI-UHFFFAOYSA-N,ODUPCPNFTKYSCI,5.945,Non-inhibitor,1,628,Training
333,Cc1c(Cl)c(C)cc(OCCC(=O)O)c1,OEIJOSOCXFPJQX-UHFFFAOYSA-N,OEIJOSOCXFPJQX,4.22,Non-inhibitor,1,628,Training
334,Cc1cc(OCCCn2ccc3ccc(OCCCC(=O)O)cc32)cc(C)c1Cl,OGEXMAKQVKCGHB-UHFFFAOYSA-N,OGEXMAKQVKCGHB,5.57,Non-inhibitor,1,628,Training
335,O=C(O)c1cc(S(=O)(=O)N2CCCCC2)c2ccccc2c1O,OGTOVDMYTARVKS-UHFFFAOYSA-N,OGTOVDMYTARVKS,5.53,Non-inhibitor,1,628,Training
336,O=C1NC2=C(C1=NCCCc1ccccc1)c1ccc(Sc3ccc(OO)cc3)c3cccc2c13,OHUMWVDIZFUPRC-UHFFFAOYSA-N,OHUMWVDIZFUPRC,7.38,Inhibitor,1,628,Training
337,O=C(O)c1c(Cl)c2c(cccc2Cl)s1,OIWHDKKVGXWDEW-UHFFFAOYSA-N,OIWHDKKVGXWDEW,4.66,Non-inhibitor,1,628,Training
338,Cc1cc(OCCCc2c(C(=O)NS(=O)(=O)c3ccccc3)[nH]c3c2cccc3-c2c(C)[nH]nc2C)cc(C)c1Cl,OJQWQPQFXYWZBV-UHFFFAOYSA-N,OJQWQPQFXYWZBV,6.29,Non-inhibitor,1,628,Training
339,Cc1cc(OCCCc2c3C(=O)N(Cc4ccc(C(=O)O)cc4)CCCn3c3c2ccc(Cl)c3-c2c(C)n(C)nc2C)cc(C)c1Cl,OKCTYMGOMCFBCK-UHFFFAOYSA-N,OKCTYMGOMCFBCK,8.45,Inhibitor,1,628,Training
340,CCOc1ccc(-c2c(NC(=O)c3ccccc3)c(C(=O)O)nn2-c2ccc(Oc3ccccc3)cc2)cc1,OMNHLSACIDVOIX-UHFFFAOYSA-N,OMNHLSACIDVOIX,6.2,Non-inhibitor,1,628,Training
341,O=C(NC(Cc1ccccc1)C(=O)NS(=O)(=O)c1ccccc1)c1cn(Cc2ccc(-c3ccc(Cl)cc3)cc2)c2c1cccc2,OOVAAFLATYDMLI-UHFFFAOYSA-N,OOVAAFLATYDMLI,6.31,Non-inhibitor,1,628,Training
342,Cc1cc(OCCCn2c(C)c(S(=O)(=O)c3ccc(C(=O)c4ccccc4)cc3)c(C)c2C(=O)O)cc(C)c1Cl,OPBBWLSCZUIKQW-UHFFFAOYSA-N,OPBBWLSCZUIKQW,6.42,Non-inhibitor,1,628,Training
343,O=C(O)CSc1cc(NS(=O)(=O)c2ccccc2Br)c2ccccc2c1O,OPNBHESGDUNSCO-UHFFFAOYSA-N,OPNBHESGDUNSCO,5.36,Non-inhibitor,1,628,Training
344,O=C(CCc1ccccc1)Nc1cc(C(=O)O)c(NS(=O)(=O)c2ccccc2)cc1,OPTKZYQRQVFXQB-UHFFFAOYSA-N,OPTKZYQRQVFXQB,4.72,Non-inhibitor,1,628,Training
345,O=C(NS(=O)(=O)c1ccc(Cl)c([N+](=O)[O-])c1)C(Cc1ccccc1)N1C(=O)NC(Cc2ccc(-c3ccc(Cl)cc3)cc2)C1=O,OQKABKQHXVJGKK-UHFFFAOYSA-N,OQKABKQHXVJGKK,5.54,Non-inhibitor,1,628,Training
346,O=C(O)c1cc(S(=O)(=O)N2CCN(c3ccccc3)CC2)c2ccccc2c1O,ORKWHMREWDJSCF-UHFFFAOYSA-N,ORKWHMREWDJSCF,5.34,Non-inhibitor,1,628,Training
347,Cc1cc(C=CC(=O)Nc2ccc(C(=O)NS(=O)(=O)c3ccc(NCCSc4ccccc4)c([N+](=O)[O-])c3)cc2)ccc1,ORLFBORQSLQBHH-UHFFFAOYSA-N,ORLFBORQSLQBHH,6.36,Non-inhibitor,1,628,Training
348,Cc1c2[nH]c(C(=O)O)c(-c3ccccc3)c2ccc1,OSOLISRTJWBBIW-UHFFFAOYSA-N,OSOLISRTJWBBIW,3.87,Non-inhibitor,1,628,Training
349,Cc1cc(OCCCc2c(C(=O)NS(=O)(=O)c3ccco3)[nH]c3cc(Cl)ccc23)cc(C)c1Cl,OSWGCBZOVLVZFD-UHFFFAOYSA-N,OSWGCBZOVLVZFD,6.94,Inhibitor,1,628,Training
350,NS(=O)(=O)c1c2ccccc2c(O)c(C(=O)O)c1,OTDVKOVLSPJORY-UHFFFAOYSA-N,OTDVKOVLSPJORY,4.0,Non-inhibitor,1,628,Training
351,Cc1cc(OCCCc2c3C(=O)N(c4cc5c(ccn5C)c(C(=O)O)c4)CCCn3c3c2ccc(Cl)c3-c2c(C)n(C)nc2C)cc(C)c1Cl,OTFAIFQJDQCNJT-UHFFFAOYSA-N,OTFAIFQJDQCNJT,8.780000000000001,Inhibitor,1,628,Training
352,Cc1cc(OCCCc2c(C(=O)NS(=O)(=O)CCNC(=O)c3cc4c(cc3)[nH]cc4)[nH]c3ccccc23)cc(C)c1Cl,OUJVVYRGZFLQRK-UHFFFAOYSA-N,OUJVVYRGZFLQRK,6.57,Inhibitor,1,628,Training
353,Cc1cc(OCCCc2c3C(=O)N(Cc4ccc(C(=O)O)cc4)C(C)CCn3c3c2ccc(Cl)c3-c2c(C)n(C)nc2C)cc(C)c1Cl,OUNVPBFLGDBHHW-UHFFFAOYSA-N,OUNVPBFLGDBHHW,7.779999999999999,Inhibitor,1,628,Training
354,CC(C)(C)c1ccc(N2CCN(S(=O)(=O)Nc3c(C(=O)O)cc(SCCc4cc(O)ccc4)cc3)CC2)cc1,OUPRMABVNATKCH-UHFFFAOYSA-N,OUPRMABVNATKCH,6.54,Inhibitor,1,628,Training
355,Cc1cc(OCCCc2c3C(=O)N(Cc4cc(C(=O)O)ccc4)CCCn3c3c2ccc(Cl)c3-c2c(C)n(C)nc2C)cc(C)c1Cl,OUZJAEBUIMKQNH-UHFFFAOYSA-N,OUZJAEBUIMKQNH,8.030000000000001,Inhibitor,1,628,Training
356,CCCOc1ccc(CC(NC(=O)C2CC(Oc3ccc(-c4ccccc4)cc3)CN2C(=O)OC(C)(C)C)C(=O)NS(=O)(=O)c2ccccc2)cc1,OVIPTFPXCNDPTO-UHFFFAOYSA-N,OVIPTFPXCNDPTO,5.4,Non-inhibitor,1,628,Training
357,O=C(CCCSc1cc(C(=O)O)c(NS(=O)(=O)c2ccccc2)cc1)Nc1ccccc1,OVKDCNITGRMODP-UHFFFAOYSA-N,OVKDCNITGRMODP,4.48,Non-inhibitor,1,628,Training
358,Cc1cc(OCCCc2c(C(=O)NS(=O)(=O)CCNC(=O)c3ccc(C(F)(F)F)cc3)[nH]c3cc(Cl)ccc23)cc(C)c1Cl,OVKHIDWQHSVTSW-UHFFFAOYSA-N,OVKHIDWQHSVTSW,6.92,Inhibitor,1,628,Training
359,O=C(O)c1cc(S(=O)(=O)Nc2ccc(C(F)(F)F)cc2)c2ccccc2c1O,OWKIKZUVFQBYSV-UHFFFAOYSA-N,OWKIKZUVFQBYSV,5.6,Non-inhibitor,1,628,Training
360,Cc1cc(OCCCc2c(C(=O)NS(=O)(=O)CCNC(=O)c3ccccc3)[nH]c3ccccc23)cc(C)c1Cl,OXGRLOVVIBXCRO-UHFFFAOYSA-N,OXGRLOVVIBXCRO,6.37,Non-inhibitor,1,628,Training
361,CC(C)Oc1ccc(CC(NC(=O)C2CC(Oc3ccc(-c4ccccc4)cc3)CN2C(=O)OC(C)(C)C)C(=O)NS(=O)(=O)c2ccccc2)cc1,OYXWIPRNZTVVLX-UHFFFAOYSA-N,OYXWIPRNZTVVLX,5.09,Non-inhibitor,1,628,Training
362,Cc1cc(OCCCn2c(C)c(S(=O)(=O)c3ccc(Oc4ccccc4)cc3)c(C)c2C(=O)O)cc(C)c1Cl,OZKVOILNGILNPM-UHFFFAOYSA-N,OZKVOILNGILNPM,6.7,Inhibitor,1,628,Training
363,CCC(C)(C)c1ccc(Sc2cc(C#N)c(O)nc2)cc1,PAHSPAOJQGRWMK-UHFFFAOYSA-N,PAHSPAOJQGRWMK,5.15,Non-inhibitor,1,628,Training
364,Cc1cc(OCCCc2c(C(=O)NS(=O)(=O)CCNC(=O)c3cc4c(cccc4)o3)[nH]c3ccccc23)cc(C)c1Cl,PBCZQMXRKDXOJO-UHFFFAOYSA-N,PBCZQMXRKDXOJO,6.51,Inhibitor,1,628,Training
365,Cc1c(-c2c(C)cc3c(C(C)C)c(O)c(O)cc3c2O)c(O)c2cc(O)c(O)c(C(C)C)c2c1,PBJKWGWHZVXBGU-UHFFFAOYSA-N,PBJKWGWHZVXBGU,5.525,Non-inhibitor,1,628,Training
366,O=Cc1ccc(-c2ccc(CC3NC(=O)N(C(Cc4ccccc4)C(=O)NS(=O)(=O)c4ccc(Cl)c([N+](=O)[O-])c4)C3=O)cc2)cc1,PBLHMWGKXSXLDD-UHFFFAOYSA-N,PBLHMWGKXSXLDD,5.03,Non-inhibitor,1,628,Training
367,Cc1cc(OCCCn2c(C)c(S(=O)(=O)c3ccc(-c4ccccc4)cc3)c(C)c2C(=O)O)cc(C)c1Cl,PBVUCBTVMSAJGX-UHFFFAOYSA-N,PBVUCBTVMSAJGX,6.89,Inhibitor,1,628,Training
368,Cc1cc(OCCCn2c(C(=O)O)cc3ccccc32)cc(C)c1Cl,PDMKFDARJPXMCS-UHFFFAOYSA-N,PDMKFDARJPXMCS,6.39,Non-inhibitor,1,628,Training
369,O=C(O)c1c(NS(=O)(=O)c2ccccc2)ccc(SCc2ccccc2)c1,PFLPLVQCERIQHS-UHFFFAOYSA-N,PFLPLVQCERIQHS,5.58,Non-inhibitor,1,628,Training
370,COc1ccc(C=CC(=O)Nc2ccc(C(=O)NS(=O)(=O)c3ccc(NCCSc4ccccc4)c([N+](=O)[O-])c3)cc2)cc1,PGMIJPOMKAAJFV-UHFFFAOYSA-N,PGMIJPOMKAAJFV,6.23,Non-inhibitor,1,628,Training
371,O=C(O)c1cc(-c2ccc(Oc3ccccc3)cc2)cc(-c2c(Br)cccc2)n1,PGMXPLMJPRSIKP-UHFFFAOYSA-N,PGMXPLMJPRSIKP,4.99,Non-inhibitor,1,628,Training
372,Cc1ccc(CC(=O)NC(Cc2ccc(OCc3ccccc3)cc2)C(=O)NS(=O)(=O)c2ccc(NCCCc3ccccc3)c([N+](=O)[O-])c2)cc1,PIIWCHCFSUCMHL-UHFFFAOYSA-N,PIIWCHCFSUCMHL,6.3,Non-inhibitor,1,628,Training
373,Cc1cc(OCCCc2c(C(=O)NS(=O)(=O)c3cc(NCCc4ccccc4)ncc3)[nH]c3c2ccc(Cl)c3-c2c(C)n(C)nc2C)cc(C)c1Cl,PLUDXXQQJHWPGO-UHFFFAOYSA-N,PLUDXXQQJHWPGO,8.015,Inhibitor,1,628,Training
374,Cc1ccc(S(=O)(=O)c2cn(CCCOc3cc(C)c(Cl)c(C)c3)c(C(=O)O)c2)cc1,PNISFUZKCTXGFE-UHFFFAOYSA-N,PNISFUZKCTXGFE,6.33,Non-inhibitor,1,628,Training
375,O=C(O)c1cc(S(=O)(=O)Nc2ccc(Br)cc2Br)c2ccccc2c1O,PNQLIFYZRPXTNT-UHFFFAOYSA-N,PNQLIFYZRPXTNT,6.38,Non-inhibitor,1,628,Training
376,Cc1cc(OCCCc2c(C(=O)O)n3CCCc4c(Cl)ccc2c43)cc(C)c1Cl,POKYVKHUQBRKCF-UHFFFAOYSA-N,POKYVKHUQBRKCF,8.52,Inhibitor,1,628,Training
377,CC(C)(C)OC(=O)N1CC(Oc2ccc(-c3ccccc3)cc2)CC1C(=O)NC(Cc1ccc(OCc2ccccc2)cc1)C(=O)NS(=O)(=O)c1ccccc1,POZWBLNAHVCOMF-UHFFFAOYSA-N,POZWBLNAHVCOMF,6.23,Non-inhibitor,1,628,Training
378,Cc1cc(OCCCc2c(C(=O)NCc3nccc(C(=O)O)c3)[nH]c3c2cccc3-c2c(C)n(C)nc2C)cc(C)c1Cl,PPKTYCPNQLWJFI-UHFFFAOYSA-N,PPKTYCPNQLWJFI,7.085,Inhibitor,1,628,Training
379,CC(=O)c1ccccc1S(=O)(=O)c1c(C)n(CCCOc2cc(C)c(Cl)c(C)c2)c(C(=O)O)c1C,PREJIDHOJMIZMU-UHFFFAOYSA-N,PREJIDHOJMIZMU,6.3,Non-inhibitor,1,628,Training
380,COc1ccc(C(=O)C=Cc2ccc(O)c(F)c2)c(OC)c1OC,PREWOCGJBXHGRJ-UHFFFAOYSA-N,PREWOCGJBXHGRJ,4.55,Non-inhibitor,1,628,Training
381,COc1ccccc1Oc1ccc2C3=C(C#N)C(=O)N=C3c3cccc1c32,PRNJUJSNFAYRNO-UHFFFAOYSA-N,PRNJUJSNFAYRNO,6.83,Inhibitor,1,628,Training
382,Cc1cc(OCCCc2c(C(=O)NS(=O)(=O)CCNC(=O)c3cccn3-c3ccccc3)[nH]c3ccccc23)cc(C)c1Cl,PTEYBPSGJZVDCD-UHFFFAOYSA-N,PTEYBPSGJZVDCD,6.86,Inhibitor,1,628,Training
383,O=C(O)c1cc(S(=O)(=O)Nc2ccc(-c3ccccc3)cc2)c2ccccc2c1O,PTJQYBHWGDXXKK-UHFFFAOYSA-N,PTJQYBHWGDXXKK,5.81,Non-inhibitor,1,628,Training
384,Cc1ccc(-c2cn(Cc3cccc4ccccc34)c3cccc(-c4c(C(=O)O)cccc4)c23)cc1,PVLAODDTBSTRJQ-UHFFFAOYSA-N,PVLAODDTBSTRJQ,6.64,Inhibitor,1,628,Training
385,Cc1cc(OCCCn2c(C)c(S(=O)(=O)c3ccncc3)c(C)c2C(=O)O)cc(C)c1Cl,PVQFIIMPZCAKRY-UHFFFAOYSA-N,PVQFIIMPZCAKRY,6.05,Non-inhibitor,1,628,Training
386,Cc1cc(Oc2ccc(C=C3SC(=O)N(C(C(=O)O)C(C)C)C3=O)cc2)cc(C)c1Cl,PVXPXGOUEMLVIL-UHFFFAOYSA-N,PVXPXGOUEMLVIL,5.92,Non-inhibitor,1,628,Training
387,Cc1cc(OCCCc2c(C(=O)NCC(=O)O)[nH]c3ccccc23)cc(C)c1Cl,PXJFLZFCYWEHHY-UHFFFAOYSA-N,PXJFLZFCYWEHHY,6.21,Non-inhibitor,1,628,Training
388,O=C(c1ccc(Oc2ccccc2)cc1)c1cc(C(=O)c2cccc3ccccc23)c(O)c(O)c1O,PZNPHSABNYIWKY-UHFFFAOYSA-N,PZNPHSABNYIWKY,6.82,Inhibitor,1,628,Training
389,Cc1cc(OCCCc2c3C(=O)N(c4cc(C(=O)O)cc5c4n(C)cc5)CCCn3c3c2ccc(Cl)c3-c2c(C)n(C)nc2C)cc(C)c1Cl,QAGXRQPLERZDFS-UHFFFAOYSA-N,QAGXRQPLERZDFS,8.365,Inhibitor,1,628,Training
390,O=C(O)CSc1cc(NS(=O)(=O)c2cc3c(cccc3)s2)c2ccccc2c1O,QANMHVCREHLFPI-UHFFFAOYSA-N,QANMHVCREHLFPI,5.81,Non-inhibitor,1,628,Training
391,Cc1cc2c(c(O)c1-c1c(O)c3c(cc1C)c(C(C)C)c(O)c(O)c3C=O)c(C=O)c(O)c(O)c2C(C)C,QBKSWRVVCFFDOT-UHFFFAOYSA-N,QBKSWRVVCFFDOT,6.249411764705882,Non-inhibitor,1,628,Training
392,CC(C)(C)OC(=O)N1CC(Oc2ccc(-c3ccccc3)cc2)CC1C(=O)NC(Cc1ccc(Br)cc1)C(=O)NS(=O)(=O)c1ccc(Cl)cc1,QCKNUULMQUKCGB-UHFFFAOYSA-N,QCKNUULMQUKCGB,6.13,Non-inhibitor,1,628,Training
393,Cc1cc(OCCCc2c(C(=O)O)[nH]c3cc(Cl)ccc23)ccc1Cl,QCVCOYWNENRIEG-UHFFFAOYSA-N,QCVCOYWNENRIEG,6.72,Inhibitor,1,628,Training
394,O=C(O)c1cc2c(cccc2)n1S(=O)(=O)c1ccc(OCc2cccc(Cl)c2)cc1,QDHAZAAJSGGQDF-UHFFFAOYSA-N,QDHAZAAJSGGQDF,6.32,Non-inhibitor,1,628,Training
395,Cc1cc(OCCCc2c3C(=O)N(c4cc(C(=O)O)cnc4)CCCn3c3c2ccc(Cl)c3-c2c(C)n(C)nc2C)cc(C)c1Cl,QDTCXBLAVWZVHK-UHFFFAOYSA-N,QDTCXBLAVWZVHK,8.89,Inhibitor,1,628,Training
396,O=C(O)c1c(CCCc2cccc3ccccc23)c2c(cccc2)s1,QDTXDGOGBYEEKV-UHFFFAOYSA-N,QDTXDGOGBYEEKV,5.02,Non-inhibitor,1,628,Training
397,Cc1cc(OCCCc2c3C(=O)N(c4ccc(C(=O)O)c5cccnc45)CCCn3c3c2ccc(Cl)c3-c2c(C)n(C)nc2C)cc(C)c1Cl,QEACFIZDFCDWRW-UHFFFAOYSA-N,QEACFIZDFCDWRW,8.503333333333332,Inhibitor,1,628,Training
398,Cc1cc(OCCCc2c3C(=O)NCC(C)n3c3c2ccc(Cl)c3-c2c(C)n(C)nc2C)cc(C)c1Cl,QEURJQLBXNSJGE-UHFFFAOYSA-N,QEURJQLBXNSJGE,7.2575,Inhibitor,1,628,Training
399,Cc1c(C(=O)O)oc2c1cc(Cl)cc2,QEYMIQBZTUQKAC-UHFFFAOYSA-N,QEYMIQBZTUQKAC,4.28,Non-inhibitor,1,628,Training
400,O=C(Cc1ccccc1)Nc1ccc(C(=O)NS(=O)(=O)c2ccc(NCCSc3ccccc3)c([N+](=O)[O-])c2)cc1,QGCMSMQORLMKPB-UHFFFAOYSA-N,QGCMSMQORLMKPB,5.25,Non-inhibitor,1,628,Training
401,CCOc1ccc(-c2cc(C(=O)O)nn2-c2ccccc2)cc1,QHXBYJRUEXSIEL-UHFFFAOYSA-N,QHXBYJRUEXSIEL,5.42,Non-inhibitor,1,628,Training
402,Cc1cc(OCCCn2c(C)c(S(=O)(=O)c3cccc(Br)c3)c(C)c2C(=O)O)cc(C)c1Cl,QJTMDJNLFYUJPY-UHFFFAOYSA-N,QJTMDJNLFYUJPY,7.22,Inhibitor,1,628,Training
403,CC(C)(C)OC(=O)N1CC(Oc2ccc(-c3ccccc3)cc2)CC1C(=O)NC(Cc1ccccc1)C(=O)O,QKZDJVUONSCAOV-UHFFFAOYSA-N,QKZDJVUONSCAOV,5.08,Non-inhibitor,1,628,Training
404,Cc1c(Cl)c(C)cc(OCCCc2c(C(=O)O)oc3ccccc23)c1,QKZLMJPWPQVNSW-UHFFFAOYSA-N,QKZLMJPWPQVNSW,5.52,Non-inhibitor,1,628,Training
405,COc1ccccc1N1C(=O)C(=Cc2cccc(OCc3ccc(C(=O)O)cc3)c2)SC1=S,QLPXUPVIXOBYSH-UHFFFAOYSA-N,QLPXUPVIXOBYSH,5.43,Non-inhibitor,1,628,Training
406,COC(=O)CSc1cc(NS(=O)(=O)c2ccc(Br)cc2)c2ccccc2c1O,QLSXXJFXFWMFJW-UHFFFAOYSA-N,QLSXXJFXFWMFJW,5.29,Non-inhibitor,1,628,Training
407,COc1ccc(S(=O)(=O)c2c(C)n(CCCOc3cc(C)c(Cl)c(C)c3)c(C(=O)O)c2C)cc1,QMKTWALCDJPRKY-UHFFFAOYSA-N,QMKTWALCDJPRKY,7.16,Inhibitor,1,628,Training
408,CC(C)(C)c1ccc(N2CCN(S(=O)(=O)Nc3c(C(=O)O)cc(SCCc4ccccc4)cc3)CC2)cc1,QNFWYMWAXZJAME-UHFFFAOYSA-N,QNFWYMWAXZJAME,6.725,Inhibitor,1,628,Training
409,O=C(O)c1cc(S(=O)(=O)Nc2ccc(Oc3ccc(Cl)cc3)cc2)c2ccccc2c1O,QPDPLLDGNLPFGI-UHFFFAOYSA-N,QPDPLLDGNLPFGI,6.76,Inhibitor,1,628,Training
410,O=S(=O)(c1c(O)ccc(O)c1)c1cccc2c1cccc2S(=O)(=O)c1c(O)ccc(O)c1,QQILNJKVNOAUNH-UHFFFAOYSA-N,QQILNJKVNOAUNH,5.08,Non-inhibitor,1,628,Training
411,CC(C)Oc1ccc(-c2cc(-c3ccc(OCc4ccccc4)cc3)nc(C(=O)O)c2)cc1,QRAVDSHTDGSLHW-UHFFFAOYSA-N,QRAVDSHTDGSLHW,5.01,Non-inhibitor,1,628,Training
412,O=C(O)CSc1cc(NS(=O)(=O)c2cc(Br)ccc2)c2ccccc2c1O,QRNTXTIRONJKOT-UHFFFAOYSA-N,QRNTXTIRONJKOT,5.63,Non-inhibitor,1,628,Training
413,Cc1cc(OCCCc2c(C(=O)NCc3ccc(C(=O)O)cc3)[nH]c3c2cccc3-c2c(C)n(C)nc2C)cc(C)c1Cl,QTJFFKNXEPJDIT-UHFFFAOYSA-N,QTJFFKNXEPJDIT,7.68,Inhibitor,1,628,Training
414,Cc1cc(OCCCn2c(C)c(S(=O)(=O)c3ccc(C(C)C)cc3)c(C)c2C(=O)O)cc(C)c1Cl,QWQYTGYKQNADHO-UHFFFAOYSA-N,QWQYTGYKQNADHO,6.77,Inhibitor,1,628,Training
415,Cc1cc(OCCCn2c(C)c(S(=O)(=O)c3ccc(Cl)cc3)c(C)c2C(=O)O)cc(C)c1Cl,QYLQPPBJQSDFMZ-UHFFFAOYSA-N,QYLQPPBJQSDFMZ,6.75,Inhibitor,1,628,Training
416,O=C(O)CSc1cc(NS(=O)(=O)c2ccc(Oc3ccc(F)cc3)cc2)c2ccccc2c1O,QZODJHCTWWKMRV-UHFFFAOYSA-N,QZODJHCTWWKMRV,6.453333333333333,Non-inhibitor,1,628,Training
417,Cc1cc(OCCCc2c3C(=O)N(c4cn(C)c5c(C(=O)O)cccc45)CCCn3c3c2ccc(Cl)c3-c2c(C)n(C)nc2C)cc(C)c1Cl,RAIWZODXCCHHAD-UHFFFAOYSA-N,RAIWZODXCCHHAD,8.956666666666665,Inhibitor,1,628,Training
418,O=C(O)c1cc(S(=O)(=O)Nc2ccc(Br)cc2)c2ccccc2c1O,RDWKYGQFJBSFGL-UHFFFAOYSA-N,RDWKYGQFJBSFGL,5.56,Non-inhibitor,1,628,Training
419,O=C(C=Cc1ccccc1C(F)(F)F)Nc1ccc(C(=O)NS(=O)(=O)c2ccc(NCCSc3ccccc3)c([N+](=O)[O-])c2)cc1,REDKMAYZALKKRQ-UHFFFAOYSA-N,REDKMAYZALKKRQ,6.18,Non-inhibitor,1,628,Training
420,O=C(O)c1c(CCCOc2cc(Oc3ccccc3)ccc2)c2c(cccc2)[nH]1,RFOBYIOGQAFREM-UHFFFAOYSA-N,RFOBYIOGQAFREM,5.28,Non-inhibitor,1,628,Training
421,N#Cc1cc(Sc2ccc(N)cc2)cnc1O,RGGRIUTUDQNGSD-UHFFFAOYSA-N,RGGRIUTUDQNGSD,5.28,Non-inhibitor,1,628,Training
422,Cc1cc(Oc2ccc(S(=O)(=O)N3CC(C(=O)O)Cc4c3cccc4)cc2)cc(C)c1Cl,RGQCMYHCMAKVGY-UHFFFAOYSA-N,RGQCMYHCMAKVGY,6.92,Inhibitor,1,628,Training
423,Cc1cc(OCCCn2c(C)c(S(=O)(=O)c3ccc(N)cc3)c(C)c2C(=O)O)cc(C)c1Cl,RHGUWZPIVGCOJB-UHFFFAOYSA-N,RHGUWZPIVGCOJB,6.47,Non-inhibitor,1,628,Training
424,Cc1cc(OCCCc2c(C(=O)O)[nH]c3c2c(Cl)ccc3)ccc1Cl,RJBZTTIFZKOCJA-UHFFFAOYSA-N,RJBZTTIFZKOCJA,6.09,Non-inhibitor,1,628,Training
425,Cc1cc(OCCCc2c(C(=O)NS(=O)(=O)CCOc3ccccc3)[nH]c3ccccc23)cc(C)c1Cl,RJSZFIHODLTGBK-UHFFFAOYSA-N,RJSZFIHODLTGBK,6.49,Non-inhibitor,1,628,Training
426,Cc1cc(OCCCc2c(C(=O)O)[nH]c3c2cccc3-c2c(C)n(C)nc2COCCN(C)C)cc(C)c1Cl,RJTYTRDTYIOSFA-UHFFFAOYSA-N,RJTYTRDTYIOSFA,7.6,Inhibitor,1,628,Training
427,Cc1cccc(-c2ccc(CC3NC(=O)N(C(Cc4ccccc4)C(=O)NS(=O)(=O)c4ccc(Cl)c([N+](=O)[O-])c4)C3=O)cc2)c1,RKJXISLZPZCUCS-UHFFFAOYSA-N,RKJXISLZPZCUCS,5.64,Non-inhibitor,1,628,Training
428,CCOC(=O)c1c(CCCOc2cccc3c2cccc3)c2c(c(-c3c(COc4ccc(N5CCNCC5)cc4)n(C)nc3C)ccc2)n1CCN1CCOCC1,ROIUCPMHEWDTOL-UHFFFAOYSA-N,ROIUCPMHEWDTOL,8.309999999999999,Inhibitor,1,628,Training
429,COc1ccc(C(=O)C=Cc2cc(Cl)c(O)c(OC)c2)cc1,ROIWJFVIDAOOLM-UHFFFAOYSA-N,ROIWJFVIDAOOLM,5.0,Non-inhibitor,1,628,Training
430,O=C(O)c1c(NS(=O)(=O)N2CCN(Cc3ccccc3)CC2)ccc(SCCc2ccccc2)c1,RPJSATAUMOQNSS-UHFFFAOYSA-N,RPJSATAUMOQNSS,6.08,Non-inhibitor,1,628,Training
431,CC(C)NC(=O)c1cc(Sc2ccc(C(C)C)cc2)cnc1O,RQXQJQQTUFIHKH-UHFFFAOYSA-N,RQXQJQQTUFIHKH,6.33,Non-inhibitor,1,628,Training
432,CCCCN=C1C(=O)NC2=C1c1c3c2cccc3c(Oc2ccc(C(C)C)cc2)cc1,RRAOKGXYLVNIAW-UHFFFAOYSA-N,RRAOKGXYLVNIAW,6.85,Inhibitor,1,628,Training
433,Cc1cc(OCCCc2c3C(=O)N(c4cccc5c(C(=O)O)cccc45)CC(C)n3c3c2ccc(Cl)c3-c2c(C)n(C)nc2C)cc(C)c1Cl,RRWFCNKYNKGARG-UHFFFAOYSA-N,RRWFCNKYNKGARG,9.295,Inhibitor,1,628,Training
434,COc1ccc(S(=O)(=O)NC(=O)C(Cc2ccccc2)NC(=O)Cc2c(C)n(-c3ccc(-c4ccccc4)cc3)c3c2cc(OC)cc3)cc1,RVELPQFQFFFRHM-UHFFFAOYSA-N,RVELPQFQFFFRHM,6.06,Non-inhibitor,1,628,Training
435,O=C(O)c1c(CCCOc2cccc3ccccc23)c2cccc3c2n1CCC[S+]3[O-],RWBITVLVWMQUOJ-UHFFFAOYSA-N,RWBITVLVWMQUOJ,7.13,Inhibitor,1,628,Training
436,O=C(O)CSc1c(O)c2c(cccc2)c(NS(=O)(=O)c2ccccc2-c2ccccc2)c1,RXYYPYDPEDTDSR-UHFFFAOYSA-N,RXYYPYDPEDTDSR,5.69,Non-inhibitor,1,628,Training
437,O=C(NS(=O)(=O)c1ccccc1)C(Cc1ccc(Br)cc1)N1C(=O)C(=Cc2ccc(-c3ccc(Cl)cc3)cc2)SC1=S,RYQDANONZXIWFO-UHFFFAOYSA-N,RYQDANONZXIWFO,7.18,Inhibitor,1,628,Training
438,Cc1ccc(-c2ccc(OC3CNC(C(=O)NC(Cc4ccccc4)C(=O)NS(=O)(=O)c4cc([N+](=O)[O-])c(Cl)cc4)C3)cc2)cc1,RZBNTOGKGQMNSL-UHFFFAOYSA-N,RZBNTOGKGQMNSL,5.89,Non-inhibitor,1,628,Training
439,O=C(O)c1c(CCCOc2cccc(C(F)(F)F)c2)c2c(cccc2)[nH]1,SACQHKZWXLVRKP-UHFFFAOYSA-N,SACQHKZWXLVRKP,5.77,Non-inhibitor,1,628,Training
440,Cc1ccccc1N1C(=O)C(=Cc2cccc(OCc3ccc(C(=O)O)cc3)c2)SC1=S,SBUUWMLPOCXDGC-UHFFFAOYSA-N,SBUUWMLPOCXDGC,5.5,Non-inhibitor,1,628,Training
441,Cc1cc(OCCCc2c3C(=O)N(Cc4cccc(C(=O)O)c4)C(C)Cn3c3c2ccc(Cl)c3-c2c(C)n(C)nc2C)cc(C)c1Cl,SBXXUMARFCZQCG-UHFFFAOYSA-N,SBXXUMARFCZQCG,7.715,Inhibitor,1,628,Training
442,CC(C)Oc1ccc(-c2cc(-c3ccc(OC(C)C)cc3OC(C)C)nc(C(=O)O)c2)cc1,SELRRIXOZGOHEF-UHFFFAOYSA-N,SELRRIXOZGOHEF,4.71,Non-inhibitor,1,628,Training
443,O=C(O)c1cc(-c2ccc(Oc3ccccc3)cc2)cc(-c2ccc([N+](=O)[O-])cc2)n1,SFGPPIKMMSYUSN-UHFFFAOYSA-N,SFGPPIKMMSYUSN,4.86,Non-inhibitor,1,628,Training
444,CCCCN=C1C(=O)NC2=C1c1c3c2cccc3c(Sc2ccc(N)cc2)cc1,SGWMAESMAPTEEP-UHFFFAOYSA-N,SGWMAESMAPTEEP,6.16,Non-inhibitor,1,628,Training
445,Cc1cc(OCCCc2c(C(=O)Nc3cc(C(=O)O)ccn3)[nH]c3c2ccc(Cl)c3-c2c(C)n(C)nc2C)cc(C)c1Cl,SHNGAYOOGXWWIY-UHFFFAOYSA-N,SHNGAYOOGXWWIY,7.92,Inhibitor,1,628,Training
446,Cc1cc(OCCCc2c3C(=O)N(c4cccc5c4n(C)cc5C(=O)O)CCCn3c3c2ccc(Cl)c3-c2c(C)n(C)nc2C)cc(C)c1Cl,SIUYYHMJPRXSEZ-UHFFFAOYSA-N,SIUYYHMJPRXSEZ,8.756666666666666,Inhibitor,1,628,Training
447,O=C(O)c1cc(-c2ccc(Br)cc2)cc(-c2ccccc2)n1,SKVJSHOZHGDDLF-UHFFFAOYSA-N,SKVJSHOZHGDDLF,4.0,Non-inhibitor,1,628,Training
448,Cc1cc(OCCCc2c3C(=O)NCCn3c3c2ccc(Cl)c3-c2c(C)n(C)nc2C)cc(C)c1Cl,SKZRLKLCHRPYDV-UHFFFAOYSA-N,SKZRLKLCHRPYDV,7.46,Inhibitor,1,628,Training
449,Cc1c(-c2c(C)cc3c(C(C)C)c(O)c(O)c(C=NCCCC(=O)O)c3c2O)c(O)c2c(C=NCCCC(=O)O)c(O)c(O)c(C(C)C)c2c1,SLACVTBRGGXEOK-UHFFFAOYSA-N,SLACVTBRGGXEOK,7.03,Inhibitor,1,628,Training
450,Cc1ccc(Cc2cn(CCCOc3cc(C)c(Cl)c(C)c3)c(C(=O)O)c2)cc1,SLCDDOQNUXEIAF-UHFFFAOYSA-N,SLCDDOQNUXEIAF,5.27,Non-inhibitor,1,628,Training
451,Cc1cc(OCCCc2c(C(=O)NS(=O)(=O)c3ccccc3)[nH]c3ccccc23)cc(C)c1Cl,SMGRUAFEHILHHU-UHFFFAOYSA-N,SMGRUAFEHILHHU,6.44,Non-inhibitor,1,628,Training
452,COc1c2[nH]c(C(=O)O)c(C)c2ccc1,SNDRJHVKDDIAPY-UHFFFAOYSA-N,SNDRJHVKDDIAPY,5.55,Non-inhibitor,1,628,Training
453,O=C(C=Cc1cccc(C(F)(F)F)c1)Nc1ccc(C(=O)NS(=O)(=O)c2ccc(NCCSc3ccccc3)c([N+](=O)[O-])c2)cc1,SNSDYKQFGBFTKR-UHFFFAOYSA-N,SNSDYKQFGBFTKR,5.27,Non-inhibitor,1,628,Training
454,Cc1cc(OCCCc2c3C(=O)N(c4cn(C)c5ccc(C(=O)O)cc45)CCCn3c3c2ccc(Cl)c3-c2c(C)n(C)nc2C)cc(C)c1Cl,SNXZLJPTQJSGBF-UHFFFAOYSA-N,SNXZLJPTQJSGBF,9.718333333333334,Inhibitor,1,628,Training
455,O=C(O)c1c(CCCOc2ccc(Cl)c3ccccc23)c2cccc3c2n1CCS3,SPYVTODDKXWTQY-UHFFFAOYSA-N,SPYVTODDKXWTQY,6.7,Inhibitor,1,628,Training
456,O=C(O)c1cc(S(=O)(=O)NCc2ccccc2Cl)c2ccccc2c1O,SRCMPGMYNOFYLZ-UHFFFAOYSA-N,SRCMPGMYNOFYLZ,4.3,Non-inhibitor,1,628,Training
457,CCOC(=O)COc1ccc2ccn(CCCOc3cc(C)c(Cl)c(C)c3)c2c1,SROGWNFOMIJWLG-UHFFFAOYSA-N,SROGWNFOMIJWLG,5.47,Non-inhibitor,1,628,Training
458,Cc1cc(OCCCc2c(C(=O)NS(=O)(=O)c3ccccc3)[nH]c3c2cccc3-c2c(C)nccc2)cc(C)c1Cl,SSTFYXCIQVCBLV-UHFFFAOYSA-N,SSTFYXCIQVCBLV,7.85,Inhibitor,1,628,Training
459,CC(C)(C)c1ccc(N2CCN(S(=O)(=O)Nc3c(C(=O)O)cc(SCCC(=O)Nc4ccccc4)cc3)CC2)cc1,STJXGZZMVAELRV-UHFFFAOYSA-N,STJXGZZMVAELRV,6.02,Non-inhibitor,1,628,Training
460,O=C(O)COc1ccc2ccn(CCCOc3ccc(Cl)cc3)c2c1,SUQSBBNONUZHRP-UHFFFAOYSA-N,SUQSBBNONUZHRP,4.89,Non-inhibitor,1,628,Training
461,O=C(O)CSc1c(O)c2c(cccc2)c(NS(=O)(=O)c2ccc(F)cc2)c1,SVMSPCODNMIVPY-UHFFFAOYSA-N,SVMSPCODNMIVPY,5.37,Non-inhibitor,1,628,Training
462,Cc1cc(OCCCc2c(C(=O)Nc3ccc(C(=O)O)cc3)[nH]c3c2ccc(Cl)c3-c2c(C)n(C)nc2C)cc(C)c1Cl,SWKNMXYCUSMXEK-UHFFFAOYSA-N,SWKNMXYCUSMXEK,7.66,Inhibitor,1,628,Training
463,COc1ccccc1N1C(=O)C(=Cc2ccc(OCc3ccc(C(=O)O)cc3)cc2)SC1=S,SYALXDPIEWWOEL-UHFFFAOYSA-N,SYALXDPIEWWOEL,5.41,Non-inhibitor,1,628,Training
464,Cc1cc(Cn2c(-c3ccccc3)nc3c(cc(O)c(O)c3O)c2=O)c(O)cc1,SYEGIOUDEHFYQT-UHFFFAOYSA-N,SYEGIOUDEHFYQT,6.91,Inhibitor,1,628,Training
465,Cc1ccc(S(=O)(=O)c2c(C)n(CCCOc3cc(C)c(Cl)c(C)c3)c(C(=O)O)c2CC(C)C)cc1,SZIKJNMGJOMJSW-UHFFFAOYSA-N,SZIKJNMGJOMJSW,6.62,Inhibitor,1,628,Training
466,CC(C)(C)c1ccc(SCCCn2ccc3ccc(OCC(=O)O)cc32)cc1,TVIUZQGHGQCARY-UHFFFAOYSA-N,TVIUZQGHGQCARY,5.62,Non-inhibitor,1,628,Training
467,O=C(Nc1ccc(C(=O)NS(=O)(=O)c2ccc(NCCSc3ccccc3)c([N+](=O)[O-])c2)cc1)c1ccccc1,TVPSJQIEGFPHDV-UHFFFAOYSA-N,TVPSJQIEGFPHDV,5.17,Non-inhibitor,1,628,Training
468,Cc1c(C)cc(NC(=O)CN2C(=O)SC(=Cc3ccc(-c4c(C)ccc(C(=O)O)c4)o3)C2=O)cc1,TXXAYCBWDDMQLU-UHFFFAOYSA-N,TXXAYCBWDDMQLU,5.69,Non-inhibitor,1,628,Training
469,Cc1cc(OCCCn2c(C(=O)N(C)C)cc3ccc(OCc4ccccc4C(=O)O)cc32)cc(C)c1Cl,TYXDVFHSCBAALD-UHFFFAOYSA-N,TYXDVFHSCBAALD,6.24,Non-inhibitor,1,628,Training
470,Cc1ccc(CC(=O)NC(Cc2ccc(OCc3ccc(-c4ccccc4)cc3)cc2)C(=O)NS(=O)(=O)c2ccc(NCCCc3ccccc3)c([N+](=O)[O-])c2)cc1,UAGNHVFBJJUWLW-UHFFFAOYSA-N,UAGNHVFBJJUWLW,6.72,Inhibitor,1,628,Training
471,COC(=O)CN=Cc1c2c(O)c(-c3c(C)cc4c(C(C)C)c(O)c(O)c(C=NC(=O)OC)c4c3O)c(C)cc2c(C(C)C)c(O)c1O,UBAPMKADBUUOTN-UHFFFAOYSA-N,UBAPMKADBUUOTN,6.56,Inhibitor,1,628,Training
472,COc1ccc(OCCCn2c(C(N)=O)cc3ccc(OCC(=O)O)cc32)cc1,UBMFQQZRJUNWES-UHFFFAOYSA-N,UBMFQQZRJUNWES,5.11,Non-inhibitor,1,628,Training
473,Cc1cc(OCCCc2c3C(=O)NC(C)Cn3c3c2ccc(Cl)c3-c2c(C)n(C)nc2C)cc(C)c1Cl,UBNJFCRDLRILJW-UHFFFAOYSA-N,UBNJFCRDLRILJW,7.0925,Inhibitor,1,628,Training
474,CC(C)c1ccc(Oc2ccc3c(=C(C#N)C#N)c(=O)c4cccc2c43)cc1,UDVBMMDZBKGNTP-UHFFFAOYSA-N,UDVBMMDZBKGNTP,5.43,Non-inhibitor,1,628,Training
475,CCC(CC)C(=O)NCCS(=O)(=O)NC(=O)c1c(CCCOc2cc(C)c(Cl)c(C)c2)c2c(cc(Cl)cc2)[nH]1,UDWGSSPXSAXPBO-UHFFFAOYSA-N,UDWGSSPXSAXPBO,7.8,Inhibitor,1,628,Training
476,CC(C)c1ccc(-n2nc(C(=O)O)cc2-c2ccc(OCc3ccccc3)cc2)cc1,UENGMGNNNAYDNG-UHFFFAOYSA-N,UENGMGNNNAYDNG,6.65,Inhibitor,1,628,Training
477,O=C(C=Cc1ccc(C(F)(F)F)cc1)Nc1ccc(C(=O)NS(=O)(=O)c2ccc(NCCSc3ccccc3)c([N+](=O)[O-])c2)cc1,UFAJKVWLOKHZLD-UHFFFAOYSA-N,UFAJKVWLOKHZLD,5.77,Non-inhibitor,1,628,Training
478,NC(=O)c1cc2c(cc(OCC(=O)O)cc2)n1CCCOc1cccc2ccccc12,UFFRQRIVSNLQQG-UHFFFAOYSA-N,UFFRQRIVSNLQQG,4.99,Non-inhibitor,1,628,Training
479,Cc1cc(OCCCc2c(C(=O)NS(=O)(=O)CCNC(=O)C(F)(F)F)[nH]c3cc(Cl)ccc23)cc(C)c1Cl,UFJRDUXURXDSQI-UHFFFAOYSA-N,UFJRDUXURXDSQI,6.94,Inhibitor,1,628,Training
480,Cc1ccc(-c2ccc(OC3CC(C(=O)NC(Cc4ccccc4)C(=O)NS(=O)(=O)c4ccc(C)cc4)N(C(=O)OC(C)(C)C)C3)cc2)cc1,UGCSLJKFNAYTSO-UHFFFAOYSA-N,UGCSLJKFNAYTSO,5.72,Non-inhibitor,1,628,Training
481,CC(C)c1ccc(O)c(Cn2c(-c3ccccc3)nc3c(cc(O)c(O)c3O)c2=O)c1,UGGKGLCTXKBKQS-UHFFFAOYSA-N,UGGKGLCTXKBKQS,6.21,Non-inhibitor,1,628,Training
482,O=C(O)c1ccccc1-c1cccc2c1c(-c1cc(C(F)(F)F)ccc1)cn2CCOc1cccc2ccccc12,UGIRPCIVVCEJFA-UHFFFAOYSA-N,UGIRPCIVVCEJFA,7.52,Inhibitor,1,628,Training
483,CCC(=O)NCCS(=O)(=O)NC(=O)c1c(CCCOc2cc(C)c(Cl)c(C)c2)c2c(cc(Cl)cc2)[nH]1,UGYTUHFXEWCFQO-UHFFFAOYSA-N,UGYTUHFXEWCFQO,7.06,Inhibitor,1,628,Training
484,Cc1cc(OCCCc2c(C(=O)NCc3cc(C(=O)O)ccc3)[nH]c3c2ccc(Cl)c3-c2c(C)n(C)nc2C)cc(C)c1Cl,UIEBFHMSKKNVIG-UHFFFAOYSA-N,UIEBFHMSKKNVIG,7.345000000000001,Inhibitor,1,628,Training
485,Cc1cc(OCCCc2c(C(=O)NS(=O)(=O)CCNC(=O)c3cccn3C)[nH]c3ccccc23)cc(C)c1Cl,UIHPPEAWUFEMKF-UHFFFAOYSA-N,UIHPPEAWUFEMKF,7.05,Inhibitor,1,628,Training
486,O=C1N=C2C(=C1NCCCc1ccccc1)c1ccc(N3CCSCC3)c3cccc2c13,UIMDYSCARYVYQT-UHFFFAOYSA-N,UIMDYSCARYVYQT,7.82,Inhibitor,1,628,Training
487,Cc1cc(OCCCc2c(C(=O)Nc3cc(C(=O)O)cnc3)[nH]c3c2ccc(Cl)c3-c2c(C)n(C)nc2C)cc(C)c1Cl,UJBDBUQHMJYLGN-UHFFFAOYSA-N,UJBDBUQHMJYLGN,7.314999999999999,Inhibitor,1,628,Training
488,CC(C)Oc1ccc(-c2cc(C(=O)O)nn2-c2ccccc2)cc1,UKGNVPWMQUQOGC-UHFFFAOYSA-N,UKGNVPWMQUQOGC,5.44,Non-inhibitor,1,628,Training
489,Cc1cc(OCCCc2c(C(=O)NC(C)(C)C)[nH]c3ccccc23)cc(C)c1Cl,ULBIMQZBSJJTLE-UHFFFAOYSA-N,ULBIMQZBSJJTLE,6.0,Non-inhibitor,1,628,Training
490,Cc1cc2c(c(O)c1-c1c(O)c3c(cc1C)c(C(C)C)c(O)c(O)c3C=O)c(C=O)c(O)c(O)c2C,UMHZWCFXZIHUEL-UHFFFAOYSA-N,UMHZWCFXZIHUEL,6.28,Non-inhibitor,1,628,Training
491,Cc1cc(OCCCc2c3C(=O)N(Cc4ccc(C(=O)O)o4)C(C)CCn3c3c2ccc(Cl)c3-c2c(C)n(C)nc2C)cc(C)c1Cl,UNYKFPMTIJBXSD-UHFFFAOYSA-N,UNYKFPMTIJBXSD,7.505,Inhibitor,1,628,Training
492,Cc1cc(OCCCc2c(C(=O)NS(=O)(=O)c3ccccc3)[nH]c3cc(Cl)ccc23)cc(C)c1Cl,UPSTZIYEYCDOAV-UHFFFAOYSA-N,UPSTZIYEYCDOAV,7.04,Inhibitor,1,628,Training
493,CC(C)c1ccc(Oc2ccc3C4=C(NC(=O)C4=NCCCc4ccccc4)c4cccc2c43)cc1,UQGNXYDWNJQPQF-UHFFFAOYSA-N,UQGNXYDWNJQPQF,7.41,Inhibitor,1,628,Training
494,C=C(c1ccc(C(=O)NS(=O)(=O)c2ccc(NCCSc3ccccc3)c([N+](=O)[O-])c2)cc1)c1c(C)cc2c(c1)C(C)(C)CCC2(C)C,UQOYPUQPZRJYPK-UHFFFAOYSA-N,UQOYPUQPZRJYPK,7.22,Inhibitor,1,628,Training
495,COc1ccc(Sc2ccc3C4=C(C#N)C(=O)N=C4c4cccc2c43)cc1,UQVOXUZIGHRSOD-UHFFFAOYSA-N,UQVOXUZIGHRSOD,6.615,Inhibitor,1,628,Training
496,COc1ccc(C(=O)Nc2ccc(C(=O)NS(=O)(=O)c3ccc(NCCSc4ccccc4)c([N+](=O)[O-])c3)cc2)cc1,UXKLXWUPKCCRON-UHFFFAOYSA-N,UXKLXWUPKCCRON,5.51,Non-inhibitor,1,628,Training
497,COc1cccc(CCSc2cc(C(=O)O)c(NS(=O)(=O)N3CCN(c4ccc(C(C)(C)C)cc4)CC3)cc2)c1,UYWXDTRFWXMZPY-UHFFFAOYSA-N,UYWXDTRFWXMZPY,7.13,Inhibitor,1,628,Training
498,O=C(O)c1cc(S(=O)(=O)N2CCN(Cc3ccccc3)CC2)c2ccccc2c1O,UZSDKWNQNYWAPK-UHFFFAOYSA-N,UZSDKWNQNYWAPK,5.47,Non-inhibitor,1,628,Training
499,Cc1cc(OCCCc2c3C(=O)NCCCn3c3c2ccc(Cl)c3-c2c(C)n(C)nc2C)cc(C)c1Cl,VAWQUIBIKZPMNL-UHFFFAOYSA-N,VAWQUIBIKZPMNL,7.46,Inhibitor,1,628,Training
500,O=C(O)CSc1cc(CNS(=O)(=O)c2ccccc2)c2ccccc2c1O,VCEMSHYQQJQCOX-UHFFFAOYSA-N,VCEMSHYQQJQCOX,4.19,Non-inhibitor,1,628,Training
501,Cc1cc(OCCCn2c(C(=O)N3CCCCC3)cc3ccc(OCc4ccccc4C(=O)O)cc32)cc(C)c1Cl,VCLWBHSWYDTQJD-UHFFFAOYSA-N,VCLWBHSWYDTQJD,6.7,Inhibitor,1,628,Training
502,O=C(O)c1c(CCCOc2ccccc2)c2c(cccc2)[nH]1,VHWIMNXKIKSFJQ-UHFFFAOYSA-N,VHWIMNXKIKSFJQ,4.46,Non-inhibitor,1,628,Training
503,Cc1ccc2c(C)c(C(=O)O)oc2c1C,VJKQDNBXKMSKKV-UHFFFAOYSA-N,VJKQDNBXKMSKKV,3.67,Non-inhibitor,1,628,Training
504,Cc1cc(OCCCn2ccc3c2cccc3OCc2ccccc2C(=O)O)cc(C)c1Cl,VJKUDDOPPPACMV-UHFFFAOYSA-N,VJKUDDOPPPACMV,6.85,Inhibitor,1,628,Training
505,Cc1c(C(=O)O)n2CCOc3cccc1c32,VJMSVWADLPRVOE-UHFFFAOYSA-N,VJMSVWADLPRVOE,4.75,Non-inhibitor,1,628,Training
506,Cc1cc(OCCCc2c(C(=O)NS(=O)(=O)c3cc(NC4Cc5c(cccc5)C4)ncc3)[nH]c3c2ccc(Cl)c3-c2c(C)n(C)nc2C)cc(C)c1Cl,VJULYCPFGCLEOF-UHFFFAOYSA-N,VJULYCPFGCLEOF,8.105,Inhibitor,1,628,Training
507,Cc1cccc(-c2cn(CCCOc3cccc4ccccc34)c3c2c(-c2ccccc2C(=O)O)ccc3)c1,VLRBFMUNJPPZBK-UHFFFAOYSA-N,VLRBFMUNJPPZBK,5.88,Non-inhibitor,1,628,Training
508,Cc1cc(OCCCc2c3C(=O)N(Cc4cc(C(=O)O)ccc4)CCCn3c3c2cccc3-c2c(C)n(C)nc2C)cc(C)c1Cl,VMBSCFPYXBSHSU-UHFFFAOYSA-N,VMBSCFPYXBSHSU,7.68,Inhibitor,1,628,Training
509,Cc1cc(OCCCc2c(C(=O)NS(=O)(=O)c3cc(NCCC(C)C)ncc3)[nH]c3c2ccc(Cl)c3-c2c(C)n(C)nc2C)cc(C)c1Cl,VNLUUSGOJIHLES-UHFFFAOYSA-N,VNLUUSGOJIHLES,7.5,Inhibitor,1,628,Training
510,Cc1cc(OCCCc2c3C(=O)N(c4cc(C(=O)O)ccc4)CC(C)n3c3c2ccc(Cl)c3-c2c(C)n(C)nc2C)cc(C)c1Cl,VNTDZDNWMPCDCA-UHFFFAOYSA-N,VNTDZDNWMPCDCA,8.719999999999999,Inhibitor,1,628,Training
511,Cc1cc(OCCCn2c(C)c(S(=O)(=O)c3cccc4ccccc34)c(C)c2C(=O)O)cc(C)c1Cl,VQBWKTVFBRXHHI-UHFFFAOYSA-N,VQBWKTVFBRXHHI,6.44,Non-inhibitor,1,628,Training
512,N#CC1=C2C(=NC1=O)c1cccc3cccc2c13,VQYSTSIAUDPRJH-UHFFFAOYSA-N,VQYSTSIAUDPRJH,5.74,Non-inhibitor,1,628,Training
513,O=C(O)c1c(NS(=O)(=O)CCc2ccccc2)ccc(SCCc2ccccc2)c1,VQZWQYMHZNOULD-UHFFFAOYSA-N,VQZWQYMHZNOULD,5.77,Non-inhibitor,1,628,Training
514,O=C(O)c1c(NS(=O)(=O)c2ccc(-c3ccccc3)cc2)ccc(SCCc2ccccc2)c1,VRJPQGIEMLYXOB-UHFFFAOYSA-N,VRJPQGIEMLYXOB,7.05,Inhibitor,1,628,Training
515,Cc1cc(OCCCc2c(C(=O)O)n3CCCSc4cccc2c43)cc(C)c1Cl,VTXXZVJSZRWWRU-UHFFFAOYSA-N,VTXXZVJSZRWWRU,7.4,Inhibitor,1,628,Training
516,CCC(C)c1ccc(Oc2ccc3C4=C(C#N)C(=O)N=C4c4cccc2c43)cc1,VTYCCCCZIPADRN-UHFFFAOYSA-N,VTYCCCCZIPADRN,7.62,Inhibitor,1,628,Training
517,Cc1cc(OCCCn2c(C(N)=O)cc3ccc(OCc4ccccc4C(=O)O)cc32)cc(C)c1Cl,VUDNYXCCWOOPAN-UHFFFAOYSA-N,VUDNYXCCWOOPAN,6.02,Non-inhibitor,1,628,Training
518,CCCCN=C1C(=O)NC2=C1c1c3c2cccc3c(N2CCSCC2)cc1,VWXKRYCZXIHSPX-UHFFFAOYSA-N,VWXKRYCZXIHSPX,7.1,Inhibitor,1,628,Training
519,O=C(Nc1c(O)c(O)c(O)cc1C(=O)NCc1ccccc1)c1ccccc1,VYQFVFZWQVNTIH-UHFFFAOYSA-N,VYQFVFZWQVNTIH,5.55,Non-inhibitor,1,628,Training
520,O=C(O)CSc1cc(NC(=O)Cc2ccccc2)c2ccccc2c1O,VYYAFYBWFONMEO-UHFFFAOYSA-N,VYYAFYBWFONMEO,4.23,Non-inhibitor,1,628,Training
521,O=C(O)c1cc(-c2ccc(Oc3ccccc3)cc2)cc(-c2ccc(Br)cc2)n1,VZMVDWYUXQOFSD-UHFFFAOYSA-N,VZMVDWYUXQOFSD,5.13,Non-inhibitor,1,628,Training
522,CC(C)CC(C(=O)O)N1C(=O)SC(=Cc2ccc(Br)cc2)C1=O,VZVZIGAVPCELGA-UHFFFAOYSA-N,VZVZIGAVPCELGA,5.06,Non-inhibitor,1,628,Training
523,NC(=O)CSc1cc(NS(=O)(=O)c2ccc(Br)cc2)c2ccccc2c1O,WBAIUBIBYMOTDJ-UHFFFAOYSA-N,WBAIUBIBYMOTDJ,5.77,Non-inhibitor,1,628,Training
524,O=C(C=Cc1ccccc1Cl)Nc1ccc(C(=O)NS(=O)(=O)c2ccc(NCCSc3ccccc3)c([N+](=O)[O-])c2)cc1,WCCURKPGTWDEPT-UHFFFAOYSA-N,WCCURKPGTWDEPT,4.85,Non-inhibitor,1,628,Training
525,O=C(O)c1cc(-c2ccc(Oc3ccccc3)cc2)cc(-c2ccc(OCc3ccccc3)cc2)n1,WCPMTSQKPRRBAT-UHFFFAOYSA-N,WCPMTSQKPRRBAT,5.21,Non-inhibitor,1,628,Training
526,CCCCN=C1C(C#N)=C(O)c2c3c1ccc(Sc1ccc(Br)cc1)c3ccc2,WCYCOLUXSJFTKA-UHFFFAOYSA-N,WCYCOLUXSJFTKA,6.46,Non-inhibitor,1,628,Training
527,Cc1ccc(S(=O)(=O)NC(=O)C(Cc2ccc(Br)cc2)NC(=O)C2CC(Oc3ccc(-c4ccccc4)cc3)CN2C(=O)OC(C)(C)C)cc1,WDPPIULNYFKXCG-UHFFFAOYSA-N,WDPPIULNYFKXCG,6.0,Non-inhibitor,1,628,Training
528,O=C(O)CSc1cc(NS(=O)(=O)c2ccc(-c3ccccc3)cc2)c2ccccc2c1O,WDSIRVXGKDXLAU-UHFFFAOYSA-N,WDSIRVXGKDXLAU,6.43,Non-inhibitor,1,628,Training
529,O=C(O)c1c(CCCOc2cccc3c2cccc3)c2c(cccc2)s1,WEKMYYBVUYSISQ-UHFFFAOYSA-N,WEKMYYBVUYSISQ,6.43,Non-inhibitor,1,628,Training
530,COc1c(OC)cc(-c2ccc(C=C3SC(=S)N(C(Cc4ccccc4)C(=O)O)C3=O)cn2)cc1,WFBYCFBFDTYHFO-UHFFFAOYSA-N,WFBYCFBFDTYHFO,5.05,Non-inhibitor,1,628,Training
531,O=C(O)CSc1cc(NC(=O)c2ccc(Br)cc2)c2ccccc2c1O,WGECEUMJFKYEIB-UHFFFAOYSA-N,WGECEUMJFKYEIB,4.4,Non-inhibitor,1,628,Training
532,CCCOc1ccc(CC(NC(=O)C2CC(Oc3ccc(-c4ccccc4)cc3)CN2C(=O)OC(C)(C)C)C(=O)NS(=O)(=O)c2ccc([N+](=O)[O-])cc2)cc1,WHFMFGWHYWHKIT-UHFFFAOYSA-N,WHFMFGWHYWHKIT,5.33,Non-inhibitor,1,628,Training
533,Cc1cc(Oc2ccc(C=C3SC(=O)N(C(Cc4ccccc4)C(=O)O)C3=O)cc2)cc(C)c1Cl,WHQCEBGRPIFZAW-UHFFFAOYSA-N,WHQCEBGRPIFZAW,6.435,Non-inhibitor,1,628,Training
534,CCCCCCN=C1C(=O)NC2=C1c1c3c2cccc3c(N2CCSCC2)cc1,WIAHPNNINQUXBH-UHFFFAOYSA-N,WIAHPNNINQUXBH,7.43,Inhibitor,1,628,Training
535,CC(C)(C)c1ccc(CN2CCN(S(=O)(=O)Nc3c(C(=O)O)cc(SCCc4ccccc4)cc3)CC2)cc1,WIWNZUYJVZDDEH-UHFFFAOYSA-N,WIWNZUYJVZDDEH,6.6,Inhibitor,1,628,Training
536,Cc1ccccc1Oc1ccc2C3=C(C#N)C(=O)N=C3c3cccc1c32,WJGYEKOJLFTYIV-UHFFFAOYSA-N,WJGYEKOJLFTYIV,6.67,Inhibitor,1,628,Training
537,CCc1c(-c2cn(CCOc3cccc4ccccc34)c3c2c(-c2ccccc2C(=O)O)ccc3)cccc1,WJTXUCODNSFWJQ-UHFFFAOYSA-N,WJTXUCODNSFWJQ,6.57,Inhibitor,1,628,Training
538,O=C(O)c1c(NS(=O)(=O)N2CCN(Cc3ccc(F)cc3)CC2)ccc(SCCc2ccccc2)c1,WLQPDKMUGJLFLQ-UHFFFAOYSA-N,WLQPDKMUGJLFLQ,6.11,Non-inhibitor,1,628,Training
539,O=C(O)c1c(CCCOc2cccc3ccccc23)c2cccc3c2n1CCCS3,WLXWGKQBHKCGOD-UHFFFAOYSA-N,WLXWGKQBHKCGOD,6.77,Inhibitor,1,628,Training
540,Cc1cc(OCCCc2c(C(=O)NS(=O)(=O)CCCNC3CCCCC3)[nH]c3ccccc23)cc(C)c1Cl,WMIOYNQNQYGUDR-UHFFFAOYSA-N,WMIOYNQNQYGUDR,5.99,Non-inhibitor,1,628,Training
541,O=C(O)c1c(CCCOc2c3CCCCc3ccc2)c2cccc3c2n1CCS3,WOGLKUSZJCJORI-UHFFFAOYSA-N,WOGLKUSZJCJORI,6.82,Inhibitor,1,628,Training
542,COc1ccc(C(=O)C=Cc2cc(Cl)c(O)c(F)c2)cc1,WOMYXBNEVFFRQK-UHFFFAOYSA-N,WOMYXBNEVFFRQK,5.16,Non-inhibitor,1,628,Training
543,O=C(O)CSc1cc(NS(=O)(=O)c2ccccc2)c2ccccc2c1O,WOOMMHUHOYPAOS-UHFFFAOYSA-N,WOOMMHUHOYPAOS,5.45,Non-inhibitor,1,628,Training
544,O=C(O)c1c(CCCOc2cccc3ccccc23)c2c3c(ccc2)S(=O)(=O)CCn13,WOYADNGUIJORMA-UHFFFAOYSA-N,WOYADNGUIJORMA,7.06,Inhibitor,1,628,Training
545,O=C(O)CSc1cc(NS(=O)(=O)c2ccc(Br)cc2)c2ccccc2c1O,WUGANDSUVKXMEC-UHFFFAOYSA-N,WUGANDSUVKXMEC,6.3675,Non-inhibitor,1,628,Training
546,O=C(NS(=O)(=O)c1ccccc1)C(Cc1ccc(Br)cc1)N1C(=O)C(=Cc2ccc(-c3ccc([N+](=O)[O-])cc3)cc2)SC1=S,WVYGCYJTGGCNTL-UHFFFAOYSA-N,WVYGCYJTGGCNTL,7.07,Inhibitor,1,628,Training
547,COc1ccc(S(=O)(=O)Nc2cc(SCC(=O)O)c(O)c3ccccc23)cc1,WWPDFQGBFIREKS-UHFFFAOYSA-N,WWPDFQGBFIREKS,5.03,Non-inhibitor,1,628,Training
548,O=C(O)CSc1cc(NC(=O)Cc2ccc(Cl)cc2)c2ccccc2c1O,WXCKSSLPEMHARN-UHFFFAOYSA-N,WXCKSSLPEMHARN,4.9,Non-inhibitor,1,628,Training
549,Cc1cc(OCCCn2ccc3ccc(OCc4cccc(C(=O)O)c4)cc32)cc(C)c1Cl,WYAHBTJBOXJLSZ-UHFFFAOYSA-N,WYAHBTJBOXJLSZ,6.13,Non-inhibitor,1,628,Training
550,N#CC(C#N)=c1c(=O)c2cccc3cccc1c32,WYZUQHDRPNJOCG-UHFFFAOYSA-N,WYZUQHDRPNJOCG,4.5975,Non-inhibitor,1,628,Training
551,Cc1cc(Oc2ccc(C=C3SC(=O)N(C(CC(C)C)C(=O)O)C3=O)cc2Br)cc(C)c1Cl,XAAIWTRXLSKYEX-UHFFFAOYSA-N,XAAIWTRXLSKYEX,6.1,Non-inhibitor,1,628,Training
552,Cc1cc(OCCCc2c3C(=O)N(Cc4cccc(C(=O)O)c4)CCn3c3c2ccc(Cl)c3-c2c(C)n(C)nc2C)cc(C)c1Cl,XAGWTCOYUCLTCH-UHFFFAOYSA-N,XAGWTCOYUCLTCH,7.65,Inhibitor,1,628,Training
553,Cc1cc(OCCCc2c(C(=O)NS(=O)(=O)CCNC(=O)C3Cc4c(cccc4)N3)[nH]c3cc(Cl)ccc23)cc(C)c1Cl,XCGQNVFQNMUDAL-UHFFFAOYSA-N,XCGQNVFQNMUDAL,7.445,Inhibitor,1,628,Training
554,CC(C)c1ccc(Sc2ccc3C4=C(C#N)C(=O)N=C4c4cccc2c43)cc1,XDEBKMIEFZVMFB-UHFFFAOYSA-N,XDEBKMIEFZVMFB,7.09,Inhibitor,1,628,Training
555,Cc1cc(OCCCc2c3C(=O)N(c4cn(C)c5cc(C(=O)O)ccc45)CC(C)n3c3c2ccc(Cl)c3-c2c(C)n(C)nc2C)cc(C)c1Cl,XEJDPJHQCIGMPE-UHFFFAOYSA-N,XEJDPJHQCIGMPE,9.755,Inhibitor,1,628,Training
556,CC(C)c1c(-c2cn(CCOc3cccc4ccccc34)c3c2c(-c2ccccc2C(=O)O)ccc3)cccc1,XGXMFIZJBFLLNN-UHFFFAOYSA-N,XGXMFIZJBFLLNN,6.77,Inhibitor,1,628,Training
557,O=C(O)c1c(NS(=O)(=O)c2ccccc2)ccc(SCCc2ccccc2)c1,XJNPROORRVATHD-UHFFFAOYSA-N,XJNPROORRVATHD,5.82,Non-inhibitor,1,628,Training
558,Cc1cc(OCCCc2c3C(=O)N(Cc4ccc(C(=O)O)cc4)CC(C)Cn3c3c2ccc(Cl)c3-c2c(C)n(C)nc2C)cc(C)c1Cl,XKZQRWVWFSZFAU-UHFFFAOYSA-N,XKZQRWVWFSZFAU,7.905,Inhibitor,1,628,Training
559,CC(C)Oc1ccc(C(=O)Nc2c(-c3ccc(OC(C)C)cc3)n(-c3ccc(Oc4ccccc4)cc3)nc2C(=O)O)cc1,XMMSWQSSUYVMCR-UHFFFAOYSA-N,XMMSWQSSUYVMCR,6.6850000000000005,Inhibitor,1,628,Training
560,Cc1cc(OCCCn2ccc3cc(OCc4c(C(=O)O)cccc4)ccc32)cc(C)c1Cl,XNENLWGUIGBLAZ-UHFFFAOYSA-N,XNENLWGUIGBLAZ,6.96,Inhibitor,1,628,Training
561,O=C(O)c1c(CCCOc2cccc3ccccc23)c2cccc3c2n1CCC3,XOMAOOTVWOCYAD-UHFFFAOYSA-N,XOMAOOTVWOCYAD,6.51,Inhibitor,1,628,Training
562,Cc1cc(OCCCn2ccc3cc(OCC(=O)O)ccc32)cc(C)c1Cl,XOMMZYOXBXSAAC-UHFFFAOYSA-N,XOMMZYOXBXSAAC,5.83,Non-inhibitor,1,628,Training
563,CC(C)(C)c1ccc(OCCCn2c(C(=O)N3CCCCC3)cc3ccc(OCc4ccccc4C(=O)O)cc32)cc1,XOWXHFVXESDNAX-UHFFFAOYSA-N,XOWXHFVXESDNAX,6.44,Non-inhibitor,1,628,Training
564,CCOc1ccc(N2C(=O)SC(=Cc3cc(OC)c(O)cc3)C2=O)cc1,XPDLBMFYTFUHOC-UHFFFAOYSA-N,XPDLBMFYTFUHOC,5.59,Non-inhibitor,1,628,Training
565,Cc1cc(OCCCn2ccc3cc(OCc4cc(C(=O)O)ccc4)ccc32)cc(C)c1Cl,XQBCHYWCZPYLGN-UHFFFAOYSA-N,XQBCHYWCZPYLGN,6.7,Inhibitor,1,628,Training
566,O=C(O)c1cc(-c2ccc(Br)cc2)cc(-c2ccc(OCc3ccccc3)cc2)n1,XQTNVLICJURIFW-UHFFFAOYSA-N,XQTNVLICJURIFW,5.12,Non-inhibitor,1,628,Training
567,N#CC1=C(O)c2cccc3c(Sc4ccc(Br)cc4)ccc(c23)C1=NCCC(=O)O,XQVKECVZEAUASD-UHFFFAOYSA-N,XQVKECVZEAUASD,6.82,Inhibitor,1,628,Training
568,COc1cccc(-c2cn(Cc3cccc4ccccc34)c3cccc(-c4c(C(=O)O)cccc4)c23)c1,XRQBYGKJAKJADI-UHFFFAOYSA-N,XRQBYGKJAKJADI,6.54,Inhibitor,1,628,Training
569,Cc1cc(OCCCn2c(C)c(S(=O)(=O)c3cccc(O)c3)c(C)c2C(=O)O)cc(C)c1Cl,XSSLOBFSUNRXOK-UHFFFAOYSA-N,XSSLOBFSUNRXOK,6.82,Inhibitor,1,628,Training
570,Cc1cc(OCCCn2c(C)c(S(=O)(=O)c3ccc(Br)cc3)c(C)c2C(=O)O)cc(C)c1Cl,XTXZNIZKEYUMED-UHFFFAOYSA-N,XTXZNIZKEYUMED,7.4,Inhibitor,1,628,Training
571,Cc1cc(OCCCc2c(C(=O)NS(=O)(=O)c3ccc(C(=O)NCc4ccncc4)o3)[nH]c3c2ccc(Cl)c3-c2c(C)n(C)nc2C)cc(C)c1Cl,XUOWHTUFGDRCCK-UHFFFAOYSA-N,XUOWHTUFGDRCCK,7.885,Inhibitor,1,628,Training
572,Cc1cc(OCCCn2ccc3ccc(OCc4ccc(C(=O)O)cc4)cc32)cc(C)c1Cl,XVLWTNHMSONXMO-UHFFFAOYSA-N,XVLWTNHMSONXMO,5.92,Non-inhibitor,1,628,Training
573,CN(C)c1ccc(Sc2ccc3C4=C(C#N)C(=O)N=C4c4cccc2c43)cc1,XVVZVKUEVUGNGO-UHFFFAOYSA-N,XVVZVKUEVUGNGO,7.04,Inhibitor,1,628,Training
574,Cc1cc(OCCCc2c(C(=O)O)n3CCSc4cccc2c43)ccc1Cl,XWIOEODLFVLVCY-UHFFFAOYSA-N,XWIOEODLFVLVCY,6.68,Inhibitor,1,628,Training
575,CCCCNC(=O)c1cc(Sc2ccc(C(C)C)cc2)cnc1O,XWWLAIWNGYBKGZ-UHFFFAOYSA-N,XWWLAIWNGYBKGZ,6.65,Inhibitor,1,628,Training
576,CCCCCCN=C1C(=O)NC2=C1c1c3c2cccc3c(Oc2ccc(C(C)C)cc2)cc1,XWZAPHLZFDMUHL-UHFFFAOYSA-N,XWZAPHLZFDMUHL,5.973333333333333,Non-inhibitor,1,628,Training
577,Cc1cc(OCCCc2c3C(=O)N(Cc4cc(C(=O)O)ccn4)CCCn3c3c2ccc(Cl)c3-c2c(C)n(C)nc2C)cc(C)c1Cl,XXBUSBDYQLJUJO-UHFFFAOYSA-N,XXBUSBDYQLJUJO,8.440000000000001,Inhibitor,1,628,Training
578,Cc1cc(OCCCc2c(C(=O)NS(=O)(=O)CCNC(=O)c3cccn3Cc3ccccc3)[nH]c3ccccc23)cc(C)c1Cl,XYARBKYHURJQAV-UHFFFAOYSA-N,XYARBKYHURJQAV,6.83,Inhibitor,1,628,Training
579,Cc1c(Cl)c(C)cc(OCCCc2c(C(=O)O)n(C)c3ccccc23)c1,XYIJQMZUCQCNMO-UHFFFAOYSA-N,XYIJQMZUCQCNMO,6.75,Inhibitor,1,628,Training
580,N#Cc1cc(Sc2ccc(Br)cc2)cnc1O,XZDDUSYCXVNIMR-UHFFFAOYSA-N,XZDDUSYCXVNIMR,5.32,Non-inhibitor,1,628,Training
581,O=C(NS(=O)(=O)c1ccc([N+](=O)[O-])cc1)C(Cc1ccc(Br)cc1)N1C(=O)C(=Cc2ccc(-c3ccc(Cl)cc3)cc2)SC1=S,XZEBFHCFALOIHZ-UHFFFAOYSA-N,XZEBFHCFALOIHZ,7.2,Inhibitor,1,628,Training
582,O=C(O)c1cc(-c2ccc(Oc3ccccc3)cc2)cc(-c2cc(Br)ccc2)n1,YAAHHSJUPLEKIZ-UHFFFAOYSA-N,YAAHHSJUPLEKIZ,5.07,Non-inhibitor,1,628,Training
583,CCc1ccc(S(=O)(=O)c2c(C)n(CCCOc3cc(C)c(Cl)c(C)c3)c(C(=O)O)c2C)cc1,YCDMNFKHKZBRGK-UHFFFAOYSA-N,YCDMNFKHKZBRGK,7.16,Inhibitor,1,628,Training
584,CC(C)COc1ccc(C(=O)Nc2c(-c3ccc(OC(C)C)cc3)n(-c3ccc(Oc4ccccc4)cc3)nc2C(=O)O)cc1,YFJFMRRMGIOCHI-UHFFFAOYSA-N,YFJFMRRMGIOCHI,6.14,Non-inhibitor,1,628,Training
585,COc1cc(C(=O)C=Cc2ccc(O)cc2)c(O)c(OC)c1OC,YFQLECWROJYRNO-UHFFFAOYSA-N,YFQLECWROJYRNO,4.4,Non-inhibitor,1,628,Training
586,O=C(O)c1c(-c2cccc3c2c(-c2cc(C(F)(F)F)ccc2)cn3Cc2cccc3ccccc23)cccc1,YGCPADWESJRXBM-UHFFFAOYSA-N,YGCPADWESJRXBM,6.72,Inhibitor,1,628,Training
587,CCOc1ccc(-c2c(NC(=O)c3ccc(OC(C)C)cc3)c(C(=O)O)nn2-c2ccc(Oc3ccccc3)cc2)cc1,YGMNUAIEAAWEDE-UHFFFAOYSA-N,YGMNUAIEAAWEDE,7.09,Inhibitor,1,628,Training
588,O=C(O)c1cc(S(=O)(=O)Nc2ccc([N+](=O)[O-])cc2)c2ccccc2c1O,YHDHWPVJOCLGIE-UHFFFAOYSA-N,YHDHWPVJOCLGIE,5.35,Non-inhibitor,1,628,Training
589,O=C(O)c1c(CCc2cccc3ccccc23)c2c(cccc2)s1,YHJPBXFIHDAQRI-UHFFFAOYSA-N,YHJPBXFIHDAQRI,4.9,Non-inhibitor,1,628,Training
590,O=C(O)c1c(NS(=O)(=O)c2cnc(-c3ccccc3)cc2)ccc(SCCc2ccccc2)c1,YJAFEZNEDQWNIO-UHFFFAOYSA-N,YJAFEZNEDQWNIO,6.7,Inhibitor,1,628,Training
591,Cc1cc(OCCCc2c3C(=O)N(c4cc5c(ccn5C)c(C(=O)O)c4)CCCn3c3c2cc(Cl)cc3-c2c(C)n(C)nc2C)cc(C)c1Cl,YKAUGUHUXAGYDB-UHFFFAOYSA-N,YKAUGUHUXAGYDB,7.03,Inhibitor,1,628,Training
592,Cc1ccc(Sc2c(C)n(CCCOc3cc(C)c(Cl)c(C)c3)c(C(=O)O)c2C)cc1,YKVPAIYHDJLFEJ-UHFFFAOYSA-N,YKVPAIYHDJLFEJ,6.17,Non-inhibitor,1,628,Training
593,Cc1ccc(C(=O)c2cn(CCCOc3cc(C)c(Cl)c(C)c3)c(C(=O)O)c2)cc1,YLVDQOQTEKIAEM-UHFFFAOYSA-N,YLVDQOQTEKIAEM,6.16,Non-inhibitor,1,628,Training
594,CC(C)Oc1ccc(-c2cc(C(=O)O)nn2-c2ccc(Oc3ccccc3)cc2)cc1,YMZIQERIFKUTOB-UHFFFAOYSA-N,YMZIQERIFKUTOB,6.43,Non-inhibitor,1,628,Training
595,CCc1ccc(S(=O)(=O)Nc2cc(SCC(=O)O)c(O)c3ccccc23)cc1,YNKXUMMWJICJAZ-UHFFFAOYSA-N,YNKXUMMWJICJAZ,5.81,Non-inhibitor,1,628,Training
596,Cc1nn(C)c(C)c1-c1cccc2c1[nH]c(C(=O)O)c2CCCOc1cccc2ccccc12,YQKMXWUAKZDDLP-UHFFFAOYSA-N,YQKMXWUAKZDDLP,6.54,Inhibitor,1,628,Training
597,O=C(O)c1c(CCCOc2cccc(-c3ccccc3)c2)c2c(cccc2)[nH]1,YQMRSDVXHLCEEI-UHFFFAOYSA-N,YQMRSDVXHLCEEI,5.11,Non-inhibitor,1,628,Training
598,Cc1cc(OCCCc2c(C(=O)NS(=O)(=O)CCNS(=O)(=O)C3CCCCC3)[nH]c3ccccc23)cc(C)c1Cl,YQRMKSWXESHNSY-UHFFFAOYSA-N,YQRMKSWXESHNSY,6.6,Inhibitor,1,628,Training
599,Cc1cc(OCCCn2ccc3ccc(C(=O)O)cc32)cc(C)c1Cl,YRJHHCYWQVFPEX-UHFFFAOYSA-N,YRJHHCYWQVFPEX,5.52,Non-inhibitor,1,628,Training
600,Cc1cc(OCCCc2c(C(=O)NS(=O)(=O)CCNC(=O)C(C)C)[nH]c3cc(Cl)ccc23)cc(C)c1Cl,YTGNUHNSSYYFLS-UHFFFAOYSA-N,YTGNUHNSSYYFLS,7.18,Inhibitor,1,628,Training
601,O=C(O)COc1ccc2ccn(CCCOc3ccc(Oc4ccccc4)cc3)c2c1,YTIREQGJPWYZLM-UHFFFAOYSA-N,YTIREQGJPWYZLM,5.49,Non-inhibitor,1,628,Training
602,Cc1cc(OCCCc2c3C(=O)N(c4cn(C)c5cc(C(=O)O)ccc45)CCCn3c3c2ccc(Cl)c3-c2c(C)n(C)nc2C)cc(C)c1Cl,YTOHMGKVIJYDIR-UHFFFAOYSA-N,YTOHMGKVIJYDIR,9.41,Inhibitor,1,628,Training
603,Cc1cc(OCCCc2c(C(=O)NS(=O)(=O)CCNC(=O)Cc3cn(C)c4c3cccc4)[nH]c3ccccc23)cc(C)c1Cl,YTZZBFCCNZESCZ-UHFFFAOYSA-N,YTZZBFCCNZESCZ,6.53,Inhibitor,1,628,Training
604,Cc1c(-c2cccc3c2[nH]c(C(=O)O)c3CCCOc2cccc3ccccc23)cccc1,YXFMHHXNIYGNKK-UHFFFAOYSA-N,YXFMHHXNIYGNKK,6.265000000000001,Non-inhibitor,1,628,Training
605,Cc1cc(OCCCc2c3C(=O)N(c4cccc(C(=O)O)c4)CCCn3c3c2ccc(Cl)c3-c2c(C)n(C)nc2C)cc(C)c1Cl,YYPNZNHOMXJSFW-UHFFFAOYSA-N,YYPNZNHOMXJSFW,8.379999999999999,Inhibitor,1,628,Training
606,COc1ccc(C(=O)C=Cc2cc(Cl)c(O)c(F)c2)c(OC)c1OC,YZRKVJJXPZORMS-UHFFFAOYSA-N,YZRKVJJXPZORMS,5.52,Non-inhibitor,1,628,Training
