,Unnamed: 0,papyrus_SMILES,papyrus_SMILES.1,papyrus_SMILES.2,papyrus_SMILES.3,papyrus_inchi_key,papyrus_inchi_key.1,papyrus_inchi_key.2,papyrus_inchi_key.3,composite_score
1297,1297,CC(C)(C)c1cn2c(n1)C(CNCc1cnn3ccccc13)CCC2,CC(C)(C)c1cn2c(n1)C(CNCc1cnn3ccccc13)CCC2,CC(C)(C)c1cn2c(n1)C(CNCc1cnn3ccccc13)CCC2,CC(C)(C)c1cn2c(n1)C(CNCc1cnn3ccccc13)CCC2,UTJGZXPPCRDTOB-UHFFFAOYSA-N,UTJGZXPPCRDTOB-UHFFFAOYSA-N,UTJGZXPPCRDTOB-UHFFFAOYSA-N,UTJGZXPPCRDTOB-UHFFFAOYSA-N,1.9242999942779544
1932,1932,CC(C)N(C)c1cnn(C2CCCN(Cc3cc4n(n3)CCCC4)C2)c(=O)c1,CC(C)N(C)c1cnn(C2CCCN(Cc3cc4n(n3)CCCC4)C2)c(=O)c1,CC(C)N(C)c1cnn(C2CCCN(Cc3cc4n(n3)CCCC4)C2)c(=O)c1,CC(C)N(C)c1cnn(C2CCCN(Cc3cc4n(n3)CCCC4)C2)c(=O)c1,QUMYZOQOLAQUDJ-UHFFFAOYSA-N,QUMYZOQOLAQUDJ-UHFFFAOYSA-N,QUMYZOQOLAQUDJ-UHFFFAOYSA-N,QUMYZOQOLAQUDJ-UHFFFAOYSA-N,1.9212666636466984
2410,2410,CC(C)c1cc(C(=O)N2CCc3c(cccc3N3CCOC3=O)C2)nn1C,CC(C)c1cc(C(=O)N2CCc3c(cccc3N3CCOC3=O)C2)nn1C,CC(C)c1cc(C(=O)N2CCc3c(cccc3N3CCOC3=O)C2)nn1C,CC(C)c1cc(C(=O)N2CCc3c(cccc3N3CCOC3=O)C2)nn1C,OXPVQJJEXJQFMJ-UHFFFAOYSA-N,OXPVQJJEXJQFMJ-UHFFFAOYSA-N,OXPVQJJEXJQFMJ-UHFFFAOYSA-N,OXPVQJJEXJQFMJ-UHFFFAOYSA-N,1.972433321317037
2438,2438,CC(C)c1cc(C(=O)N[C@@H]2CC(=O)N(C)[C@H]2c2ccnn2C)nn1C,CC(C)c1cc(C(=O)N[C@@H]2CC(=O)N(C)[C@H]2c2ccnn2C)nn1C,CC(C)c1cc(C(=O)N[C@@H]2CC(=O)N(C)[C@H]2c2ccnn2C)nn1C,CC(C)c1cc(C(=O)N[C@@H]2CC(=O)N(C)[C@H]2c2ccnn2C)nn1C,PGGSPKWGAFZTFW-BDJLRTHQSA-N,PGGSPKWGAFZTFW-BDJLRTHQSA-N,PGGSPKWGAFZTFW-BDJLRTHQSA-N,PGGSPKWGAFZTFW-BDJLRTHQSA-N,1.9208333191871645
2685,2685,CC(C)c1nn(C)c2sc(C(=O)N3CCCC3c3ccccn3)cc12,CC(C)c1nn(C)c2sc(C(=O)N3CCCC3c3ccccn3)cc12,CC(C)c1nn(C)c2sc(C(=O)N3CCCC3c3ccccn3)cc12,CC(C)c1nn(C)c2sc(C(=O)N3CCCC3c3ccccn3)cc12,KKXIKLPQDVVINH-UHFFFAOYSA-N,KKXIKLPQDVVINH-UHFFFAOYSA-N,KKXIKLPQDVVINH-UHFFFAOYSA-N,KKXIKLPQDVVINH-UHFFFAOYSA-N,1.9476666837374368
2923,2923,CC(C)n1nccc1CNc1ccc2c(c1)CCCC(=O)N2,CC(C)n1nccc1CNc1ccc2c(c1)CCCC(=O)N2,CC(C)n1nccc1CNc1ccc2c(c1)CCCC(=O)N2,CC(C)n1nccc1CNc1ccc2c(c1)CCCC(=O)N2,SARMNYZIRYTMCY-UHFFFAOYSA-N,SARMNYZIRYTMCY-UHFFFAOYSA-N,SARMNYZIRYTMCY-UHFFFAOYSA-N,SARMNYZIRYTMCY-UHFFFAOYSA-N,1.9531000060081485
2942,2942,CC(C)n1nccc1[C@H]1OCC[C@@H]1NCc1cnn2ccccc12,CC(C)n1nccc1[C@H]1OCC[C@@H]1NCc1cnn2ccccc12,CC(C)n1nccc1[C@H]1OCC[C@@H]1NCc1cnn2ccccc12,CC(C)n1nccc1[C@H]1OCC[C@@H]1NCc1cnn2ccccc12,RWDSVQRTBQLZEN-YJBOKZPZSA-N,RWDSVQRTBQLZEN-YJBOKZPZSA-N,RWDSVQRTBQLZEN-YJBOKZPZSA-N,RWDSVQRTBQLZEN-YJBOKZPZSA-N,1.9336333334604896
3112,3112,CC(Cc1ccc(O)cc1)N(C)C(=O)NC1CCCn2ncnc21,CC(Cc1ccc(O)cc1)N(C)C(=O)NC1CCCn2ncnc21,CC(Cc1ccc(O)cc1)N(C)C(=O)NC1CCCn2ncnc21,CC(Cc1ccc(O)cc1)N(C)C(=O)NC1CCCn2ncnc21,DSLGSCKCFSAVLL-UHFFFAOYSA-N,DSLGSCKCFSAVLL-UHFFFAOYSA-N,DSLGSCKCFSAVLL-UHFFFAOYSA-N,DSLGSCKCFSAVLL-UHFFFAOYSA-N,1.6891999924023948
3441,3441,CC(NC[C@@H]1CCCO[C@H]1c1ccnn1C)c1cc2n(n1)CCC2,CC(NC[C@@H]1CCCO[C@H]1c1ccnn1C)c1cc2n(n1)CCC2,CC(NC[C@@H]1CCCO[C@H]1c1ccnn1C)c1cc2n(n1)CCC2,CC(NC[C@@H]1CCCO[C@H]1c1ccnn1C)c1cc2n(n1)CCC2,GLOJNZMWEWTMLE-VVPPIPSKSA-N,GLOJNZMWEWTMLE-VVPPIPSKSA-N,GLOJNZMWEWTMLE-VVPPIPSKSA-N,GLOJNZMWEWTMLE-VVPPIPSKSA-N,1.936400007502238
3442,3442,CC(NC[C@@H]1CCCO[C@H]1c1ccnn1C)c1ccc2c(c1)COC2,CC(NC[C@@H]1CCCO[C@H]1c1ccnn1C)c1ccc2c(c1)COC2,CC(NC[C@@H]1CCCO[C@H]1c1ccnn1C)c1ccc2c(c1)COC2,CC(NC[C@@H]1CCCO[C@H]1c1ccnn1C)c1ccc2c(c1)COC2,WYRIDUTUPUKCHD-PNKJRWENSA-N,WYRIDUTUPUKCHD-PNKJRWENSA-N,WYRIDUTUPUKCHD-PNKJRWENSA-N,WYRIDUTUPUKCHD-PNKJRWENSA-N,1.9390333361943568
3443,3443,CC(NC[C@@H]1CCCO[C@H]1c1ccnn1C)c1nc2ccccc2n1C,CC(NC[C@@H]1CCCO[C@H]1c1ccnn1C)c1nc2ccccc2n1C,CC(NC[C@@H]1CCCO[C@H]1c1ccnn1C)c1nc2ccccc2n1C,CC(NC[C@@H]1CCCO[C@H]1c1ccnn1C)c1nc2ccccc2n1C,PGSAECBKQAWGKI-DZNRSUDRSA-N,PGSAECBKQAWGKI-DZNRSUDRSA-N,PGSAECBKQAWGKI-DZNRSUDRSA-N,PGSAECBKQAWGKI-DZNRSUDRSA-N,1.9576000001907348
3828,3828,CC(c1nc(C2CC2)no1)N1Cc2cnn(C)c2CC(C)(C)C1,CC(c1nc(C2CC2)no1)N1Cc2cnn(C)c2CC(C)(C)C1,CC(c1nc(C2CC2)no1)N1Cc2cnn(C)c2CC(C)(C)C1,CC(c1nc(C2CC2)no1)N1Cc2cnn(C)c2CC(C)(C)C1,CVFCOUPSWRKJGT-UHFFFAOYSA-N,CVFCOUPSWRKJGT-UHFFFAOYSA-N,CVFCOUPSWRKJGT-UHFFFAOYSA-N,CVFCOUPSWRKJGT-UHFFFAOYSA-N,1.9168333339373271
4087,4087,CC1(C)Cc2c(cnn2-c2ccncc2)CN(CC23CNCC2C3)C1,CC1(C)Cc2c(cnn2-c2ccncc2)CN(CC23CNCC2C3)C1,CC1(C)Cc2c(cnn2-c2ccncc2)CN(CC23CNCC2C3)C1,CC1(C)Cc2c(cnn2-c2ccncc2)CN(CC23CNCC2C3)C1,ATSFSEWFHQYVHS-UHFFFAOYSA-N,ATSFSEWFHQYVHS-UHFFFAOYSA-N,ATSFSEWFHQYVHS-UHFFFAOYSA-N,ATSFSEWFHQYVHS-UHFFFAOYSA-N,1.713733327674866
5698,5698,CC1c2ccccc2OC1C(=O)N1CCCC1c1noc(C2CC2)n1,CC1c2ccccc2OC1C(=O)N1CCCC1c1noc(C2CC2)n1,CC1c2ccccc2OC1C(=O)N1CCCC1c1noc(C2CC2)n1,CC1c2ccccc2OC1C(=O)N1CCCC1c1noc(C2CC2)n1,MFHZBQZLISRENI-UHFFFAOYSA-N,MFHZBQZLISRENI-UHFFFAOYSA-N,MFHZBQZLISRENI-UHFFFAOYSA-N,MFHZBQZLISRENI-UHFFFAOYSA-N,1.9548333381970724
5968,5968,CCC(C)n1nc(C(=O)N2CCn3c(nnc3-c3ccccc3)C2)cc1C,CCC(C)n1nc(C(=O)N2CCn3c(nnc3-c3ccccc3)C2)cc1C,CCC(C)n1nc(C(=O)N2CCn3c(nnc3-c3ccccc3)C2)cc1C,CCC(C)n1nc(C(=O)N2CCn3c(nnc3-c3ccccc3)C2)cc1C,UUGLZAVEDMLEGI-UHFFFAOYSA-N,UUGLZAVEDMLEGI-UHFFFAOYSA-N,UUGLZAVEDMLEGI-UHFFFAOYSA-N,UUGLZAVEDMLEGI-UHFFFAOYSA-N,1.964466666030884
6037,6037,CCC(CC)n1ccc(CN2C[C@H]3COC[C@@]3(c3nnc(C)o3)C2)n1,CCC(CC)n1ccc(CN2C[C@H]3COC[C@@]3(c3nnc(C)o3)C2)n1,CCC(CC)n1ccc(CN2C[C@H]3COC[C@@]3(c3nnc(C)o3)C2)n1,CCC(CC)n1ccc(CN2C[C@H]3COC[C@@]3(c3nnc(C)o3)C2)n1,COSONVCHPLINGX-KSSFIOAISA-N,COSONVCHPLINGX-KSSFIOAISA-N,COSONVCHPLINGX-KSSFIOAISA-N,COSONVCHPLINGX-KSSFIOAISA-N,1.9139666681607563
6508,6508,CCC1CN(C)c2ccccc2CN1CC(=O)Nc1cc(C)on1,CCC1CN(C)c2ccccc2CN1CC(=O)Nc1cc(C)on1,CCC1CN(C)c2ccccc2CN1CC(=O)Nc1cc(C)on1,CCC1CN(C)c2ccccc2CN1CC(=O)Nc1cc(C)on1,PSBVQMZWOLLULL-UHFFFAOYSA-N,PSBVQMZWOLLULL-UHFFFAOYSA-N,PSBVQMZWOLLULL-UHFFFAOYSA-N,PSBVQMZWOLLULL-UHFFFAOYSA-N,1.9637666531562803
6763,6763,CCCCN1C(=O)NC2CC1(c1ncco1)Oc1cc(C)ccc12,CCCCN1C(=O)NC2CC1(c1ncco1)Oc1cc(C)ccc12,CCCCN1C(=O)NC2CC1(c1ncco1)Oc1cc(C)ccc12,CCCCN1C(=O)NC2CC1(c1ncco1)Oc1cc(C)ccc12,AHENTKXEFSAOOH-UHFFFAOYSA-N,AHENTKXEFSAOOH-UHFFFAOYSA-N,AHENTKXEFSAOOH-UHFFFAOYSA-N,AHENTKXEFSAOOH-UHFFFAOYSA-N,1.964333341693878
6789,6789,CCCCc1noc(CN[C@H]2CCO[C@@H]2c2cnn(C)c2C)n1,CCCCc1noc(CN[C@H]2CCO[C@@H]2c2cnn(C)c2C)n1,CCCCc1noc(CN[C@H]2CCO[C@@H]2c2cnn(C)c2C)n1,CCCCc1noc(CN[C@H]2CCO[C@@H]2c2cnn(C)c2C)n1,FPSHKALVCYWAHG-XJKSGUPXSA-N,FPSHKALVCYWAHG-XJKSGUPXSA-N,FPSHKALVCYWAHG-XJKSGUPXSA-N,FPSHKALVCYWAHG-XJKSGUPXSA-N,1.6639000113805134
7115,7115,CCCc1cc(NC(=O)C2CCO[C@H]2c2ccnn2C)n(C)n1,CCCc1cc(NC(=O)C2CCO[C@H]2c2ccnn2C)n(C)n1,CCCc1cc(NC(=O)C2CCO[C@H]2c2ccnn2C)n(C)n1,CCCc1cc(NC(=O)C2CCO[C@H]2c2ccnn2C)n(C)n1,IYFQMRSXBBBHKD-WPZCJLIBSA-N,IYFQMRSXBBBHKD-WPZCJLIBSA-N,IYFQMRSXBBBHKD-WPZCJLIBSA-N,IYFQMRSXBBBHKD-WPZCJLIBSA-N,1.943000000921885
7249,7249,CCCn1nc(-c2nnc3n2CCC(C(=O)OC)C3)c2ccccc2c1=O,CCCn1nc(-c2nnc3n2CCC(C(=O)OC)C3)c2ccccc2c1=O,CCCn1nc(-c2nnc3n2CCC(C(=O)OC)C3)c2ccccc2c1=O,CCCn1nc(-c2nnc3n2CCC(C(=O)OC)C3)c2ccccc2c1=O,BHKLFRCWKVHNGQ-UHFFFAOYSA-N,BHKLFRCWKVHNGQ-UHFFFAOYSA-N,BHKLFRCWKVHNGQ-UHFFFAOYSA-N,BHKLFRCWKVHNGQ-UHFFFAOYSA-N,1.949500003751119
7929,7929,CCN(Cc1ccc2c(c1)OCO2)C(=O)C1CCCO[C@H]1c1ccnn1C(C)C,CCN(Cc1ccc2c(c1)OCO2)C(=O)C1CCCO[C@H]1c1ccnn1C(C)C,CCN(Cc1ccc2c(c1)OCO2)C(=O)C1CCCO[C@H]1c1ccnn1C(C)C,CCN(Cc1ccc2c(c1)OCO2)C(=O)C1CCCO[C@H]1c1ccnn1C(C)C,VLQNFSMWYBDLHA-FBLFFUNLSA-N,VLQNFSMWYBDLHA-FBLFFUNLSA-N,VLQNFSMWYBDLHA-FBLFFUNLSA-N,VLQNFSMWYBDLHA-FBLFFUNLSA-N,1.9710000146865845
8010,8010,CCN(Cc1cnn(C)c1)C(=O)CCn1cnc2sc3c(c2c1=O)CCCC3,CCN(Cc1cnn(C)c1)C(=O)CCn1cnc2sc3c(c2c1=O)CCCC3,CCN(Cc1cnn(C)c1)C(=O)CCn1cnc2sc3c(c2c1=O)CCCC3,CCN(Cc1cnn(C)c1)C(=O)CCn1cnc2sc3c(c2c1=O)CCCC3,MNFPIWTUYVNNGF-UHFFFAOYSA-N,MNFPIWTUYVNNGF-UHFFFAOYSA-N,MNFPIWTUYVNNGF-UHFFFAOYSA-N,MNFPIWTUYVNNGF-UHFFFAOYSA-N,1.9272666790962216
8068,8068,CCN1C(=O)CC(C(=O)N(C)Cc2occc2C)[C@H]1c1cnn(C)c1C,CCN1C(=O)CC(C(=O)N(C)Cc2occc2C)[C@H]1c1cnn(C)c1C,CCN1C(=O)CC(C(=O)N(C)Cc2occc2C)[C@H]1c1cnn(C)c1C,CCN1C(=O)CC(C(=O)N(C)Cc2occc2C)[C@H]1c1cnn(C)c1C,WRYLLGYKEAIIPJ-IBYPIGCZSA-N,WRYLLGYKEAIIPJ-IBYPIGCZSA-N,WRYLLGYKEAIIPJ-IBYPIGCZSA-N,WRYLLGYKEAIIPJ-IBYPIGCZSA-N,1.9186333309173584
8069,8069,CCN1C(=O)CC(C(=O)N2CCc3ccccc32)[C@H]1c1cnn(C)c1C,CCN1C(=O)CC(C(=O)N2CCc3ccccc32)[C@H]1c1cnn(C)c1C,CCN1C(=O)CC(C(=O)N2CCc3ccccc32)[C@H]1c1cnn(C)c1C,CCN1C(=O)CC(C(=O)N2CCc3ccccc32)[C@H]1c1cnn(C)c1C,YKBVWTKCQUELEB-FUBQLUNQSA-N,YKBVWTKCQUELEB-FUBQLUNQSA-N,YKBVWTKCQUELEB-FUBQLUNQSA-N,YKBVWTKCQUELEB-FUBQLUNQSA-N,1.969999986743927
8070,8070,CCN1C(=O)CCC(C(=O)N(C)Cc2cc(C)on2)[C@H]1c1ccnn1C,CCN1C(=O)CCC(C(=O)N(C)Cc2cc(C)on2)[C@H]1c1ccnn1C,CCN1C(=O)CCC(C(=O)N(C)Cc2cc(C)on2)[C@H]1c1ccnn1C,CCN1C(=O)CCC(C(=O)N(C)Cc2cc(C)on2)[C@H]1c1ccnn1C,ZVSQLFVUJMSZKP-JRZJBTRGSA-N,ZVSQLFVUJMSZKP-JRZJBTRGSA-N,ZVSQLFVUJMSZKP-JRZJBTRGSA-N,ZVSQLFVUJMSZKP-JRZJBTRGSA-N,1.9680666728973384
8071,8071,CCN1C(=O)CCC(C(=O)N(C)Cc2ccco2)[C@H]1c1ccnn1C,CCN1C(=O)CCC(C(=O)N(C)Cc2ccco2)[C@H]1c1ccnn1C,CCN1C(=O)CCC(C(=O)N(C)Cc2ccco2)[C@H]1c1ccnn1C,CCN1C(=O)CCC(C(=O)N(C)Cc2ccco2)[C@H]1c1ccnn1C,HQYUHKHPULFLCD-JRZJBTRGSA-N,HQYUHKHPULFLCD-JRZJBTRGSA-N,HQYUHKHPULFLCD-JRZJBTRGSA-N,HQYUHKHPULFLCD-JRZJBTRGSA-N,1.9549666530609129
8077,8077,CCN1C(=O)CCC(C(=O)N2CCc3ccccc32)[C@H]1c1ccnn1C,CCN1C(=O)CCC(C(=O)N2CCc3ccccc32)[C@H]1c1ccnn1C,CCN1C(=O)CCC(C(=O)N2CCc3ccccc32)[C@H]1c1ccnn1C,CCN1C(=O)CCC(C(=O)N2CCc3ccccc32)[C@H]1c1ccnn1C,DDZZKAWHCIYZDE-FUBQLUNQSA-N,DDZZKAWHCIYZDE-FUBQLUNQSA-N,DDZZKAWHCIYZDE-FUBQLUNQSA-N,DDZZKAWHCIYZDE-FUBQLUNQSA-N,1.9738000122070312
8255,8255,CCN1CCC[C@@H](CN(C)Cc2cn3cc(C)ccc3n2)[C@@H]1c1cnn(C)c1,CCN1CCC[C@@H](CN(C)Cc2cn3cc(C)ccc3n2)[C@@H]1c1cnn(C)c1,CCN1CCC[C@@H](CN(C)Cc2cn3cc(C)ccc3n2)[C@@H]1c1cnn(C)c1,CCN1CCC[C@@H](CN(C)Cc2cn3cc(C)ccc3n2)[C@@H]1c1cnn(C)c1,CHUDVRJZESHCDB-PGRDOPGGSA-N,CHUDVRJZESHCDB-PGRDOPGGSA-N,CHUDVRJZESHCDB-PGRDOPGGSA-N,CHUDVRJZESHCDB-PGRDOPGGSA-N,1.678133332411448
8259,8259,CCN1CCC[C@@H](CN(C)Cc2noc3c2CCCC3)[C@@H]1c1cnn(C)c1,CCN1CCC[C@@H](CN(C)Cc2noc3c2CCCC3)[C@@H]1c1cnn(C)c1,CCN1CCC[C@@H](CN(C)Cc2noc3c2CCCC3)[C@@H]1c1cnn(C)c1,CCN1CCC[C@@H](CN(C)Cc2noc3c2CCCC3)[C@@H]1c1cnn(C)c1,LOWVLUJNLPAEEW-HRAATJIYSA-N,LOWVLUJNLPAEEW-HRAATJIYSA-N,LOWVLUJNLPAEEW-HRAATJIYSA-N,LOWVLUJNLPAEEW-HRAATJIYSA-N,1.713933333301544
8427,8427,CCN1CCO[C@@H](CNC2CCCc3occc32)[C@@H]1c1ccnn1C,CCN1CCO[C@@H](CNC2CCCc3occc32)[C@@H]1c1ccnn1C,CCN1CCO[C@@H](CNC2CCCc3occc32)[C@@H]1c1ccnn1C,CCN1CCO[C@@H](CNC2CCCc3occc32)[C@@H]1c1ccnn1C,DTAHQJWHTNMTNV-IROOXBOJSA-N,DTAHQJWHTNMTNV-IROOXBOJSA-N,DTAHQJWHTNMTNV-IROOXBOJSA-N,DTAHQJWHTNMTNV-IROOXBOJSA-N,2.7386999941825865
8435,8435,CCN1CCO[C@@H](CNCc2cccc3nccn23)[C@@H]1c1ccnn1C,CCN1CCO[C@@H](CNCc2cccc3nccn23)[C@@H]1c1ccnn1C,CCN1CCO[C@@H](CNCc2cccc3nccn23)[C@@H]1c1ccnn1C,CCN1CCO[C@@H](CNCc2cccc3nccn23)[C@@H]1c1ccnn1C,KZCOOLOYXCEBNW-HKUYNNGSSA-N,KZCOOLOYXCEBNW-HKUYNNGSSA-N,KZCOOLOYXCEBNW-HKUYNNGSSA-N,KZCOOLOYXCEBNW-HKUYNNGSSA-N,1.9196000124613444
8440,8440,CCN1CCO[C@@H](CNCc2cnn3ccccc23)[C@@H]1c1cncn1C,CCN1CCO[C@@H](CNCc2cnn3ccccc23)[C@@H]1c1cncn1C,CCN1CCO[C@@H](CNCc2cnn3ccccc23)[C@@H]1c1cncn1C,CCN1CCO[C@@H](CNCc2cnn3ccccc23)[C@@H]1c1cncn1C,XLMIZKVQJAWLPD-OALUTQOASA-N,XLMIZKVQJAWLPD-OALUTQOASA-N,XLMIZKVQJAWLPD-OALUTQOASA-N,XLMIZKVQJAWLPD-OALUTQOASA-N,1.7227666665395105
9001,9001,CCOCC1CCCN(Cc2cn(C)nc2-c2ccc3c(c2)OCCCO3)C1,CCOCC1CCCN(Cc2cn(C)nc2-c2ccc3c(c2)OCCCO3)C1,CCOCC1CCCN(Cc2cn(C)nc2-c2ccc3c(c2)OCCCO3)C1,CCOCC1CCCN(Cc2cn(C)nc2-c2ccc3c(c2)OCCCO3)C1,PTUFHRCIXXFIDJ-UHFFFAOYSA-N,PTUFHRCIXXFIDJ-UHFFFAOYSA-N,PTUFHRCIXXFIDJ-UHFFFAOYSA-N,PTUFHRCIXXFIDJ-UHFFFAOYSA-N,1.950899995390574
9781,9781,CCOc1ccccc1CN(C)C(=O)C1CNC[C@@H]1c1cnn(C)c1,CCOc1ccccc1CN(C)C(=O)C1CNC[C@@H]1c1cnn(C)c1,CCOc1ccccc1CN(C)C(=O)C1CNC[C@@H]1c1cnn(C)c1,CCOc1ccccc1CN(C)C(=O)C1CNC[C@@H]1c1cnn(C)c1,NWDJELJDZKQEED-TZHYSIJRSA-N,NWDJELJDZKQEED-TZHYSIJRSA-N,NWDJELJDZKQEED-TZHYSIJRSA-N,NWDJELJDZKQEED-TZHYSIJRSA-N,1.945833314736684
10193,10193,CCc1c(C)nc2ccccc2c1N1C[C@@H](OC)[C@H](c2cn(C)nn2)C1,CCc1c(C)nc2ccccc2c1N1C[C@@H](OC)[C@H](c2cn(C)nn2)C1,CCc1c(C)nc2ccccc2c1N1C[C@@H](OC)[C@H](c2cn(C)nn2)C1,CCc1c(C)nc2ccccc2c1N1C[C@@H](OC)[C@H](c2cn(C)nn2)C1,PZFMOFJUEUEAST-QFBILLFUSA-N,PZFMOFJUEUEAST-QFBILLFUSA-N,PZFMOFJUEUEAST-QFBILLFUSA-N,PZFMOFJUEUEAST-QFBILLFUSA-N,1.956833322652181
10383,10383,CCc1ccc(C2CCCCCN2C(=O)Nc2cc(OC)nn2C)o1,CCc1ccc(C2CCCCCN2C(=O)Nc2cc(OC)nn2C)o1,CCc1ccc(C2CCCCCN2C(=O)Nc2cc(OC)nn2C)o1,CCc1ccc(C2CCCCCN2C(=O)Nc2cc(OC)nn2C)o1,QAPRIVFCBWHUJR-UHFFFAOYSA-N,QAPRIVFCBWHUJR-UHFFFAOYSA-N,QAPRIVFCBWHUJR-UHFFFAOYSA-N,QAPRIVFCBWHUJR-UHFFFAOYSA-N,1.9203666699091595
10516,10516,CCc1ccc2occ(C(=O)N3CCCC3c3cn(C)nc3C)c2c1,CCc1ccc2occ(C(=O)N3CCCC3c3cn(C)nc3C)c2c1,CCc1ccc2occ(C(=O)N3CCCC3c3cn(C)nc3C)c2c1,CCc1ccc2occ(C(=O)N3CCCC3c3cn(C)nc3C)c2c1,OUDFQIINEGHYJF-UHFFFAOYSA-N,OUDFQIINEGHYJF-UHFFFAOYSA-N,OUDFQIINEGHYJF-UHFFFAOYSA-N,OUDFQIINEGHYJF-UHFFFAOYSA-N,1.953833343410492
10944,10944,CCc1ncnc(N(C)C[C@@H]2CCCN(CC)[C@H]2c2cnn(C)c2)c1F,CCc1ncnc(N(C)C[C@@H]2CCCN(CC)[C@H]2c2cnn(C)c2)c1F,CCc1ncnc(N(C)C[C@@H]2CCCN(CC)[C@H]2c2cnn(C)c2)c1F,CCc1ncnc(N(C)C[C@@H]2CCCN(CC)[C@H]2c2cnn(C)c2)c1F,CZSHBHCSAFBEON-KBXCAEBGSA-N,CZSHBHCSAFBEON-KBXCAEBGSA-N,CZSHBHCSAFBEON-KBXCAEBGSA-N,CZSHBHCSAFBEON-KBXCAEBGSA-N,1.736866677570343
11005,11005,CCc1nn(C)cc1CNC[C@@H]1OCCN(CC)[C@H]1c1ccccc1,CCc1nn(C)cc1CNC[C@@H]1OCCN(CC)[C@H]1c1ccccc1,CCc1nn(C)cc1CNC[C@@H]1OCCN(CC)[C@H]1c1ccccc1,CCc1nn(C)cc1CNC[C@@H]1OCCN(CC)[C@H]1c1ccccc1,LIRAGOVULNCDSY-PMACEKPBSA-N,LIRAGOVULNCDSY-PMACEKPBSA-N,LIRAGOVULNCDSY-PMACEKPBSA-N,LIRAGOVULNCDSY-PMACEKPBSA-N,1.958933328723908
11032,11032,CCc1nnc(C)cc1C(=O)NC[C@@H]1CCO[C@H]1c1ccnn1C,CCc1nnc(C)cc1C(=O)NC[C@@H]1CCO[C@H]1c1ccnn1C,CCc1nnc(C)cc1C(=O)NC[C@@H]1CCO[C@H]1c1ccnn1C,CCc1nnc(C)cc1C(=O)NC[C@@H]1CCO[C@H]1c1ccnn1C,RAIRTIRMGNGBMY-BLLLJJGKSA-N,RAIRTIRMGNGBMY-BLLLJJGKSA-N,RAIRTIRMGNGBMY-BLLLJJGKSA-N,RAIRTIRMGNGBMY-BLLLJJGKSA-N,1.9462999966303507
11356,11356,CCc1onc(C)c1C(=O)N(C)C[C@@H]1CCCN(C)[C@H]1c1ccnn1C,CCc1onc(C)c1C(=O)N(C)C[C@@H]1CCCN(C)[C@H]1c1ccnn1C,CCc1onc(C)c1C(=O)N(C)C[C@@H]1CCCN(C)[C@H]1c1ccnn1C,CCc1onc(C)c1C(=O)N(C)C[C@@H]1CCCN(C)[C@H]1c1ccnn1C,PWXXTNJHPXEJFL-KBXCAEBGSA-N,PWXXTNJHPXEJFL-KBXCAEBGSA-N,PWXXTNJHPXEJFL-KBXCAEBGSA-N,PWXXTNJHPXEJFL-KBXCAEBGSA-N,1.9670666646639503
11504,11504,CCn1c([C@@H]2C[C@H](OC)CN2Cc2ccc3c(c2)CCO3)n[nH]c1=O,CCn1c([C@@H]2C[C@H](OC)CN2Cc2ccc3c(c2)CCO3)n[nH]c1=O,CCn1c([C@@H]2C[C@H](OC)CN2Cc2ccc3c(c2)CCO3)n[nH]c1=O,CCn1c([C@@H]2C[C@H](OC)CN2Cc2ccc3c(c2)CCO3)n[nH]c1=O,AWVPPHLQYAQXEM-GJZGRUSLSA-N,AWVPPHLQYAQXEM-GJZGRUSLSA-N,AWVPPHLQYAQXEM-GJZGRUSLSA-N,AWVPPHLQYAQXEM-GJZGRUSLSA-N,1.9307000124295557
11531,11531,CCn1cc(C(=O)N2CCCC(n3cncn3)C2)c(C2CCOCC2)n1,CCn1cc(C(=O)N2CCCC(n3cncn3)C2)c(C2CCOCC2)n1,CCn1cc(C(=O)N2CCCC(n3cncn3)C2)c(C2CCOCC2)n1,CCn1cc(C(=O)N2CCCC(n3cncn3)C2)c(C2CCOCC2)n1,IDTGCPINBNJSCI-UHFFFAOYSA-N,IDTGCPINBNJSCI-UHFFFAOYSA-N,IDTGCPINBNJSCI-UHFFFAOYSA-N,IDTGCPINBNJSCI-UHFFFAOYSA-N,1.9380000032107036
11554,11554,CCn1cc(C(=O)NCc2cn(C3CCOC3)nn2)c2ccccc21,CCn1cc(C(=O)NCc2cn(C3CCOC3)nn2)c2ccccc21,CCn1cc(C(=O)NCc2cn(C3CCOC3)nn2)c2ccccc21,CCn1cc(C(=O)NCc2cn(C3CCOC3)nn2)c2ccccc21,HLSLEENQFVAUET-UHFFFAOYSA-N,HLSLEENQFVAUET-UHFFFAOYSA-N,HLSLEENQFVAUET-UHFFFAOYSA-N,HLSLEENQFVAUET-UHFFFAOYSA-N,1.6874333308855691
11556,11556,CCn1cc(C(=O)N[C@@H]2C[C@@H](C)Oc3ccccc32)c(C(C)C)n1,CCn1cc(C(=O)N[C@@H]2C[C@@H](C)Oc3ccccc32)c(C(C)C)n1,CCn1cc(C(=O)N[C@@H]2C[C@@H](C)Oc3ccccc32)c(C(C)C)n1,CCn1cc(C(=O)N[C@@H]2C[C@@H](C)Oc3ccccc32)c(C(C)C)n1,XYDSWZWXHUDZQM-CZUORRHYSA-N,XYDSWZWXHUDZQM-CZUORRHYSA-N,XYDSWZWXHUDZQM-CZUORRHYSA-N,XYDSWZWXHUDZQM-CZUORRHYSA-N,1.9477333327929176
11697,11697,CCn1cc([C@@H]2OCCC[C@H]2CNC(=O)c2cncn2C)cn1,CCn1cc([C@@H]2OCCC[C@H]2CNC(=O)c2cncn2C)cn1,CCn1cc([C@@H]2OCCC[C@H]2CNC(=O)c2cncn2C)cn1,CCn1cc([C@@H]2OCCC[C@H]2CNC(=O)c2cncn2C)cn1,RMSDJPNOEKIUSL-SWLSCSKDSA-N,RMSDJPNOEKIUSL-SWLSCSKDSA-N,RMSDJPNOEKIUSL-SWLSCSKDSA-N,RMSDJPNOEKIUSL-SWLSCSKDSA-N,1.930100011221568
11713,11713,CCn1cc([C@@H]2OCC[C@H]2CNC(=O)c2ccc3nccn3c2)cn1,CCn1cc([C@@H]2OCC[C@H]2CNC(=O)c2ccc3nccn3c2)cn1,CCn1cc([C@@H]2OCC[C@H]2CNC(=O)c2ccc3nccn3c2)cn1,CCn1cc([C@@H]2OCC[C@H]2CNC(=O)c2ccc3nccn3c2)cn1,NSPNZUMJFCJBON-SUMWQHHRSA-N,NSPNZUMJFCJBON-SUMWQHHRSA-N,NSPNZUMJFCJBON-SUMWQHHRSA-N,NSPNZUMJFCJBON-SUMWQHHRSA-N,1.6917999925931295
11717,11717,CCn1cc([C@@H]2OCC[C@H]2CNC(C)c2cnccc2C)cn1,CCn1cc([C@@H]2OCC[C@H]2CNC(C)c2cnccc2C)cn1,CCn1cc([C@@H]2OCC[C@H]2CNC(C)c2cnccc2C)cn1,CCn1cc([C@@H]2OCC[C@H]2CNC(C)c2cnccc2C)cn1,LLTDCEJYYNBJCI-JGNLYWJMSA-N,LLTDCEJYYNBJCI-JGNLYWJMSA-N,LLTDCEJYYNBJCI-JGNLYWJMSA-N,LLTDCEJYYNBJCI-JGNLYWJMSA-N,1.964633327929179
11792,11792,CCn1ccnc1C1CCCCN1C(=O)c1cc2nc(C)ccc2o1,CCn1ccnc1C1CCCCN1C(=O)c1cc2nc(C)ccc2o1,CCn1ccnc1C1CCCCN1C(=O)c1cc2nc(C)ccc2o1,CCn1ccnc1C1CCCCN1C(=O)c1cc2nc(C)ccc2o1,VKLDISFNRAPLRT-UHFFFAOYSA-N,VKLDISFNRAPLRT-UHFFFAOYSA-N,VKLDISFNRAPLRT-UHFFFAOYSA-N,VKLDISFNRAPLRT-UHFFFAOYSA-N,1.9528999959627789
11815,11815,CCn1ccnc1[C@@H]1OCCC[C@H]1NCc1cnc2ccccc2c1,CCn1ccnc1[C@@H]1OCCC[C@H]1NCc1cnc2ccccc2c1,CCn1ccnc1[C@@H]1OCCC[C@H]1NCc1cnc2ccccc2c1,CCn1ccnc1[C@@H]1OCCC[C@H]1NCc1cnc2ccccc2c1,KGRVEURSSLJUGR-RTBURBONSA-N,KGRVEURSSLJUGR-RTBURBONSA-N,KGRVEURSSLJUGR-RTBURBONSA-N,KGRVEURSSLJUGR-RTBURBONSA-N,1.9585333182334896
11845,11845,CCn1cnc2c1CCN(C(=O)c1nn(C)c3c1C[C@H](C)O[C@@H]3C)C2,CCn1cnc2c1CCN(C(=O)c1nn(C)c3c1C[C@H](C)O[C@@H]3C)C2,CCn1cnc2c1CCN(C(=O)c1nn(C)c3c1C[C@H](C)O[C@@H]3C)C2,CCn1cnc2c1CCN(C(=O)c1nn(C)c3c1C[C@H](C)O[C@@H]3C)C2,CWMMTRCUOKBKAV-NWDGAFQWSA-N,CWMMTRCUOKBKAV-NWDGAFQWSA-N,CWMMTRCUOKBKAV-NWDGAFQWSA-N,CWMMTRCUOKBKAV-NWDGAFQWSA-N,1.923899983882904
11849,11849,CCn1cnc2c1CCN(Cc1nnc(-c3cc(C)oc3C)o1)C21CCOCC1,CCn1cnc2c1CCN(Cc1nnc(-c3cc(C)oc3C)o1)C21CCOCC1,CCn1cnc2c1CCN(Cc1nnc(-c3cc(C)oc3C)o1)C21CCOCC1,CCn1cnc2c1CCN(Cc1nnc(-c3cc(C)oc3C)o1)C21CCOCC1,KFOOTCLDRDTFDD-UHFFFAOYSA-N,KFOOTCLDRDTFDD-UHFFFAOYSA-N,KFOOTCLDRDTFDD-UHFFFAOYSA-N,KFOOTCLDRDTFDD-UHFFFAOYSA-N,1.900433343410492
11856,11856,CCn1cncc1CN[C@H]1CCO[C@@H]1c1ccnn1C(C)C,CCn1cncc1CN[C@H]1CCO[C@@H]1c1ccnn1C(C)C,CCn1cncc1CN[C@H]1CCO[C@@H]1c1ccnn1C(C)C,CCn1cncc1CN[C@H]1CCO[C@@H]1c1ccnn1C(C)C,GWAATKYTRKMKJG-HOCLYGCPSA-N,GWAATKYTRKMKJG-HOCLYGCPSA-N,GWAATKYTRKMKJG-HOCLYGCPSA-N,GWAATKYTRKMKJG-HOCLYGCPSA-N,1.6700999954541524
11977,11977,CCn1nc(C(=O)N2CCc3ncncc3C2)c2c1[C@H](C)O[C@H](C)C2,CCn1nc(C(=O)N2CCc3ncncc3C2)c2c1[C@H](C)O[C@H](C)C2,CCn1nc(C(=O)N2CCc3ncncc3C2)c2c1[C@H](C)O[C@H](C)C2,CCn1nc(C(=O)N2CCc3ncncc3C2)c2c1[C@H](C)O[C@H](C)C2,BKJCYVCONMHNDW-NEPJUHHUSA-N,BKJCYVCONMHNDW-NEPJUHHUSA-N,BKJCYVCONMHNDW-NEPJUHHUSA-N,BKJCYVCONMHNDW-NEPJUHHUSA-N,1.9551666783014932
12081,12081,CCn1nc(CN[C@H]2CCO[C@@H]2c2cn(C)nc2C)c2ccccc21,CCn1nc(CN[C@H]2CCO[C@@H]2c2cn(C)nc2C)c2ccccc21,CCn1nc(CN[C@H]2CCO[C@@H]2c2cn(C)nc2C)c2ccccc21,CCn1nc(CN[C@H]2CCO[C@@H]2c2cn(C)nc2C)c2ccccc21,ADUXPEDCFRYYEO-QFBILLFUSA-N,ADUXPEDCFRYYEO-QFBILLFUSA-N,ADUXPEDCFRYYEO-QFBILLFUSA-N,ADUXPEDCFRYYEO-QFBILLFUSA-N,1.9381333243370056
12082,12082,CCn1nc2c(c1C(=O)N1CC=C(c3cccc(OC)c3)CC1)C[C@H](C)O[C@@H]2C,CCn1nc2c(c1C(=O)N1CC=C(c3cccc(OC)c3)CC1)C[C@H](C)O[C@@H]2C,CCn1nc2c(c1C(=O)N1CC=C(c3cccc(OC)c3)CC1)C[C@H](C)O[C@@H]2C,CCn1nc2c(c1C(=O)N1CC=C(c3cccc(OC)c3)CC1)C[C@H](C)O[C@@H]2C,XEHMNIBLWAMGJR-JKSUJKDBSA-N,XEHMNIBLWAMGJR-JKSUJKDBSA-N,XEHMNIBLWAMGJR-JKSUJKDBSA-N,XEHMNIBLWAMGJR-JKSUJKDBSA-N,1.970766666571299
12083,12083,CCn1nc2c(c1C(=O)N1CCOc3ccc(C)cc3C1)C[C@H](C)O[C@@H]2C,CCn1nc2c(c1C(=O)N1CCOc3ccc(C)cc3C1)C[C@H](C)O[C@@H]2C,CCn1nc2c(c1C(=O)N1CCOc3ccc(C)cc3C1)C[C@H](C)O[C@@H]2C,CCn1nc2c(c1C(=O)N1CCOc3ccc(C)cc3C1)C[C@H](C)O[C@@H]2C,NJGMOCQYXYCWNJ-LSDHHAIUSA-N,NJGMOCQYXYCWNJ-LSDHHAIUSA-N,NJGMOCQYXYCWNJ-LSDHHAIUSA-N,NJGMOCQYXYCWNJ-LSDHHAIUSA-N,1.952366674804688
12084,12084,CCn1nc2c(c1C(=O)N1CCOc3ccc(F)cc3C1)C[C@H](C)O[C@@H]2C,CCn1nc2c(c1C(=O)N1CCOc3ccc(F)cc3C1)C[C@H](C)O[C@@H]2C,CCn1nc2c(c1C(=O)N1CCOc3ccc(F)cc3C1)C[C@H](C)O[C@@H]2C,CCn1nc2c(c1C(=O)N1CCOc3ccc(F)cc3C1)C[C@H](C)O[C@@H]2C,FLCYYOVXDZSRTK-QWHCGFSZSA-N,FLCYYOVXDZSRTK-QWHCGFSZSA-N,FLCYYOVXDZSRTK-QWHCGFSZSA-N,FLCYYOVXDZSRTK-QWHCGFSZSA-N,1.9606333285013835
12162,12162,CCn1nccc1CN[C@H]1CCO[C@@H]1c1ccc(OC)nc1,CCn1nccc1CN[C@H]1CCO[C@@H]1c1ccc(OC)nc1,CCn1nccc1CN[C@H]1CCO[C@@H]1c1ccc(OC)nc1,CCn1nccc1CN[C@H]1CCO[C@@H]1c1ccc(OC)nc1,LOBCUXHZFHFWEB-GOEBONIOSA-N,LOBCUXHZFHFWEB-GOEBONIOSA-N,LOBCUXHZFHFWEB-GOEBONIOSA-N,LOBCUXHZFHFWEB-GOEBONIOSA-N,1.9433999868075051
12192,12192,CCn1nccc1[C@@H]1OCCC[C@H]1CN1CCn2c(nnc2C2CC2)C1,CCn1nccc1[C@@H]1OCCC[C@H]1CN1CCn2c(nnc2C2CC2)C1,CCn1nccc1[C@@H]1OCCC[C@H]1CN1CCn2c(nnc2C2CC2)C1,CCn1nccc1[C@@H]1OCCC[C@H]1CN1CCn2c(nnc2C2CC2)C1,SJMDNGRVKOCMKF-MAUKXSAKSA-N,SJMDNGRVKOCMKF-MAUKXSAKSA-N,SJMDNGRVKOCMKF-MAUKXSAKSA-N,SJMDNGRVKOCMKF-MAUKXSAKSA-N,1.9601666527112325
12198,12198,CCn1nccc1[C@@H]1OCCC[C@H]1CNC(=O)c1nccn2ccnc12,CCn1nccc1[C@@H]1OCCC[C@H]1CNC(=O)c1nccn2ccnc12,CCn1nccc1[C@@H]1OCCC[C@H]1CNC(=O)c1nccn2ccnc12,CCn1nccc1[C@@H]1OCCC[C@H]1CNC(=O)c1nccn2ccnc12,QJKBLZQTXDPISA-XJKSGUPXSA-N,QJKBLZQTXDPISA-XJKSGUPXSA-N,QJKBLZQTXDPISA-XJKSGUPXSA-N,QJKBLZQTXDPISA-XJKSGUPXSA-N,1.692833332792918
12199,12199,CCn1nccc1[C@@H]1OCCC[C@H]1CNC(C)c1cc2n(n1)CCC2,CCn1nccc1[C@@H]1OCCC[C@H]1CNC(C)c1cc2n(n1)CCC2,CCn1nccc1[C@@H]1OCCC[C@H]1CNC(C)c1cc2n(n1)CCC2,CCn1nccc1[C@@H]1OCCC[C@H]1CNC(C)c1cc2n(n1)CCC2,KRGAWGFQKGBVQE-DZNRSUDRSA-N,KRGAWGFQKGBVQE-DZNRSUDRSA-N,KRGAWGFQKGBVQE-DZNRSUDRSA-N,KRGAWGFQKGBVQE-DZNRSUDRSA-N,1.945700004990896
12205,12205,CCn1nccc1[C@@H]1OCCC[C@H]1CNCc1c(C)cnn1C,CCn1nccc1[C@@H]1OCCC[C@H]1CNCc1c(C)cnn1C,CCn1nccc1[C@@H]1OCCC[C@H]1CNCc1c(C)cnn1C,CCn1nccc1[C@@H]1OCCC[C@H]1CNCc1c(C)cnn1C,GDRKTHIFAMHHFN-WMLDXEAASA-N,GDRKTHIFAMHHFN-WMLDXEAASA-N,GDRKTHIFAMHHFN-WMLDXEAASA-N,GDRKTHIFAMHHFN-WMLDXEAASA-N,1.9728333339055384
12206,12206,CCn1nccc1[C@@H]1OCCC[C@H]1CNCc1c(Cl)cnn1C,CCn1nccc1[C@@H]1OCCC[C@H]1CNCc1c(Cl)cnn1C,CCn1nccc1[C@@H]1OCCC[C@H]1CNCc1c(Cl)cnn1C,CCn1nccc1[C@@H]1OCCC[C@H]1CNCc1c(Cl)cnn1C,BFCONECLUOOQTA-BLLLJJGKSA-N,BFCONECLUOOQTA-BLLLJJGKSA-N,BFCONECLUOOQTA-BLLLJJGKSA-N,BFCONECLUOOQTA-BLLLJJGKSA-N,1.9655000038464865
12207,12207,CCn1nccc1[C@@H]1OCCC[C@H]1CNCc1cc(C#N)n(C)c1,CCn1nccc1[C@@H]1OCCC[C@H]1CNCc1cc(C#N)n(C)c1,CCn1nccc1[C@@H]1OCCC[C@H]1CNCc1cc(C#N)n(C)c1,CCn1nccc1[C@@H]1OCCC[C@H]1CNCc1cc(C#N)n(C)c1,IKMLANMBDAGKMH-MAUKXSAKSA-N,IKMLANMBDAGKMH-MAUKXSAKSA-N,IKMLANMBDAGKMH-MAUKXSAKSA-N,IKMLANMBDAGKMH-MAUKXSAKSA-N,2.68993334236145
12226,12226,CCn1nccc1[C@@H]1OCC[C@H]1CNC(=O)c1ccn(C(C)C)c1C,CCn1nccc1[C@@H]1OCC[C@H]1CNC(=O)c1ccn(C(C)C)c1C,CCn1nccc1[C@@H]1OCC[C@H]1CNC(=O)c1ccn(C(C)C)c1C,CCn1nccc1[C@@H]1OCC[C@H]1CNC(=O)c1ccn(C(C)C)c1C,CLRMQDFHEHEMBH-MAUKXSAKSA-N,CLRMQDFHEHEMBH-MAUKXSAKSA-N,CLRMQDFHEHEMBH-MAUKXSAKSA-N,CLRMQDFHEHEMBH-MAUKXSAKSA-N,1.9438666630744932
12252,12252,CCn1ncnc1CNC1CCN(C2CC2)C1c1cccc(OC)c1,CCn1ncnc1CNC1CCN(C2CC2)C1c1cccc(OC)c1,CCn1ncnc1CNC1CCN(C2CC2)C1c1cccc(OC)c1,CCn1ncnc1CNC1CCN(C2CC2)C1c1cccc(OC)c1,PZMVTSCWTVGGHR-UHFFFAOYSA-N,PZMVTSCWTVGGHR-UHFFFAOYSA-N,PZMVTSCWTVGGHR-UHFFFAOYSA-N,PZMVTSCWTVGGHR-UHFFFAOYSA-N,1.9135333277066549
12397,12397,CN(C(=O)C1C[C@@]12CC(C)(C)Oc1ccccc12)C1CCCc2c1cnn2C,CN(C(=O)C1C[C@@]12CC(C)(C)Oc1ccccc12)C1CCCc2c1cnn2C,CN(C(=O)C1C[C@@]12CC(C)(C)Oc1ccccc12)C1CCCc2c1cnn2C,CN(C(=O)C1C[C@@]12CC(C)(C)Oc1ccccc12)C1CCCc2c1cnn2C,UCXZWLXNHJJABM-KXXGJQBSSA-N,UCXZWLXNHJJABM-KXXGJQBSSA-N,UCXZWLXNHJJABM-KXXGJQBSSA-N,UCXZWLXNHJJABM-KXXGJQBSSA-N,1.9413333352724709
12572,12572,CN(C(=O)c1cccc2c1OCC2(C)C)C1CCCc2c1cnn2C,CN(C(=O)c1cccc2c1OCC2(C)C)C1CCCc2c1cnn2C,CN(C(=O)c1cccc2c1OCC2(C)C)C1CCCc2c1cnn2C,CN(C(=O)c1cccc2c1OCC2(C)C)C1CCCc2c1cnn2C,QWMHQRYIUMWUSV-UHFFFAOYSA-N,QWMHQRYIUMWUSV-UHFFFAOYSA-N,QWMHQRYIUMWUSV-UHFFFAOYSA-N,QWMHQRYIUMWUSV-UHFFFAOYSA-N,1.960366657193502
12954,12954,CN(C)C1CCN(Cc2cn(C)nc2C(=O)N2CCc3ccncc32)C1,CN(C)C1CCN(Cc2cn(C)nc2C(=O)N2CCc3ccncc32)C1,CN(C)C1CCN(Cc2cn(C)nc2C(=O)N2CCc3ccncc32)C1,CN(C)C1CCN(Cc2cn(C)nc2C(=O)N2CCc3ccncc32)C1,JPMIABHQESCQIS-UHFFFAOYSA-N,JPMIABHQESCQIS-UHFFFAOYSA-N,JPMIABHQESCQIS-UHFFFAOYSA-N,JPMIABHQESCQIS-UHFFFAOYSA-N,1.941400017865499
13771,13771,CN(C[C@@H]1CCCN(C)[C@H]1c1ccnn1C)C(=O)c1ccoc1C1CC1,CN(C[C@@H]1CCCN(C)[C@H]1c1ccnn1C)C(=O)c1ccoc1C1CC1,CN(C[C@@H]1CCCN(C)[C@H]1c1ccnn1C)C(=O)c1ccoc1C1CC1,CN(C[C@@H]1CCCN(C)[C@H]1c1ccnn1C)C(=O)c1ccoc1C1CC1,ZGPCQTHLYSTNLI-MAUKXSAKSA-N,ZGPCQTHLYSTNLI-MAUKXSAKSA-N,ZGPCQTHLYSTNLI-MAUKXSAKSA-N,ZGPCQTHLYSTNLI-MAUKXSAKSA-N,1.9506333527565003
13772,13772,CN(C[C@@H]1CCCN(C)[C@H]1c1ccnn1C)c1nc2ccccc2n1C,CN(C[C@@H]1CCCN(C)[C@H]1c1ccnn1C)c1nc2ccccc2n1C,CN(C[C@@H]1CCCN(C)[C@H]1c1ccnn1C)c1nc2ccccc2n1C,CN(C[C@@H]1CCCN(C)[C@H]1c1ccnn1C)c1nc2ccccc2n1C,PXBIIQSOWSSDMN-HNAYVOBHSA-N,PXBIIQSOWSSDMN-HNAYVOBHSA-N,PXBIIQSOWSSDMN-HNAYVOBHSA-N,PXBIIQSOWSSDMN-HNAYVOBHSA-N,1.9763000018437704
13783,13783,CN(C[C@@H]1CCCN(C)[C@H]1c1cnn(C)c1)C(=O)c1cc2ccccn2c1,CN(C[C@@H]1CCCN(C)[C@H]1c1cnn(C)c1)C(=O)c1cc2ccccn2c1,CN(C[C@@H]1CCCN(C)[C@H]1c1cnn(C)c1)C(=O)c1cc2ccccn2c1,CN(C[C@@H]1CCCN(C)[C@H]1c1cnn(C)c1)C(=O)c1cc2ccccn2c1,CTZYVXWQRBZBGW-OXJNMPFZSA-N,CTZYVXWQRBZBGW-OXJNMPFZSA-N,CTZYVXWQRBZBGW-OXJNMPFZSA-N,CTZYVXWQRBZBGW-OXJNMPFZSA-N,1.9279333249409996
13786,13786,CN(C[C@@H]1CCCN(C)[C@H]1c1cnn(C)c1)C(=O)c1cnc2c(c1)nnn2C,CN(C[C@@H]1CCCN(C)[C@H]1c1cnn(C)c1)C(=O)c1cnc2c(c1)nnn2C,CN(C[C@@H]1CCCN(C)[C@H]1c1cnn(C)c1)C(=O)c1cnc2c(c1)nnn2C,CN(C[C@@H]1CCCN(C)[C@H]1c1cnn(C)c1)C(=O)c1cnc2c(c1)nnn2C,WHAPRHSVXYXFMC-SUMWQHHRSA-N,WHAPRHSVXYXFMC-SUMWQHHRSA-N,WHAPRHSVXYXFMC-SUMWQHHRSA-N,WHAPRHSVXYXFMC-SUMWQHHRSA-N,1.6806666753768922
13945,13945,CN(Cc1ccc2c[nH]nc2c1)C[C@@H]1CCCN(C)[C@H]1c1ccnn1C,CN(Cc1ccc2c[nH]nc2c1)C[C@@H]1CCCN(C)[C@H]1c1ccnn1C,CN(Cc1ccc2c[nH]nc2c1)C[C@@H]1CCCN(C)[C@H]1c1ccnn1C,CN(Cc1ccc2c[nH]nc2c1)C[C@@H]1CCCN(C)[C@H]1c1ccnn1C,VAKBXPIAAAHHJM-FXAWDEMLSA-N,VAKBXPIAAAHHJM-FXAWDEMLSA-N,VAKBXPIAAAHHJM-FXAWDEMLSA-N,VAKBXPIAAAHHJM-FXAWDEMLSA-N,1.965733333905538
13993,13993,CN(Cc1cccc2nccn12)C[C@@H]1CCCN(C)[C@H]1c1ccnn1C,CN(Cc1cccc2nccn12)C[C@@H]1CCCN(C)[C@H]1c1ccnn1C,CN(Cc1cccc2nccn12)C[C@@H]1CCCN(C)[C@H]1c1ccnn1C,CN(Cc1cccc2nccn12)C[C@@H]1CCCN(C)[C@H]1c1ccnn1C,ILUCSOISSWZVGD-OXJNMPFZSA-N,ILUCSOISSWZVGD-OXJNMPFZSA-N,ILUCSOISSWZVGD-OXJNMPFZSA-N,ILUCSOISSWZVGD-OXJNMPFZSA-N,1.9783333326657613
14184,14184,CN(Cc1cnc2cnccn12)C[C@@H]1CCCN(C)[C@H]1c1ccnn1C,CN(Cc1cnc2cnccn12)C[C@@H]1CCCN(C)[C@H]1c1ccnn1C,CN(Cc1cnc2cnccn12)C[C@@H]1CCCN(C)[C@H]1c1ccnn1C,CN(Cc1cnc2cnccn12)C[C@@H]1CCCN(C)[C@H]1c1ccnn1C,CHCCNOOQWVKONB-HNAYVOBHSA-N,CHCCNOOQWVKONB-HNAYVOBHSA-N,CHCCNOOQWVKONB-HNAYVOBHSA-N,CHCCNOOQWVKONB-HNAYVOBHSA-N,1.9471333291053767
14226,14226,CN(Cc1cnn2ccccc12)C[C@@H]1CCCN(C)[C@H]1c1cnn(C)c1,CN(Cc1cnn2ccccc12)C[C@@H]1CCCN(C)[C@H]1c1cnn(C)c1,CN(Cc1cnn2ccccc12)C[C@@H]1CCCN(C)[C@H]1c1cnn(C)c1,CN(Cc1cnn2ccccc12)C[C@@H]1CCCN(C)[C@H]1c1cnn(C)c1,HYSRVEWDOKTNHD-OXJNMPFZSA-N,HYSRVEWDOKTNHD-OXJNMPFZSA-N,HYSRVEWDOKTNHD-OXJNMPFZSA-N,HYSRVEWDOKTNHD-OXJNMPFZSA-N,1.928599993610382
14228,14228,CN(Cc1cnoc1C1CC1)C[C@@H]1CCCN(C)[C@H]1c1ccnn1C,CN(Cc1cnoc1C1CC1)C[C@@H]1CCCN(C)[C@H]1c1ccnn1C,CN(Cc1cnoc1C1CC1)C[C@@H]1CCCN(C)[C@H]1c1ccnn1C,CN(Cc1cnoc1C1CC1)C[C@@H]1CCCN(C)[C@H]1c1ccnn1C,JQHVIYDTKBNGJV-MAUKXSAKSA-N,JQHVIYDTKBNGJV-MAUKXSAKSA-N,JQHVIYDTKBNGJV-MAUKXSAKSA-N,JQHVIYDTKBNGJV-MAUKXSAKSA-N,1.9600666736920676
14340,14340,CN1C(=O)CC(C(=O)NCCc2cccc(Cl)c2)C1c1cnn(C)c1,CN1C(=O)CC(C(=O)NCCc2cccc(Cl)c2)C1c1cnn(C)c1,CN1C(=O)CC(C(=O)NCCc2cccc(Cl)c2)C1c1cnn(C)c1,CN1C(=O)CC(C(=O)NCCc2cccc(Cl)c2)C1c1cnn(C)c1,XWJGQEOKRSTRHK-UHFFFAOYSA-N,XWJGQEOKRSTRHK-UHFFFAOYSA-N,XWJGQEOKRSTRHK-UHFFFAOYSA-N,XWJGQEOKRSTRHK-UHFFFAOYSA-N,1.919099986775716
14592,14592,CN1CCC(NCc2nnnn2CC2CCOCC2)C1c1ccccc1,CN1CCC(NCc2nnnn2CC2CCOCC2)C1c1ccccc1,CN1CCC(NCc2nnnn2CC2CCOCC2)C1c1ccccc1,CN1CCC(NCc2nnnn2CC2CCOCC2)C1c1ccccc1,VWFGUELGRZBVJG-UHFFFAOYSA-N,VWFGUELGRZBVJG-UHFFFAOYSA-N,VWFGUELGRZBVJG-UHFFFAOYSA-N,VWFGUELGRZBVJG-UHFFFAOYSA-N,1.7161999921162925
14750,14750,CN1CCC[C@@H](CNCc2ccc3c(c2)ncn3C)[C@@H]1c1cncn1C,CN1CCC[C@@H](CNCc2ccc3c(c2)ncn3C)[C@@H]1c1cncn1C,CN1CCC[C@@H](CNCc2ccc3c(c2)ncn3C)[C@@H]1c1cncn1C,CN1CCC[C@@H](CNCc2ccc3c(c2)ncn3C)[C@@H]1c1cncn1C,QUCRAJJANKCZFC-OXJNMPFZSA-N,QUCRAJJANKCZFC-OXJNMPFZSA-N,QUCRAJJANKCZFC-OXJNMPFZSA-N,QUCRAJJANKCZFC-OXJNMPFZSA-N,1.9505999903043116
14754,14754,CN1CCC[C@@H](CNCc2cn3ccccc3n2)[C@@H]1c1ccnn1C,CN1CCC[C@@H](CNCc2cn3ccccc3n2)[C@@H]1c1ccnn1C,CN1CCC[C@@H](CNCc2cn3ccccc3n2)[C@@H]1c1ccnn1C,CN1CCC[C@@H](CNCc2cn3ccccc3n2)[C@@H]1c1ccnn1C,FHGRABLTZDREGS-HNAYVOBHSA-N,FHGRABLTZDREGS-HNAYVOBHSA-N,FHGRABLTZDREGS-HNAYVOBHSA-N,FHGRABLTZDREGS-HNAYVOBHSA-N,1.9594666718482967
15037,15037,CN1CCO[C@@H](CNC(c2cccnc2)C2CCC2)[C@@H]1c1ccnn1C,CN1CCO[C@@H](CNC(c2cccnc2)C2CCC2)[C@@H]1c1ccnn1C,CN1CCO[C@@H](CNC(c2cccnc2)C2CCC2)[C@@H]1c1ccnn1C,CN1CCO[C@@H](CNC(c2cccnc2)C2CCC2)[C@@H]1c1ccnn1C,FDYYHWKAOBLECI-WMEOFMBSSA-N,FDYYHWKAOBLECI-WMEOFMBSSA-N,FDYYHWKAOBLECI-WMEOFMBSSA-N,FDYYHWKAOBLECI-WMEOFMBSSA-N,1.7490666674931843
15038,15038,CN1CCO[C@@H](CNC2CC(C)(C)Cc3occc32)[C@@H]1c1ccnn1C,CN1CCO[C@@H](CNC2CC(C)(C)Cc3occc32)[C@@H]1c1ccnn1C,CN1CCO[C@@H](CNC2CC(C)(C)Cc3occc32)[C@@H]1c1ccnn1C,CN1CCO[C@@H](CNC2CC(C)(C)Cc3occc32)[C@@H]1c1ccnn1C,OHAIELGMRBXNBL-IROOXBOJSA-N,OHAIELGMRBXNBL-IROOXBOJSA-N,OHAIELGMRBXNBL-IROOXBOJSA-N,OHAIELGMRBXNBL-IROOXBOJSA-N,1.9132333152135208
15045,15045,CN1CCO[C@@H](CNCc2cccc3nccn23)[C@@H]1c1ccnn1C,CN1CCO[C@@H](CNCc2cccc3nccn23)[C@@H]1c1ccnn1C,CN1CCO[C@@H](CNCc2cccc3nccn23)[C@@H]1c1ccnn1C,CN1CCO[C@@H](CNCc2cccc3nccn23)[C@@H]1c1ccnn1C,FPUQHLSPJHOQCP-WMZOPIPTSA-N,FPUQHLSPJHOQCP-WMZOPIPTSA-N,FPUQHLSPJHOQCP-WMZOPIPTSA-N,FPUQHLSPJHOQCP-WMZOPIPTSA-N,1.915133335622152
15047,15047,CN1CCO[C@@H](CNCc2cnn3ccccc23)[C@@H]1c1cncn1C,CN1CCO[C@@H](CNCc2cnn3ccccc23)[C@@H]1c1cncn1C,CN1CCO[C@@H](CNCc2cnn3ccccc23)[C@@H]1c1cncn1C,CN1CCO[C@@H](CNCc2cnn3ccccc23)[C@@H]1c1cncn1C,XHTIRCBACLSKEN-ROUUACIJSA-N,XHTIRCBACLSKEN-ROUUACIJSA-N,XHTIRCBACLSKEN-ROUUACIJSA-N,XHTIRCBACLSKEN-ROUUACIJSA-N,1.687066660944621
15048,15048,CN1CCO[C@@H](CNCc2nc3ccccc3n2C)[C@@H]1c1ccnn1C,CN1CCO[C@@H](CNCc2nc3ccccc3n2C)[C@@H]1c1ccnn1C,CN1CCO[C@@H](CNCc2nc3ccccc3n2C)[C@@H]1c1ccnn1C,CN1CCO[C@@H](CNCc2nc3ccccc3n2C)[C@@H]1c1ccnn1C,BWENYPGJHSARTC-HKUYNNGSSA-N,BWENYPGJHSARTC-HKUYNNGSSA-N,BWENYPGJHSARTC-HKUYNNGSSA-N,BWENYPGJHSARTC-HKUYNNGSSA-N,1.681133333237966
15122,15122,CN1C[C@@H](NC(=O)c2noc3c2CCCC3)[C@H](c2cncn2C)C1,CN1C[C@@H](NC(=O)c2noc3c2CCCC3)[C@H](c2cncn2C)C1,CN1C[C@@H](NC(=O)c2noc3c2CCCC3)[C@H](c2cncn2C)C1,CN1C[C@@H](NC(=O)c2noc3c2CCCC3)[C@H](c2cncn2C)C1,KODWLNUAGVVJBV-CHWSQXEVSA-N,KODWLNUAGVVJBV-CHWSQXEVSA-N,KODWLNUAGVVJBV-CHWSQXEVSA-N,KODWLNUAGVVJBV-CHWSQXEVSA-N,1.7640666705449424
16127,16127,COC(=O)C1CCn2c(nnc2-c2nn(C)c(=O)c3ccccc23)C1,COC(=O)C1CCn2c(nnc2-c2nn(C)c(=O)c3ccccc23)C1,COC(=O)C1CCn2c(nnc2-c2nn(C)c(=O)c3ccccc23)C1,COC(=O)C1CCn2c(nnc2-c2nn(C)c(=O)c3ccccc23)C1,RXPDRAMKBQPEQW-UHFFFAOYSA-N,RXPDRAMKBQPEQW-UHFFFAOYSA-N,RXPDRAMKBQPEQW-UHFFFAOYSA-N,RXPDRAMKBQPEQW-UHFFFAOYSA-N,1.95979999516805
16153,16153,COC(=O)C1Cc2ccccc2CN1C(=O)c1cnn2c1CCCC2,COC(=O)C1Cc2ccccc2CN1C(=O)c1cnn2c1CCCC2,COC(=O)C1Cc2ccccc2CN1C(=O)c1cnn2c1CCCC2,COC(=O)C1Cc2ccccc2CN1C(=O)c1cnn2c1CCCC2,SPJRNSHEWRZWEM-UHFFFAOYSA-N,SPJRNSHEWRZWEM-UHFFFAOYSA-N,SPJRNSHEWRZWEM-UHFFFAOYSA-N,SPJRNSHEWRZWEM-UHFFFAOYSA-N,1.9571333506266275
16727,16727,COC1(c2nnc(CN3CCCc4cccc(C(C)C)c43)o2)CCOC1,COC1(c2nnc(CN3CCCc4cccc(C(C)C)c43)o2)CCOC1,COC1(c2nnc(CN3CCCc4cccc(C(C)C)c43)o2)CCOC1,COC1(c2nnc(CN3CCCc4cccc(C(C)C)c43)o2)CCOC1,VNALRWWBFSTZGJ-UHFFFAOYSA-N,VNALRWWBFSTZGJ-UHFFFAOYSA-N,VNALRWWBFSTZGJ-UHFFFAOYSA-N,VNALRWWBFSTZGJ-UHFFFAOYSA-N,1.9619333490371704
17666,17666,COCCn1cc([C@H]2OCC[C@@H]2NCc2cc(F)ccc2OC)cn1,COCCn1cc([C@H]2OCC[C@@H]2NCc2cc(F)ccc2OC)cn1,COCCn1cc([C@H]2OCC[C@@H]2NCc2cc(F)ccc2OC)cn1,COCCn1cc([C@H]2OCC[C@@H]2NCc2cc(F)ccc2OC)cn1,SXRCZZYJHOLJHG-FUHWJXTLSA-N,SXRCZZYJHOLJHG-FUHWJXTLSA-N,SXRCZZYJHOLJHG-FUHWJXTLSA-N,SXRCZZYJHOLJHG-FUHWJXTLSA-N,1.9504666603724163
17668,17668,COCCn1cc([C@H]2OCC[C@@H]2NCc2ccccc2OC)cn1,COCCn1cc([C@H]2OCC[C@@H]2NCc2ccccc2OC)cn1,COCCn1cc([C@H]2OCC[C@@H]2NCc2ccccc2OC)cn1,COCCn1cc([C@H]2OCC[C@@H]2NCc2ccccc2OC)cn1,MSVBVKNJQLLODT-FUHWJXTLSA-N,MSVBVKNJQLLODT-FUHWJXTLSA-N,MSVBVKNJQLLODT-FUHWJXTLSA-N,MSVBVKNJQLLODT-FUHWJXTLSA-N,1.7827333396275835
17675,17675,COCCn1cc2c(n1)C(NC(=O)c1cn(C(C)C)cn1)CCC2,COCCn1cc2c(n1)C(NC(=O)c1cn(C(C)C)cn1)CCC2,COCCn1cc2c(n1)C(NC(=O)c1cn(C(C)C)cn1)CCC2,COCCn1cc2c(n1)C(NC(=O)c1cn(C(C)C)cn1)CCC2,BVNQQPYMWUMQJB-UHFFFAOYSA-N,BVNQQPYMWUMQJB-UHFFFAOYSA-N,BVNQQPYMWUMQJB-UHFFFAOYSA-N,BVNQQPYMWUMQJB-UHFFFAOYSA-N,1.6548333284695942
18143,18143,COCc1n[nH]c([C@H]2CN(C(=O)c3cccn3C3CC3)C[C@@H]2C2CC2)n1,COCc1n[nH]c([C@H]2CN(C(=O)c3cccn3C3CC3)C[C@@H]2C2CC2)n1,COCc1n[nH]c([C@H]2CN(C(=O)c3cccn3C3CC3)C[C@@H]2C2CC2)n1,COCc1n[nH]c([C@H]2CN(C(=O)c3cccn3C3CC3)C[C@@H]2C2CC2)n1,MYWQYIISKGMACV-CABCVRRESA-N,MYWQYIISKGMACV-CABCVRRESA-N,MYWQYIISKGMACV-CABCVRRESA-N,MYWQYIISKGMACV-CABCVRRESA-N,1.6930333247502647
18297,18297,CO[C@@H]1CN(C(=O)Cc2cccc3cccnc23)C[C@H]1c1cn(C)nn1,CO[C@@H]1CN(C(=O)Cc2cccc3cccnc23)C[C@H]1c1cn(C)nn1,CO[C@@H]1CN(C(=O)Cc2cccc3cccnc23)C[C@H]1c1cn(C)nn1,CO[C@@H]1CN(C(=O)Cc2cccc3cccnc23)C[C@H]1c1cn(C)nn1,YFPOLQVBUZGQAV-DOTOQJQBSA-N,YFPOLQVBUZGQAV-DOTOQJQBSA-N,YFPOLQVBUZGQAV-DOTOQJQBSA-N,YFPOLQVBUZGQAV-DOTOQJQBSA-N,1.9555333264668784
18300,18300,CO[C@@H]1CN(C(=O)c2c[nH]cc2-c2ccccc2)C[C@H]1c1cn(C)nn1,CO[C@@H]1CN(C(=O)c2c[nH]cc2-c2ccccc2)C[C@H]1c1cn(C)nn1,CO[C@@H]1CN(C(=O)c2c[nH]cc2-c2ccccc2)C[C@H]1c1cn(C)nn1,CO[C@@H]1CN(C(=O)c2c[nH]cc2-c2ccccc2)C[C@H]1c1cn(C)nn1,OQMXLULPARYGQS-FUHWJXTLSA-N,OQMXLULPARYGQS-FUHWJXTLSA-N,OQMXLULPARYGQS-FUHWJXTLSA-N,OQMXLULPARYGQS-FUHWJXTLSA-N,1.7150333290100097
18301,18301,CO[C@@H]1CN(C(=O)c2cc(C(C)C)oc2C)C[C@H]1c1cn(C)nn1,CO[C@@H]1CN(C(=O)c2cc(C(C)C)oc2C)C[C@H]1c1cn(C)nn1,CO[C@@H]1CN(C(=O)c2cc(C(C)C)oc2C)C[C@H]1c1cn(C)nn1,CO[C@@H]1CN(C(=O)c2cc(C(C)C)oc2C)C[C@H]1c1cn(C)nn1,BZTDCXHSIZQEGV-XJKSGUPXSA-N,BZTDCXHSIZQEGV-XJKSGUPXSA-N,BZTDCXHSIZQEGV-XJKSGUPXSA-N,BZTDCXHSIZQEGV-XJKSGUPXSA-N,1.7265333416303
18303,18303,CO[C@@H]1CN(C(=O)c2ccc3c(c2)ncn3C)C[C@H]1c1cn(C)nn1,CO[C@@H]1CN(C(=O)c2ccc3c(c2)ncn3C)C[C@H]1c1cn(C)nn1,CO[C@@H]1CN(C(=O)c2ccc3c(c2)ncn3C)C[C@H]1c1cn(C)nn1,CO[C@@H]1CN(C(=O)c2ccc3c(c2)ncn3C)C[C@H]1c1cn(C)nn1,GJGRXYHACFDEPF-BLLLJJGKSA-N,GJGRXYHACFDEPF-BLLLJJGKSA-N,GJGRXYHACFDEPF-BLLLJJGKSA-N,GJGRXYHACFDEPF-BLLLJJGKSA-N,1.93153333902359
18304,18304,CO[C@@H]1CN(C(=O)c2ccc3ccccc3n2)C[C@H]1c1cn(C)nn1,CO[C@@H]1CN(C(=O)c2ccc3ccccc3n2)C[C@H]1c1cn(C)nn1,CO[C@@H]1CN(C(=O)c2ccc3ccccc3n2)C[C@H]1c1cn(C)nn1,CO[C@@H]1CN(C(=O)c2ccc3ccccc3n2)C[C@H]1c1cn(C)nn1,PWKSXJIEZNBATM-SUMWQHHRSA-N,PWKSXJIEZNBATM-SUMWQHHRSA-N,PWKSXJIEZNBATM-SUMWQHHRSA-N,PWKSXJIEZNBATM-SUMWQHHRSA-N,1.966566668955485
18305,18305,CO[C@@H]1CN(C(=O)c2cccc3c2OCC3(C)C)C[C@H]1c1cn(C)nn1,CO[C@@H]1CN(C(=O)c2cccc3c2OCC3(C)C)C[C@H]1c1cn(C)nn1,CO[C@@H]1CN(C(=O)c2cccc3c2OCC3(C)C)C[C@H]1c1cn(C)nn1,CO[C@@H]1CN(C(=O)c2cccc3c2OCC3(C)C)C[C@H]1c1cn(C)nn1,UKEFHXLMVSEQOY-XJKSGUPXSA-N,UKEFHXLMVSEQOY-XJKSGUPXSA-N,UKEFHXLMVSEQOY-XJKSGUPXSA-N,UKEFHXLMVSEQOY-XJKSGUPXSA-N,1.942766670290629
18306,18306,CO[C@@H]1CN(C(=O)c2cccc3c2OCCO3)C[C@H]1c1cn(C)nn1,CO[C@@H]1CN(C(=O)c2cccc3c2OCCO3)C[C@H]1c1cn(C)nn1,CO[C@@H]1CN(C(=O)c2cccc3c2OCCO3)C[C@H]1c1cn(C)nn1,CO[C@@H]1CN(C(=O)c2cccc3c2OCCO3)C[C@H]1c1cn(C)nn1,FBYUCVASKHEYMF-SWLSCSKDSA-N,FBYUCVASKHEYMF-SWLSCSKDSA-N,FBYUCVASKHEYMF-SWLSCSKDSA-N,FBYUCVASKHEYMF-SWLSCSKDSA-N,1.9625666776339208
18307,18307,CO[C@@H]1CN(C(=O)c2cccc3cc[nH]c23)C[C@H]1c1cn(C)nn1,CO[C@@H]1CN(C(=O)c2cccc3cc[nH]c23)C[C@H]1c1cn(C)nn1,CO[C@@H]1CN(C(=O)c2cccc3cc[nH]c23)C[C@H]1c1cn(C)nn1,CO[C@@H]1CN(C(=O)c2cccc3cc[nH]c23)C[C@H]1c1cn(C)nn1,BQSSFXJKWZJCAM-DZGCQCFKSA-N,BQSSFXJKWZJCAM-DZGCQCFKSA-N,BQSSFXJKWZJCAM-DZGCQCFKSA-N,BQSSFXJKWZJCAM-DZGCQCFKSA-N,2.667666664536794
18313,18313,CO[C@@H]1CN(C(=O)c2cnn3ccc(C)cc23)C[C@H]1c1cn(C)nn1,CO[C@@H]1CN(C(=O)c2cnn3ccc(C)cc23)C[C@H]1c1cn(C)nn1,CO[C@@H]1CN(C(=O)c2cnn3ccc(C)cc23)C[C@H]1c1cn(C)nn1,CO[C@@H]1CN(C(=O)c2cnn3ccc(C)cc23)C[C@H]1c1cn(C)nn1,XLZYFWYICNLXPW-XJKSGUPXSA-N,XLZYFWYICNLXPW-XJKSGUPXSA-N,XLZYFWYICNLXPW-XJKSGUPXSA-N,XLZYFWYICNLXPW-XJKSGUPXSA-N,1.926433333269755
18314,18314,CO[C@@H]1CN(C(=O)c2cnn3ccccc23)C[C@H]1c1cn(C)nn1,CO[C@@H]1CN(C(=O)c2cnn3ccccc23)C[C@H]1c1cn(C)nn1,CO[C@@H]1CN(C(=O)c2cnn3ccccc23)C[C@H]1c1cn(C)nn1,CO[C@@H]1CN(C(=O)c2cnn3ccccc23)C[C@H]1c1cn(C)nn1,XARKWCMHTXNJSO-SWLSCSKDSA-N,XARKWCMHTXNJSO-SWLSCSKDSA-N,XARKWCMHTXNJSO-SWLSCSKDSA-N,XARKWCMHTXNJSO-SWLSCSKDSA-N,1.9122333360989887
18324,18324,CO[C@@H]1CN(Cc2ccc3c(c2)CCC(C)(C)O3)C[C@H]1c1cn(C)nn1,CO[C@@H]1CN(Cc2ccc3c(c2)CCC(C)(C)O3)C[C@H]1c1cn(C)nn1,CO[C@@H]1CN(Cc2ccc3c(c2)CCC(C)(C)O3)C[C@H]1c1cn(C)nn1,CO[C@@H]1CN(Cc2ccc3c(c2)CCC(C)(C)O3)C[C@H]1c1cn(C)nn1,KBWRNDPJQQIPJA-QFBILLFUSA-N,KBWRNDPJQQIPJA-QFBILLFUSA-N,KBWRNDPJQQIPJA-QFBILLFUSA-N,KBWRNDPJQQIPJA-QFBILLFUSA-N,1.9660000098228456
18326,18326,CO[C@@H]1CN(Cc2ccc3c(c2)ncn3C)C[C@H]1c1cn(C)nn1,CO[C@@H]1CN(Cc2ccc3c(c2)ncn3C)C[C@H]1c1cn(C)nn1,CO[C@@H]1CN(Cc2ccc3c(c2)ncn3C)C[C@H]1c1cn(C)nn1,CO[C@@H]1CN(Cc2ccc3c(c2)ncn3C)C[C@H]1c1cn(C)nn1,FWJIBUMRBRCSGY-SUMWQHHRSA-N,FWJIBUMRBRCSGY-SUMWQHHRSA-N,FWJIBUMRBRCSGY-SUMWQHHRSA-N,FWJIBUMRBRCSGY-SUMWQHHRSA-N,1.95626665913264
18327,18327,CO[C@@H]1CN(Cc2ccc3c(c2)nnn3C)C[C@H]1c1cn(C)nn1,CO[C@@H]1CN(Cc2ccc3c(c2)nnn3C)C[C@H]1c1cn(C)nn1,CO[C@@H]1CN(Cc2ccc3c(c2)nnn3C)C[C@H]1c1cn(C)nn1,CO[C@@H]1CN(Cc2ccc3c(c2)nnn3C)C[C@H]1c1cn(C)nn1,RFWFVVINRGQFKI-BLLLJJGKSA-N,RFWFVVINRGQFKI-BLLLJJGKSA-N,RFWFVVINRGQFKI-BLLLJJGKSA-N,RFWFVVINRGQFKI-BLLLJJGKSA-N,1.9441999979019164
18328,18328,CO[C@@H]1CN(Cc2ccc3ncccc3c2)C[C@H]1c1cn(C)nn1,CO[C@@H]1CN(Cc2ccc3ncccc3c2)C[C@H]1c1cn(C)nn1,CO[C@@H]1CN(Cc2ccc3ncccc3c2)C[C@H]1c1cn(C)nn1,CO[C@@H]1CN(Cc2ccc3ncccc3c2)C[C@H]1c1cn(C)nn1,QAOZPOBQEXLKQS-MAUKXSAKSA-N,QAOZPOBQEXLKQS-MAUKXSAKSA-N,QAOZPOBQEXLKQS-MAUKXSAKSA-N,QAOZPOBQEXLKQS-MAUKXSAKSA-N,1.961099998664856
18329,18329,CO[C@@H]1CN(Cc2ccccc2OC2CC2)C[C@H]1c1cn(C)nn1,CO[C@@H]1CN(Cc2ccccc2OC2CC2)C[C@H]1c1cn(C)nn1,CO[C@@H]1CN(Cc2ccccc2OC2CC2)C[C@H]1c1cn(C)nn1,CO[C@@H]1CN(Cc2ccccc2OC2CC2)C[C@H]1c1cn(C)nn1,UMSSCTIVGAGWSP-MAUKXSAKSA-N,UMSSCTIVGAGWSP-MAUKXSAKSA-N,UMSSCTIVGAGWSP-MAUKXSAKSA-N,UMSSCTIVGAGWSP-MAUKXSAKSA-N,1.9612666723251344
18330,18330,CO[C@@H]1CN(Cc2ccccc2OC2CCCC2)C[C@H]1c1cn(C)nn1,CO[C@@H]1CN(Cc2ccccc2OC2CCCC2)C[C@H]1c1cn(C)nn1,CO[C@@H]1CN(Cc2ccccc2OC2CCCC2)C[C@H]1c1cn(C)nn1,CO[C@@H]1CN(Cc2ccccc2OC2CCCC2)C[C@H]1c1cn(C)nn1,ZMZGTZMJGRXMAY-FXAWDEMLSA-N,ZMZGTZMJGRXMAY-FXAWDEMLSA-N,ZMZGTZMJGRXMAY-FXAWDEMLSA-N,ZMZGTZMJGRXMAY-FXAWDEMLSA-N,1.94766665391922
18419,18419,CO[C@@H]1C[C@H](CNC(=O)c2cc(C(C)C)n(C)n2)N(c2ccncn2)C1,CO[C@@H]1C[C@H](CNC(=O)c2cc(C(C)C)n(C)n2)N(c2ccncn2)C1,CO[C@@H]1C[C@H](CNC(=O)c2cc(C(C)C)n(C)n2)N(c2ccncn2)C1,CO[C@@H]1C[C@H](CNC(=O)c2cc(C(C)C)n(C)n2)N(c2ccncn2)C1,YHWBKWBFPNIIDQ-ZIAGYGMSSA-N,YHWBKWBFPNIIDQ-ZIAGYGMSSA-N,YHWBKWBFPNIIDQ-ZIAGYGMSSA-N,YHWBKWBFPNIIDQ-ZIAGYGMSSA-N,2.692666653728485
18423,18423,CO[C@@H]1C[C@H](CNC(=O)c2nnn(C(C)C)c2C)N(c2ccncn2)C1,CO[C@@H]1C[C@H](CNC(=O)c2nnn(C(C)C)c2C)N(c2ccncn2)C1,CO[C@@H]1C[C@H](CNC(=O)c2nnn(C(C)C)c2C)N(c2ccncn2)C1,CO[C@@H]1C[C@H](CNC(=O)c2nnn(C(C)C)c2C)N(c2ccncn2)C1,YNKNHQDOEVGVKR-ZIAGYGMSSA-N,YNKNHQDOEVGVKR-ZIAGYGMSSA-N,YNKNHQDOEVGVKR-ZIAGYGMSSA-N,YNKNHQDOEVGVKR-ZIAGYGMSSA-N,1.6909666507403056
18751,18751,COc1cc(-c2noc(CN(C)C3CCCc4c3cnn4C)n2)ccc1C,COc1cc(-c2noc(CN(C)C3CCCc4c3cnn4C)n2)ccc1C,COc1cc(-c2noc(CN(C)C3CCCc4c3cnn4C)n2)ccc1C,COc1cc(-c2noc(CN(C)C3CCCc4c3cnn4C)n2)ccc1C,NIYBCLFADZWNLL-UHFFFAOYSA-N,NIYBCLFADZWNLL-UHFFFAOYSA-N,NIYBCLFADZWNLL-UHFFFAOYSA-N,NIYBCLFADZWNLL-UHFFFAOYSA-N,1.9756999899546304
19386,19386,COc1cc(NC(=O)N2CCCCCC2c2ccc(C)o2)n(C)n1,COc1cc(NC(=O)N2CCCCCC2c2ccc(C)o2)n(C)n1,COc1cc(NC(=O)N2CCCCCC2c2ccc(C)o2)n(C)n1,COc1cc(NC(=O)N2CCCCCC2c2ccc(C)o2)n(C)n1,LTYVDGWEVQPCBG-UHFFFAOYSA-N,LTYVDGWEVQPCBG-UHFFFAOYSA-N,LTYVDGWEVQPCBG-UHFFFAOYSA-N,LTYVDGWEVQPCBG-UHFFFAOYSA-N,1.93296666024526
19510,19510,COc1cc2c(cc1Cl)CN(C(=O)c1cc3n(n1)CCCC3)CC2,COc1cc2c(cc1Cl)CN(C(=O)c1cc3n(n1)CCCC3)CC2,COc1cc2c(cc1Cl)CN(C(=O)c1cc3n(n1)CCCC3)CC2,COc1cc2c(cc1Cl)CN(C(=O)c1cc3n(n1)CCCC3)CC2,PZWBHNKLYZXXJD-UHFFFAOYSA-N,PZWBHNKLYZXXJD-UHFFFAOYSA-N,PZWBHNKLYZXXJD-UHFFFAOYSA-N,PZWBHNKLYZXXJD-UHFFFAOYSA-N,1.978799999332428
20163,20163,COc1ccc(C)c2c1N(C(=O)c1cc3c(C)nn(C)c3s1)CCC2,COc1ccc(C)c2c1N(C(=O)c1cc3c(C)nn(C)c3s1)CCC2,COc1ccc(C)c2c1N(C(=O)c1cc3c(C)nn(C)c3s1)CCC2,COc1ccc(C)c2c1N(C(=O)c1cc3c(C)nn(C)c3s1)CCC2,MGQVABSTTOEWHP-UHFFFAOYSA-N,MGQVABSTTOEWHP-UHFFFAOYSA-N,MGQVABSTTOEWHP-UHFFFAOYSA-N,MGQVABSTTOEWHP-UHFFFAOYSA-N,1.970333337752024
20427,20427,COc1ccc(C2CCCN2C(=O)c2cnc3c(c2)c(C)nn3C)cc1OC,COc1ccc(C2CCCN2C(=O)c2cnc3c(c2)c(C)nn3C)cc1OC,COc1ccc(C2CCCN2C(=O)c2cnc3c(c2)c(C)nn3C)cc1OC,COc1ccc(C2CCCN2C(=O)c2cnc3c(c2)c(C)nn3C)cc1OC,QOCUOQYRRUEDAB-UHFFFAOYSA-N,QOCUOQYRRUEDAB-UHFFFAOYSA-N,QOCUOQYRRUEDAB-UHFFFAOYSA-N,QOCUOQYRRUEDAB-UHFFFAOYSA-N,1.9335333347002663
20790,20790,COc1ccc(CN(C)C(=O)c2nn(C)c3c2C[C@H](C)O[C@@H]3C)cc1Cl,COc1ccc(CN(C)C(=O)c2nn(C)c3c2C[C@H](C)O[C@@H]3C)cc1Cl,COc1ccc(CN(C)C(=O)c2nn(C)c3c2C[C@H](C)O[C@@H]3C)cc1Cl,COc1ccc(CN(C)C(=O)c2nn(C)c3c2C[C@H](C)O[C@@H]3C)cc1Cl,IIBDPJVRKKOQKC-NWDGAFQWSA-N,IIBDPJVRKKOQKC-NWDGAFQWSA-N,IIBDPJVRKKOQKC-NWDGAFQWSA-N,IIBDPJVRKKOQKC-NWDGAFQWSA-N,1.974033348242442
21187,21187,COc1ccc(Cl)cc1CN(C)C(=O)c1c2c(nn1C)[C@H](C)O[C@H](C)C2,COc1ccc(Cl)cc1CN(C)C(=O)c1c2c(nn1C)[C@H](C)O[C@H](C)C2,COc1ccc(Cl)cc1CN(C)C(=O)c1c2c(nn1C)[C@H](C)O[C@H](C)C2,COc1ccc(Cl)cc1CN(C)C(=O)c1c2c(nn1C)[C@H](C)O[C@H](C)C2,UHJPXJFCGIDIGS-NEPJUHHUSA-N,UHJPXJFCGIDIGS-NEPJUHHUSA-N,UHJPXJFCGIDIGS-NEPJUHHUSA-N,UHJPXJFCGIDIGS-NEPJUHHUSA-N,1.971766662724813
21384,21384,COc1ccc(N2CCN(C(=O)c3nn(C)c4c3C[C@H](C)O[C@@H]4C)CC2)nc1,COc1ccc(N2CCN(C(=O)c3nn(C)c4c3C[C@H](C)O[C@@H]4C)CC2)nc1,COc1ccc(N2CCN(C(=O)c3nn(C)c4c3C[C@H](C)O[C@@H]4C)CC2)nc1,COc1ccc(N2CCN(C(=O)c3nn(C)c4c3C[C@H](C)O[C@@H]4C)CC2)nc1,SRVWGKUFEFVTHL-UONOGXRCSA-N,SRVWGKUFEFVTHL-UONOGXRCSA-N,SRVWGKUFEFVTHL-UONOGXRCSA-N,SRVWGKUFEFVTHL-UONOGXRCSA-N,1.9512666546185813
21775,21775,COc1ccc2c(CC(=O)N3CCn4c(C(C)C)nnc4C3C)coc2c1C,COc1ccc2c(CC(=O)N3CCn4c(C(C)C)nnc4C3C)coc2c1C,COc1ccc2c(CC(=O)N3CCn4c(C(C)C)nnc4C3C)coc2c1C,COc1ccc2c(CC(=O)N3CCn4c(C(C)C)nnc4C3C)coc2c1C,ICRYJGMSUCMXAE-UHFFFAOYSA-N,ICRYJGMSUCMXAE-UHFFFAOYSA-N,ICRYJGMSUCMXAE-UHFFFAOYSA-N,ICRYJGMSUCMXAE-UHFFFAOYSA-N,1.9524000048319496
21871,21871,COc1ccc2c(c1)CCN(C(=O)c1cc3n(n1)CCC3)C2C(C)C,COc1ccc2c(c1)CCN(C(=O)c1cc3n(n1)CCC3)C2C(C)C,COc1ccc2c(c1)CCN(C(=O)c1cc3n(n1)CCC3)C2C(C)C,COc1ccc2c(c1)CCN(C(=O)c1cc3n(n1)CCC3)C2C(C)C,NYPUCGTUIFHXBN-UHFFFAOYSA-N,NYPUCGTUIFHXBN-UHFFFAOYSA-N,NYPUCGTUIFHXBN-UHFFFAOYSA-N,NYPUCGTUIFHXBN-UHFFFAOYSA-N,1.982266654141744
21937,21937,COc1ccc2c(c1)N(Cc1cc(=O)n3[nH]ccc3n1)CCCC2,COc1ccc2c(c1)N(Cc1cc(=O)n3[nH]ccc3n1)CCCC2,COc1ccc2c(c1)N(Cc1cc(=O)n3[nH]ccc3n1)CCCC2,COc1ccc2c(c1)N(Cc1cc(=O)n3[nH]ccc3n1)CCCC2,ALMCLFWYDAAEIH-UHFFFAOYSA-N,ALMCLFWYDAAEIH-UHFFFAOYSA-N,ALMCLFWYDAAEIH-UHFFFAOYSA-N,ALMCLFWYDAAEIH-UHFFFAOYSA-N,1.9452666700681047
22907,22907,COc1cccc2c1N(C(=O)c1nc(-c3cnn(C)c3)oc1C)CCC2,COc1cccc2c1N(C(=O)c1nc(-c3cnn(C)c3)oc1C)CCC2,COc1cccc2c1N(C(=O)c1nc(-c3cnn(C)c3)oc1C)CCC2,COc1cccc2c1N(C(=O)c1nc(-c3cnn(C)c3)oc1C)CCC2,QWSGGLLIYIIVBR-UHFFFAOYSA-N,QWSGGLLIYIIVBR-UHFFFAOYSA-N,QWSGGLLIYIIVBR-UHFFFAOYSA-N,QWSGGLLIYIIVBR-UHFFFAOYSA-N,1.9524666640917456
22974,22974,COc1ccccc1-c1nn(C)cc1C(=O)N1CCC(Cn2cncn2)CC1,COc1ccccc1-c1nn(C)cc1C(=O)N1CCC(Cn2cncn2)CC1,COc1ccccc1-c1nn(C)cc1C(=O)N1CCC(Cn2cncn2)CC1,COc1ccccc1-c1nn(C)cc1C(=O)N1CCC(Cn2cncn2)CC1,NVGMOAIZCYCSKW-UHFFFAOYSA-N,NVGMOAIZCYCSKW-UHFFFAOYSA-N,NVGMOAIZCYCSKW-UHFFFAOYSA-N,NVGMOAIZCYCSKW-UHFFFAOYSA-N,1.9457666715304056
23866,23866,COc1cncc(S(=O)(=O)N[C@H]2CCO[C@@H]2c2cnn(C)c2C)c1,COc1cncc(S(=O)(=O)N[C@H]2CCO[C@@H]2c2cnn(C)c2C)c1,COc1cncc(S(=O)(=O)N[C@H]2CCO[C@@H]2c2cnn(C)c2C)c1,COc1cncc(S(=O)(=O)N[C@H]2CCO[C@@H]2c2cnn(C)c2C)c1,CRZXMNFMPTXZCU-LSDHHAIUSA-N,CRZXMNFMPTXZCU-LSDHHAIUSA-N,CRZXMNFMPTXZCU-LSDHHAIUSA-N,CRZXMNFMPTXZCU-LSDHHAIUSA-N,1.7229333246866865
23889,23889,COc1nc(C)cc(C)c1CN(C)C(=O)c1nn(C)c2c1C[C@H](C)O[C@@H]2C,COc1nc(C)cc(C)c1CN(C)C(=O)c1nn(C)c2c1C[C@H](C)O[C@@H]2C,COc1nc(C)cc(C)c1CN(C)C(=O)c1nn(C)c2c1C[C@H](C)O[C@@H]2C,COc1nc(C)cc(C)c1CN(C)C(=O)c1nn(C)c2c1C[C@H](C)O[C@@H]2C,JCFMQUZCRMTIKY-UONOGXRCSA-N,JCFMQUZCRMTIKY-UONOGXRCSA-N,JCFMQUZCRMTIKY-UONOGXRCSA-N,JCFMQUZCRMTIKY-UONOGXRCSA-N,1.9482333395640052
24085,24085,COc1nccnc1CN[C@H]1CCO[C@@H]1c1cnn(C)c1C,COc1nccnc1CN[C@H]1CCO[C@@H]1c1cnn(C)c1C,COc1nccnc1CN[C@H]1CCO[C@@H]1c1cnn(C)c1C,COc1nccnc1CN[C@H]1CCO[C@@H]1c1cnn(C)c1C,DVXVGLFBSLJJKZ-GXTWGEPZSA-N,DVXVGLFBSLJJKZ-GXTWGEPZSA-N,DVXVGLFBSLJJKZ-GXTWGEPZSA-N,DVXVGLFBSLJJKZ-GXTWGEPZSA-N,1.706233326212565
24529,24529,C[C@H]1Cc2c(C(=O)N(C)C3CCN(c4cccc(F)c4)CC3)n[nH]c2[C@@H](C)O1,C[C@H]1Cc2c(C(=O)N(C)C3CCN(c4cccc(F)c4)CC3)n[nH]c2[C@@H](C)O1,C[C@H]1Cc2c(C(=O)N(C)C3CCN(c4cccc(F)c4)CC3)n[nH]c2[C@@H](C)O1,C[C@H]1Cc2c(C(=O)N(C)C3CCN(c4cccc(F)c4)CC3)n[nH]c2[C@@H](C)O1,QATXUHFNIOZPOK-UONOGXRCSA-N,QATXUHFNIOZPOK-UONOGXRCSA-N,QATXUHFNIOZPOK-UONOGXRCSA-N,QATXUHFNIOZPOK-UONOGXRCSA-N,1.95313332974116
24540,24540,C[C@H]1Cc2c(C(=O)N3CC=C(c4ccccc4F)CC3)nn(C)c2[C@@H](C)O1,C[C@H]1Cc2c(C(=O)N3CC=C(c4ccccc4F)CC3)nn(C)c2[C@@H](C)O1,C[C@H]1Cc2c(C(=O)N3CC=C(c4ccccc4F)CC3)nn(C)c2[C@@H](C)O1,C[C@H]1Cc2c(C(=O)N3CC=C(c4ccccc4F)CC3)nn(C)c2[C@@H](C)O1,HBOFNXWWQBMOTH-UONOGXRCSA-N,HBOFNXWWQBMOTH-UONOGXRCSA-N,HBOFNXWWQBMOTH-UONOGXRCSA-N,HBOFNXWWQBMOTH-UONOGXRCSA-N,1.9736666582107545
24544,24544,C[C@H]1Cc2c(C(=O)N3CCC(c4ccc(Cl)cn4)CC3)n[nH]c2[C@@H](C)O1,C[C@H]1Cc2c(C(=O)N3CCC(c4ccc(Cl)cn4)CC3)n[nH]c2[C@@H](C)O1,C[C@H]1Cc2c(C(=O)N3CCC(c4ccc(Cl)cn4)CC3)n[nH]c2[C@@H](C)O1,C[C@H]1Cc2c(C(=O)N3CCC(c4ccc(Cl)cn4)CC3)n[nH]c2[C@@H](C)O1,WSCXZLZUDFOHDZ-NWDGAFQWSA-N,WSCXZLZUDFOHDZ-NWDGAFQWSA-N,WSCXZLZUDFOHDZ-NWDGAFQWSA-N,WSCXZLZUDFOHDZ-NWDGAFQWSA-N,1.9447333314577735
24545,24545,C[C@H]1Cc2c(C(=O)N3CCC(c4ccc(F)cn4)CC3)nn(C)c2[C@@H](C)O1,C[C@H]1Cc2c(C(=O)N3CCC(c4ccc(F)cn4)CC3)nn(C)c2[C@@H](C)O1,C[C@H]1Cc2c(C(=O)N3CCC(c4ccc(F)cn4)CC3)nn(C)c2[C@@H](C)O1,C[C@H]1Cc2c(C(=O)N3CCC(c4ccc(F)cn4)CC3)nn(C)c2[C@@H](C)O1,BDGIASNZSPDGRP-QWHCGFSZSA-N,BDGIASNZSPDGRP-QWHCGFSZSA-N,BDGIASNZSPDGRP-QWHCGFSZSA-N,BDGIASNZSPDGRP-QWHCGFSZSA-N,1.9839666724522909
24548,24548,C[C@H]1Cc2c(C(=O)N3CCN(Cc4cccnc4)CC3)nn(C)c2[C@@H](C)O1,C[C@H]1Cc2c(C(=O)N3CCN(Cc4cccnc4)CC3)nn(C)c2[C@@H](C)O1,C[C@H]1Cc2c(C(=O)N3CCN(Cc4cccnc4)CC3)nn(C)c2[C@@H](C)O1,C[C@H]1Cc2c(C(=O)N3CCN(Cc4cccnc4)CC3)nn(C)c2[C@@H](C)O1,HEOSUZFMYLQFLH-LSDHHAIUSA-N,HEOSUZFMYLQFLH-LSDHHAIUSA-N,HEOSUZFMYLQFLH-LSDHHAIUSA-N,HEOSUZFMYLQFLH-LSDHHAIUSA-N,1.9794666806856795
24550,24550,C[C@H]1Cc2c(C(=O)N3CCN(c4cccnc4)CC3)nn(C)c2[C@@H](C)O1,C[C@H]1Cc2c(C(=O)N3CCN(c4cccnc4)CC3)nn(C)c2[C@@H](C)O1,C[C@H]1Cc2c(C(=O)N3CCN(c4cccnc4)CC3)nn(C)c2[C@@H](C)O1,C[C@H]1Cc2c(C(=O)N3CCN(c4cccnc4)CC3)nn(C)c2[C@@H](C)O1,ICLBYCMUGNFSMW-UONOGXRCSA-N,ICLBYCMUGNFSMW-UONOGXRCSA-N,ICLBYCMUGNFSMW-UONOGXRCSA-N,ICLBYCMUGNFSMW-UONOGXRCSA-N,1.9750333274205525
24553,24553,C[C@H]1Cc2c(C(=O)N3CCc4cccc(Cl)c4C3)n[nH]c2[C@@H](C)O1,C[C@H]1Cc2c(C(=O)N3CCc4cccc(Cl)c4C3)n[nH]c2[C@@H](C)O1,C[C@H]1Cc2c(C(=O)N3CCc4cccc(Cl)c4C3)n[nH]c2[C@@H](C)O1,C[C@H]1Cc2c(C(=O)N3CCc4cccc(Cl)c4C3)n[nH]c2[C@@H](C)O1,REARQNYBGDACSC-WDEREUQCSA-N,REARQNYBGDACSC-WDEREUQCSA-N,REARQNYBGDACSC-WDEREUQCSA-N,REARQNYBGDACSC-WDEREUQCSA-N,1.951300001811981
24556,24556,C[C@H]1Cc2c(C(=O)N3CCc4ncncc4C3)n[nH]c2[C@@H](C)O1,C[C@H]1Cc2c(C(=O)N3CCc4ncncc4C3)n[nH]c2[C@@H](C)O1,C[C@H]1Cc2c(C(=O)N3CCc4ncncc4C3)n[nH]c2[C@@H](C)O1,C[C@H]1Cc2c(C(=O)N3CCc4ncncc4C3)n[nH]c2[C@@H](C)O1,AETQZLQELWAXDP-VHSXEESVSA-N,AETQZLQELWAXDP-VHSXEESVSA-N,AETQZLQELWAXDP-VHSXEESVSA-N,AETQZLQELWAXDP-VHSXEESVSA-N,1.9274666597366328
24557,24557,C[C@H]1Cc2c(C(=O)N3CCc4ncncc4C3)nn(C)c2[C@@H](C)O1,C[C@H]1Cc2c(C(=O)N3CCc4ncncc4C3)nn(C)c2[C@@H](C)O1,C[C@H]1Cc2c(C(=O)N3CCc4ncncc4C3)nn(C)c2[C@@H](C)O1,C[C@H]1Cc2c(C(=O)N3CCc4ncncc4C3)nn(C)c2[C@@H](C)O1,DVTPXWRCBIGVQR-WDEREUQCSA-N,DVTPXWRCBIGVQR-WDEREUQCSA-N,DVTPXWRCBIGVQR-WDEREUQCSA-N,DVTPXWRCBIGVQR-WDEREUQCSA-N,1.944233336861928
24563,24563,C[C@H]1Cc2c(nn(C)c2C(=O)N(C)Cc2nnc3ccccn23)[C@@H](C)O1,C[C@H]1Cc2c(nn(C)c2C(=O)N(C)Cc2nnc3ccccn23)[C@@H](C)O1,C[C@H]1Cc2c(nn(C)c2C(=O)N(C)Cc2nnc3ccccn23)[C@@H](C)O1,C[C@H]1Cc2c(nn(C)c2C(=O)N(C)Cc2nnc3ccccn23)[C@@H](C)O1,BYHFEYNIFLFTRE-NWDGAFQWSA-N,BYHFEYNIFLFTRE-NWDGAFQWSA-N,BYHFEYNIFLFTRE-NWDGAFQWSA-N,BYHFEYNIFLFTRE-NWDGAFQWSA-N,1.936900004386902
24564,24564,C[C@H]1Cc2c(nn(C)c2C(=O)N2CCC(Cc3ncon3)CC2)[C@@H](C)O1,C[C@H]1Cc2c(nn(C)c2C(=O)N2CCC(Cc3ncon3)CC2)[C@@H](C)O1,C[C@H]1Cc2c(nn(C)c2C(=O)N2CCC(Cc3ncon3)CC2)[C@@H](C)O1,C[C@H]1Cc2c(nn(C)c2C(=O)N2CCC(Cc3ncon3)CC2)[C@@H](C)O1,BZJCXBQRASUUQQ-NWDGAFQWSA-N,BZJCXBQRASUUQQ-NWDGAFQWSA-N,BZJCXBQRASUUQQ-NWDGAFQWSA-N,BZJCXBQRASUUQQ-NWDGAFQWSA-N,1.7234999866167706
24565,24565,C[C@H]1Cc2c(nn(C)c2C(=O)N2CCC(c3ccc(Cl)cn3)CC2)[C@@H](C)O1,C[C@H]1Cc2c(nn(C)c2C(=O)N2CCC(c3ccc(Cl)cn3)CC2)[C@@H](C)O1,C[C@H]1Cc2c(nn(C)c2C(=O)N2CCC(c3ccc(Cl)cn3)CC2)[C@@H](C)O1,C[C@H]1Cc2c(nn(C)c2C(=O)N2CCC(c3ccc(Cl)cn3)CC2)[C@@H](C)O1,OZUVMTNWTBDREH-QWHCGFSZSA-N,OZUVMTNWTBDREH-QWHCGFSZSA-N,OZUVMTNWTBDREH-QWHCGFSZSA-N,OZUVMTNWTBDREH-QWHCGFSZSA-N,1.948900007820129
24567,24567,C[C@H]1Cc2c(nn(C)c2C(=O)N2CCc3cccc(F)c3C2)[C@@H](C)O1,C[C@H]1Cc2c(nn(C)c2C(=O)N2CCc3cccc(F)c3C2)[C@@H](C)O1,C[C@H]1Cc2c(nn(C)c2C(=O)N2CCc3cccc(F)c3C2)[C@@H](C)O1,C[C@H]1Cc2c(nn(C)c2C(=O)N2CCc3cccc(F)c3C2)[C@@H](C)O1,MZRMKHZGXGCLRZ-NWDGAFQWSA-N,MZRMKHZGXGCLRZ-NWDGAFQWSA-N,MZRMKHZGXGCLRZ-NWDGAFQWSA-N,MZRMKHZGXGCLRZ-NWDGAFQWSA-N,1.9879000030517575
24696,24696,Cc1c(-c2cc(CN3CCOC(c4ccc(F)c(Cl)c4)C3)on2)cnn1C,Cc1c(-c2cc(CN3CCOC(c4ccc(F)c(Cl)c4)C3)on2)cnn1C,Cc1c(-c2cc(CN3CCOC(c4ccc(F)c(Cl)c4)C3)on2)cnn1C,Cc1c(-c2cc(CN3CCOC(c4ccc(F)c(Cl)c4)C3)on2)cnn1C,DLBZNGOZRWPVBS-UHFFFAOYSA-N,DLBZNGOZRWPVBS-UHFFFAOYSA-N,DLBZNGOZRWPVBS-UHFFFAOYSA-N,DLBZNGOZRWPVBS-UHFFFAOYSA-N,1.9528666618347168
25126,25126,Cc1c([C@H]2CNCC2C(=O)N(C)Cc2cccc(Cl)c2)cnn1C,Cc1c([C@H]2CNCC2C(=O)N(C)Cc2cccc(Cl)c2)cnn1C,Cc1c([C@H]2CNCC2C(=O)N(C)Cc2cccc(Cl)c2)cnn1C,Cc1c([C@H]2CNCC2C(=O)N(C)Cc2cccc(Cl)c2)cnn1C,YFQPKJLLLIZOQV-TZHYSIJRSA-N,YFQPKJLLLIZOQV-TZHYSIJRSA-N,YFQPKJLLLIZOQV-TZHYSIJRSA-N,YFQPKJLLLIZOQV-TZHYSIJRSA-N,1.952666666475932
25135,25135,Cc1c([C@H]2OCC[C@@H]2NC(=O)c2cccc3c2OCCO3)cnn1C,Cc1c([C@H]2OCC[C@@H]2NC(=O)c2cccc3c2OCCO3)cnn1C,Cc1c([C@H]2OCC[C@@H]2NC(=O)c2cccc3c2OCCO3)cnn1C,Cc1c([C@H]2OCC[C@@H]2NC(=O)c2cccc3c2OCCO3)cnn1C,FEZMUMJLCOHNDF-GOEBONIOSA-N,FEZMUMJLCOHNDF-GOEBONIOSA-N,FEZMUMJLCOHNDF-GOEBONIOSA-N,FEZMUMJLCOHNDF-GOEBONIOSA-N,1.954066660149892
25137,25137,Cc1c([C@H]2OCC[C@@H]2NCC(=O)NCc2ccco2)cnn1C,Cc1c([C@H]2OCC[C@@H]2NCC(=O)NCc2ccco2)cnn1C,Cc1c([C@H]2OCC[C@@H]2NCC(=O)NCc2ccco2)cnn1C,Cc1c([C@H]2OCC[C@@H]2NCC(=O)NCc2ccco2)cnn1C,FNUAQIGMTJGYDP-GOEBONIOSA-N,FNUAQIGMTJGYDP-GOEBONIOSA-N,FNUAQIGMTJGYDP-GOEBONIOSA-N,FNUAQIGMTJGYDP-GOEBONIOSA-N,1.7032333371798196
25144,25144,Cc1c([C@H]2OCC[C@@H]2NCCc2nc3ccccc3n2C)cnn1C,Cc1c([C@H]2OCC[C@@H]2NCCc2nc3ccccc3n2C)cnn1C,Cc1c([C@H]2OCC[C@@H]2NCCc2nc3ccccc3n2C)cnn1C,Cc1c([C@H]2OCC[C@@H]2NCCc2nc3ccccc3n2C)cnn1C,QMSUKKQKYDFGIL-QFBILLFUSA-N,QMSUKKQKYDFGIL-QFBILLFUSA-N,QMSUKKQKYDFGIL-QFBILLFUSA-N,QMSUKKQKYDFGIL-QFBILLFUSA-N,2.675166658814748
25145,25145,Cc1c([C@H]2OCC[C@@H]2NCc2cc(-c3ccco3)on2)cnn1C,Cc1c([C@H]2OCC[C@@H]2NCc2cc(-c3ccco3)on2)cnn1C,Cc1c([C@H]2OCC[C@@H]2NCc2cc(-c3ccco3)on2)cnn1C,Cc1c([C@H]2OCC[C@@H]2NCc2cc(-c3ccco3)on2)cnn1C,VAAKASVMKWFTMP-WMLDXEAASA-N,VAAKASVMKWFTMP-WMLDXEAASA-N,VAAKASVMKWFTMP-WMLDXEAASA-N,VAAKASVMKWFTMP-WMLDXEAASA-N,1.685299991162618
25147,25147,Cc1c([C@H]2OCC[C@@H]2NCc2ccc(-n3ccnc3)cc2)cnn1C,Cc1c([C@H]2OCC[C@@H]2NCc2ccc(-n3ccnc3)cc2)cnn1C,Cc1c([C@H]2OCC[C@@H]2NCc2ccc(-n3ccnc3)cc2)cnn1C,Cc1c([C@H]2OCC[C@@H]2NCc2ccc(-n3ccnc3)cc2)cnn1C,BILSDGSIPYAISQ-RBUKOAKNSA-N,BILSDGSIPYAISQ-RBUKOAKNSA-N,BILSDGSIPYAISQ-RBUKOAKNSA-N,BILSDGSIPYAISQ-RBUKOAKNSA-N,1.7374000019391378
25349,25349,Cc1cc(C(=O)N2C3C=C(c4ccnn4C)CC2CC3)on1,Cc1cc(C(=O)N2C3C=C(c4ccnn4C)CC2CC3)on1,Cc1cc(C(=O)N2C3C=C(c4ccnn4C)CC2CC3)on1,Cc1cc(C(=O)N2C3C=C(c4ccnn4C)CC2CC3)on1,UAILTYXJWREANQ-UHFFFAOYSA-N,UAILTYXJWREANQ-UHFFFAOYSA-N,UAILTYXJWREANQ-UHFFFAOYSA-N,UAILTYXJWREANQ-UHFFFAOYSA-N,1.9463666763941443
25754,25754,Cc1cc(C(C)NC[C@@H]2CCCO[C@H]2c2ccnn2C)nn1C,Cc1cc(C(C)NC[C@@H]2CCCO[C@H]2c2ccnn2C)nn1C,Cc1cc(C(C)NC[C@@H]2CCCO[C@H]2c2ccnn2C)nn1C,Cc1cc(C(C)NC[C@@H]2CCCO[C@H]2c2ccnn2C)nn1C,JHQANKOCLOFIPB-XLGXCUCASA-N,JHQANKOCLOFIPB-XLGXCUCASA-N,JHQANKOCLOFIPB-XLGXCUCASA-N,JHQANKOCLOFIPB-XLGXCUCASA-N,1.954366668256124
25757,25757,Cc1cc(C(C)NC[C@@H]2OCCN(C)[C@H]2c2ccnn2C)c(C)o1,Cc1cc(C(C)NC[C@@H]2OCCN(C)[C@H]2c2ccnn2C)c(C)o1,Cc1cc(C(C)NC[C@@H]2OCCN(C)[C@H]2c2ccnn2C)c(C)o1,Cc1cc(C(C)NC[C@@H]2OCCN(C)[C@H]2c2ccnn2C)c(C)o1,XDCNQVVTGMPMJO-RHGDZWTLSA-N,XDCNQVVTGMPMJO-RHGDZWTLSA-N,XDCNQVVTGMPMJO-RHGDZWTLSA-N,XDCNQVVTGMPMJO-RHGDZWTLSA-N,2.6978333431879684
25873,25873,Cc1cc(C)c2c(c1)CCN(C(=O)Nc1ccnn1CC1CCOC1)C2,Cc1cc(C)c2c(c1)CCN(C(=O)Nc1ccnn1CC1CCOC1)C2,Cc1cc(C)c2c(c1)CCN(C(=O)Nc1ccnn1CC1CCOC1)C2,Cc1cc(C)c2c(c1)CCN(C(=O)Nc1ccnn1CC1CCOC1)C2,VRLPRMPIUNWYMG-UHFFFAOYSA-N,VRLPRMPIUNWYMG-UHFFFAOYSA-N,VRLPRMPIUNWYMG-UHFFFAOYSA-N,VRLPRMPIUNWYMG-UHFFFAOYSA-N,1.965700008614858
26081,26081,Cc1cc(C)n(C2CCCN(C(=O)c3cc(-c4ccco4)on3)C2)n1,Cc1cc(C)n(C2CCCN(C(=O)c3cc(-c4ccco4)on3)C2)n1,Cc1cc(C)n(C2CCCN(C(=O)c3cc(-c4ccco4)on3)C2)n1,Cc1cc(C)n(C2CCCN(C(=O)c3cc(-c4ccco4)on3)C2)n1,OQWPNYLUMOTBFG-UHFFFAOYSA-N,OQWPNYLUMOTBFG-UHFFFAOYSA-N,OQWPNYLUMOTBFG-UHFFFAOYSA-N,OQWPNYLUMOTBFG-UHFFFAOYSA-N,1.9511333424886068
26149,26149,Cc1cc(C)n(CC2CCCCN2Cc2cc(=O)n(C)c(=O)n2C)n1,Cc1cc(C)n(CC2CCCCN2Cc2cc(=O)n(C)c(=O)n2C)n1,Cc1cc(C)n(CC2CCCCN2Cc2cc(=O)n(C)c(=O)n2C)n1,Cc1cc(C)n(CC2CCCCN2Cc2cc(=O)n(C)c(=O)n2C)n1,ZASFDKILGQZKCC-UHFFFAOYSA-N,ZASFDKILGQZKCC-UHFFFAOYSA-N,ZASFDKILGQZKCC-UHFFFAOYSA-N,ZASFDKILGQZKCC-UHFFFAOYSA-N,1.930566676425934
26156,26156,Cc1cc(C)n(CC2CCCN2C(=O)c2c(C)[nH]c3ccccc23)n1,Cc1cc(C)n(CC2CCCN2C(=O)c2c(C)[nH]c3ccccc23)n1,Cc1cc(C)n(CC2CCCN2C(=O)c2c(C)[nH]c3ccccc23)n1,Cc1cc(C)n(CC2CCCN2C(=O)c2c(C)[nH]c3ccccc23)n1,DCQLTLPWYMMVJU-UHFFFAOYSA-N,DCQLTLPWYMMVJU-UHFFFAOYSA-N,DCQLTLPWYMMVJU-UHFFFAOYSA-N,DCQLTLPWYMMVJU-UHFFFAOYSA-N,1.937400001366933
26239,26239,Cc1cc(C)n2nc(C)c(C(=O)NCC3CCN(c4cc(Cl)ccc4C)C3)c2n1,Cc1cc(C)n2nc(C)c(C(=O)NCC3CCN(c4cc(Cl)ccc4C)C3)c2n1,Cc1cc(C)n2nc(C)c(C(=O)NCC3CCN(c4cc(Cl)ccc4C)C3)c2n1,Cc1cc(C)n2nc(C)c(C(=O)NCC3CCN(c4cc(Cl)ccc4C)C3)c2n1,GQUABSPJMOJYFP-UHFFFAOYSA-N,GQUABSPJMOJYFP-UHFFFAOYSA-N,GQUABSPJMOJYFP-UHFFFAOYSA-N,GQUABSPJMOJYFP-UHFFFAOYSA-N,1.9105666655222573
27003,27003,Cc1cc(S(N)(=O)=O)cc(C(=O)N2CCCCC2c2ccnn2C)c1C,Cc1cc(S(N)(=O)=O)cc(C(=O)N2CCCCC2c2ccnn2C)c1C,Cc1cc(S(N)(=O)=O)cc(C(=O)N2CCCCC2c2ccnn2C)c1C,Cc1cc(S(N)(=O)=O)cc(C(=O)N2CCCCC2c2ccnn2C)c1C,NAKCZFAJRMEUJW-UHFFFAOYSA-N,NAKCZFAJRMEUJW-UHFFFAOYSA-N,NAKCZFAJRMEUJW-UHFFFAOYSA-N,NAKCZFAJRMEUJW-UHFFFAOYSA-N,1.7490666675567628
27013,27013,Cc1cc2c(N(C)C[C@@H]3CCCN(C)[C@H]3c3ccnn3C)nccn2n1,Cc1cc2c(N(C)C[C@@H]3CCCN(C)[C@H]3c3ccnn3C)nccn2n1,Cc1cc2c(N(C)C[C@@H]3CCCN(C)[C@H]3c3ccnn3C)nccn2n1,Cc1cc2c(N(C)C[C@@H]3CCCN(C)[C@H]3c3ccnn3C)nccn2n1,PYFASRIOLUWURP-MAUKXSAKSA-N,PYFASRIOLUWURP-MAUKXSAKSA-N,PYFASRIOLUWURP-MAUKXSAKSA-N,PYFASRIOLUWURP-MAUKXSAKSA-N,1.9601666646639504
27073,27073,Cc1cc2n(n1)CC(CNCCN1CCc3ccccc3C1)CN2,Cc1cc2n(n1)CC(CNCCN1CCc3ccccc3C1)CN2,Cc1cc2n(n1)CC(CNCCN1CCc3ccccc3C1)CN2,Cc1cc2n(n1)CC(CNCCN1CCc3ccccc3C1)CN2,SAZNRLNHOWNXKM-UHFFFAOYSA-N,SAZNRLNHOWNXKM-UHFFFAOYSA-N,SAZNRLNHOWNXKM-UHFFFAOYSA-N,SAZNRLNHOWNXKM-UHFFFAOYSA-N,1.9662333339055376
27074,27074,Cc1cc2n(n1)CC(CNCc1cccc(Cn3cccn3)c1)CN2,Cc1cc2n(n1)CC(CNCc1cccc(Cn3cccn3)c1)CN2,Cc1cc2n(n1)CC(CNCc1cccc(Cn3cccn3)c1)CN2,Cc1cc2n(n1)CC(CNCc1cccc(Cn3cccn3)c1)CN2,DDUMOWFTSQGXOI-UHFFFAOYSA-N,DDUMOWFTSQGXOI-UHFFFAOYSA-N,DDUMOWFTSQGXOI-UHFFFAOYSA-N,DDUMOWFTSQGXOI-UHFFFAOYSA-N,1.9508333208402
27100,27100,Cc1cc2occ(CC(=O)N3CCOCC3c3ncnn3C)c2cc1C(C)C,Cc1cc2occ(CC(=O)N3CCOCC3c3ncnn3C)c2cc1C(C)C,Cc1cc2occ(CC(=O)N3CCOCC3c3ncnn3C)c2cc1C(C)C,Cc1cc2occ(CC(=O)N3CCOCC3c3ncnn3C)c2cc1C(C)C,DWTWBBDDXIEXBJ-UHFFFAOYSA-N,DWTWBBDDXIEXBJ-UHFFFAOYSA-N,DWTWBBDDXIEXBJ-UHFFFAOYSA-N,DWTWBBDDXIEXBJ-UHFFFAOYSA-N,1.90239999965032
27141,27141,Cc1ccc(-c2cc(CN3CCc4nn(C)c(=O)cc4C3)on2)cc1,Cc1ccc(-c2cc(CN3CCc4nn(C)c(=O)cc4C3)on2)cc1,Cc1ccc(-c2cc(CN3CCc4nn(C)c(=O)cc4C3)on2)cc1,Cc1ccc(-c2cc(CN3CCc4nn(C)c(=O)cc4C3)on2)cc1,IMGDWWOZUCQMFM-UHFFFAOYSA-N,IMGDWWOZUCQMFM-UHFFFAOYSA-N,IMGDWWOZUCQMFM-UHFFFAOYSA-N,IMGDWWOZUCQMFM-UHFFFAOYSA-N,1.9664333316485088
27208,27208,Cc1ccc(-c2nc(CNC3CCc4ncnn4C3)co2)c(C)c1,Cc1ccc(-c2nc(CNC3CCc4ncnn4C3)co2)c(C)c1,Cc1ccc(-c2nc(CNC3CCc4ncnn4C3)co2)c(C)c1,Cc1ccc(-c2nc(CNC3CCc4ncnn4C3)co2)c(C)c1,LGTGYPMXKANJIQ-UHFFFAOYSA-N,LGTGYPMXKANJIQ-UHFFFAOYSA-N,LGTGYPMXKANJIQ-UHFFFAOYSA-N,LGTGYPMXKANJIQ-UHFFFAOYSA-N,1.9406333227475483
27512,27512,Cc1ccc(C(=O)N2CCCCCC2c2noc(-c3cnn(C)c3)n2)cn1,Cc1ccc(C(=O)N2CCCCCC2c2noc(-c3cnn(C)c3)n2)cn1,Cc1ccc(C(=O)N2CCCCCC2c2noc(-c3cnn(C)c3)n2)cn1,Cc1ccc(C(=O)N2CCCCCC2c2noc(-c3cnn(C)c3)n2)cn1,LJRSAOKROQSFTR-UHFFFAOYSA-N,LJRSAOKROQSFTR-UHFFFAOYSA-N,LJRSAOKROQSFTR-UHFFFAOYSA-N,LJRSAOKROQSFTR-UHFFFAOYSA-N,1.9123666711171468
27785,27785,Cc1ccc(C(CNC(=O)c2c3c(nn2C)CCC3)N2CCCC2)o1,Cc1ccc(C(CNC(=O)c2c3c(nn2C)CCC3)N2CCCC2)o1,Cc1ccc(C(CNC(=O)c2c3c(nn2C)CCC3)N2CCCC2)o1,Cc1ccc(C(CNC(=O)c2c3c(nn2C)CCC3)N2CCCC2)o1,FQIPDPILOVPWCK-UHFFFAOYSA-N,FQIPDPILOVPWCK-UHFFFAOYSA-N,FQIPDPILOVPWCK-UHFFFAOYSA-N,FQIPDPILOVPWCK-UHFFFAOYSA-N,1.9479333397865295
29107,29107,Cc1ccc2c(c1C)N(C(=O)c1nc(-c3cnn(C)c3)oc1C)CCC2,Cc1ccc2c(c1C)N(C(=O)c1nc(-c3cnn(C)c3)oc1C)CCC2,Cc1ccc2c(c1C)N(C(=O)c1nc(-c3cnn(C)c3)oc1C)CCC2,Cc1ccc2c(c1C)N(C(=O)c1nc(-c3cnn(C)c3)oc1C)CCC2,KDBSOJABBAYOKZ-UHFFFAOYSA-N,KDBSOJABBAYOKZ-UHFFFAOYSA-N,KDBSOJABBAYOKZ-UHFFFAOYSA-N,KDBSOJABBAYOKZ-UHFFFAOYSA-N,1.9641666654586796
29222,29222,Cc1ccc2ncc(CN(C)C[C@@H]3CCCN(C)[C@H]3c3cnn(C)c3)n2c1,Cc1ccc2ncc(CN(C)C[C@@H]3CCCN(C)[C@H]3c3cnn(C)c3)n2c1,Cc1ccc2ncc(CN(C)C[C@@H]3CCCN(C)[C@H]3c3cnn(C)c3)n2c1,Cc1ccc2ncc(CN(C)C[C@@H]3CCCN(C)[C@H]3c3cnn(C)c3)n2c1,TWQXWVMUCKZSGV-LAUBAEHRSA-N,TWQXWVMUCKZSGV-LAUBAEHRSA-N,TWQXWVMUCKZSGV-LAUBAEHRSA-N,TWQXWVMUCKZSGV-LAUBAEHRSA-N,2.702066680526733
29266,29266,Cc1ccc2oc(C(=O)N3CCCC(n4nc(C)cc4C)C3)cc2n1,Cc1ccc2oc(C(=O)N3CCCC(n4nc(C)cc4C)C3)cc2n1,Cc1ccc2oc(C(=O)N3CCCC(n4nc(C)cc4C)C3)cc2n1,Cc1ccc2oc(C(=O)N3CCCC(n4nc(C)cc4C)C3)cc2n1,QIOFFGMVRMSVFB-UHFFFAOYSA-N,QIOFFGMVRMSVFB-UHFFFAOYSA-N,QIOFFGMVRMSVFB-UHFFFAOYSA-N,QIOFFGMVRMSVFB-UHFFFAOYSA-N,1.9670000122070312
29716,29716,Cc1cccc(N(C)C(=O)c2cc(C3CC3)nc3c2c(C)nn3C)c1C,Cc1cccc(N(C)C(=O)c2cc(C3CC3)nc3c2c(C)nn3C)c1C,Cc1cccc(N(C)C(=O)c2cc(C3CC3)nc3c2c(C)nn3C)c1C,Cc1cccc(N(C)C(=O)c2cc(C3CC3)nc3c2c(C)nn3C)c1C,WNNDISIJZSIRIE-UHFFFAOYSA-N,WNNDISIJZSIRIE-UHFFFAOYSA-N,WNNDISIJZSIRIE-UHFFFAOYSA-N,WNNDISIJZSIRIE-UHFFFAOYSA-N,1.945899997997284
30019,30019,Cc1cccc2c1CN(C(=O)c1[nH]nc3c1C[C@H](C)O[C@@H]3C)CC2,Cc1cccc2c1CN(C(=O)c1[nH]nc3c1C[C@H](C)O[C@@H]3C)CC2,Cc1cccc2c1CN(C(=O)c1[nH]nc3c1C[C@H](C)O[C@@H]3C)CC2,Cc1cccc2c1CN(C(=O)c1[nH]nc3c1C[C@H](C)O[C@@H]3C)CC2,XHMGZTVKNNYULB-QWHCGFSZSA-N,XHMGZTVKNNYULB-QWHCGFSZSA-N,XHMGZTVKNNYULB-QWHCGFSZSA-N,XHMGZTVKNNYULB-QWHCGFSZSA-N,1.9667333331108088
30109,30109,Cc1ccccc1-c1cnc(Cn2nc(C)c(C3COCCN3C)c2C)o1,Cc1ccccc1-c1cnc(Cn2nc(C)c(C3COCCN3C)c2C)o1,Cc1ccccc1-c1cnc(Cn2nc(C)c(C3COCCN3C)c2C)o1,Cc1ccccc1-c1cnc(Cn2nc(C)c(C3COCCN3C)c2C)o1,HPJCIFYTKJFKGR-UHFFFAOYSA-N,HPJCIFYTKJFKGR-UHFFFAOYSA-N,HPJCIFYTKJFKGR-UHFFFAOYSA-N,HPJCIFYTKJFKGR-UHFFFAOYSA-N,1.9543333304405213
30137,30137,Cc1ccccc1-c1noc(CN2CCc3nn(C)c(=O)cc3C2)n1,Cc1ccccc1-c1noc(CN2CCc3nn(C)c(=O)cc3C2)n1,Cc1ccccc1-c1noc(CN2CCc3nn(C)c(=O)cc3C2)n1,Cc1ccccc1-c1noc(CN2CCc3nn(C)c(=O)cc3C2)n1,FFGYLYAUCBEJBX-UHFFFAOYSA-N,FFGYLYAUCBEJBX-UHFFFAOYSA-N,FFGYLYAUCBEJBX-UHFFFAOYSA-N,FFGYLYAUCBEJBX-UHFFFAOYSA-N,1.9391666688601177
30171,30171,Cc1ccccc1-n1nccc1CNC[C@@H]1CCCO[C@H]1c1cc[nH]n1,Cc1ccccc1-n1nccc1CNC[C@@H]1CCCO[C@H]1c1cc[nH]n1,Cc1ccccc1-n1nccc1CNC[C@@H]1CCCO[C@H]1c1cc[nH]n1,Cc1ccccc1-n1nccc1CNC[C@@H]1CCCO[C@H]1c1cc[nH]n1,DPBMQBOYVVYMAN-OXJNMPFZSA-N,DPBMQBOYVVYMAN-OXJNMPFZSA-N,DPBMQBOYVVYMAN-OXJNMPFZSA-N,DPBMQBOYVVYMAN-OXJNMPFZSA-N,1.9508000089645383
30546,30546,Cc1ccccc1[C@@H]1CC1C(=O)N(C)Cc1cnn2c1CNCC2,Cc1ccccc1[C@@H]1CC1C(=O)N(C)Cc1cnn2c1CNCC2,Cc1ccccc1[C@@H]1CC1C(=O)N(C)Cc1cnn2c1CNCC2,Cc1ccccc1[C@@H]1CC1C(=O)N(C)Cc1cnn2c1CNCC2,PLGRTPSQOZNRJK-BHWOMJMDSA-N,PLGRTPSQOZNRJK-BHWOMJMDSA-N,PLGRTPSQOZNRJK-BHWOMJMDSA-N,PLGRTPSQOZNRJK-BHWOMJMDSA-N,1.9440000144640603
30547,30547,Cc1ccccc1[C@@H]1CC1C(=O)N1CCn2ncc(CN(C)C)c2C1,Cc1ccccc1[C@@H]1CC1C(=O)N1CCn2ncc(CN(C)C)c2C1,Cc1ccccc1[C@@H]1CC1C(=O)N1CCn2ncc(CN(C)C)c2C1,Cc1ccccc1[C@@H]1CC1C(=O)N1CCn2ncc(CN(C)C)c2C1,WMVNQRSSDKZMDZ-ZENAZSQFSA-N,WMVNQRSSDKZMDZ-ZENAZSQFSA-N,WMVNQRSSDKZMDZ-ZENAZSQFSA-N,WMVNQRSSDKZMDZ-ZENAZSQFSA-N,1.9581666674931848
30589,30589,Cc1cccn2c(CN(C)C[C@@H]3CCCN(C)[C@H]3c3cnn(C)c3)cnc12,Cc1cccn2c(CN(C)C[C@@H]3CCCN(C)[C@H]3c3cnn(C)c3)cnc12,Cc1cccn2c(CN(C)C[C@@H]3CCCN(C)[C@H]3c3cnn(C)c3)cnc12,Cc1cccn2c(CN(C)C[C@@H]3CCCN(C)[C@H]3c3cnn(C)c3)cnc12,YEIWPECFZUAFPC-FXAWDEMLSA-N,YEIWPECFZUAFPC-FXAWDEMLSA-N,YEIWPECFZUAFPC-FXAWDEMLSA-N,YEIWPECFZUAFPC-FXAWDEMLSA-N,1.7280666574796042
30695,30695,Cc1ccn2c(CN(C)C[C@@H]3CCCN(C)[C@H]3c3cnn(C)c3)cnc2c1,Cc1ccn2c(CN(C)C[C@@H]3CCCN(C)[C@H]3c3cnn(C)c3)cnc2c1,Cc1ccn2c(CN(C)C[C@@H]3CCCN(C)[C@H]3c3cnn(C)c3)cnc2c1,Cc1ccn2c(CN(C)C[C@@H]3CCCN(C)[C@H]3c3cnn(C)c3)cnc2c1,LRJHLHGXSQJFOS-LAUBAEHRSA-N,LRJHLHGXSQJFOS-LAUBAEHRSA-N,LRJHLHGXSQJFOS-LAUBAEHRSA-N,LRJHLHGXSQJFOS-LAUBAEHRSA-N,2.6562333164850878
30717,30717,Cc1ccn2cc(CNC[C@@H]3CCCO[C@H]3c3ccnn3C)nc2c1,Cc1ccn2cc(CNC[C@@H]3CCCO[C@H]3c3ccnn3C)nc2c1,Cc1ccn2cc(CNC[C@@H]3CCCO[C@H]3c3ccnn3C)nc2c1,Cc1ccn2cc(CNC[C@@H]3CCCO[C@H]3c3ccnn3C)nc2c1,CREGGIZAZIKOKR-HNAYVOBHSA-N,CREGGIZAZIKOKR-HNAYVOBHSA-N,CREGGIZAZIKOKR-HNAYVOBHSA-N,CREGGIZAZIKOKR-HNAYVOBHSA-N,1.9562333373387653
30732,30732,Cc1ccnc(-c2noc(CN[C@H]3CCO[C@@H]3c3cn(C)nc3C)n2)c1,Cc1ccnc(-c2noc(CN[C@H]3CCO[C@@H]3c3cn(C)nc3C)n2)c1,Cc1ccnc(-c2noc(CN[C@H]3CCO[C@@H]3c3cn(C)nc3C)n2)c1,Cc1ccnc(-c2noc(CN[C@H]3CCO[C@@H]3c3cn(C)nc3C)n2)c1,SCDVPMQQSZJHQJ-WMLDXEAASA-N,SCDVPMQQSZJHQJ-WMLDXEAASA-N,SCDVPMQQSZJHQJ-WMLDXEAASA-N,SCDVPMQQSZJHQJ-WMLDXEAASA-N,1.776566656843821
30733,30733,Cc1ccnc(-c2noc(CN[C@H]3CCO[C@@H]3c3cnn(C)c3C)n2)c1,Cc1ccnc(-c2noc(CN[C@H]3CCO[C@@H]3c3cnn(C)c3C)n2)c1,Cc1ccnc(-c2noc(CN[C@H]3CCO[C@@H]3c3cnn(C)c3C)n2)c1,Cc1ccnc(-c2noc(CN[C@H]3CCO[C@@H]3c3cnn(C)c3C)n2)c1,BAMPZSZAPWCZOE-WMLDXEAASA-N,BAMPZSZAPWCZOE-WMLDXEAASA-N,BAMPZSZAPWCZOE-WMLDXEAASA-N,BAMPZSZAPWCZOE-WMLDXEAASA-N,1.7990666752497355
30771,30771,Cc1ccnc(N2CCN(C(=O)c3nn(C)c4c3C[C@H](C)O[C@@H]4C)CC2)c1,Cc1ccnc(N2CCN(C(=O)c3nn(C)c4c3C[C@H](C)O[C@@H]4C)CC2)c1,Cc1ccnc(N2CCN(C(=O)c3nn(C)c4c3C[C@H](C)O[C@@H]4C)CC2)c1,Cc1ccnc(N2CCN(C(=O)c3nn(C)c4c3C[C@H](C)O[C@@H]4C)CC2)c1,FEDKCDOZOXIUSK-LSDHHAIUSA-N,FEDKCDOZOXIUSK-LSDHHAIUSA-N,FEDKCDOZOXIUSK-LSDHHAIUSA-N,FEDKCDOZOXIUSK-LSDHHAIUSA-N,1.9783333359400437
31213,31213,Cc1cnn(C2CCCN(C(=O)Cn3c(=O)oc4ccccc43)C2)c1,Cc1cnn(C2CCCN(C(=O)Cn3c(=O)oc4ccccc43)C2)c1,Cc1cnn(C2CCCN(C(=O)Cn3c(=O)oc4ccccc43)C2)c1,Cc1cnn(C2CCCN(C(=O)Cn3c(=O)oc4ccccc43)C2)c1,GAGROPVOVJKHFB-UHFFFAOYSA-N,GAGROPVOVJKHFB-UHFFFAOYSA-N,GAGROPVOVJKHFB-UHFFFAOYSA-N,GAGROPVOVJKHFB-UHFFFAOYSA-N,1.954133322175344
31652,31652,Cc1nc(C(=O)N2CCn3nccc3C2)nc(N2CC[C@@H](N(C)C)C2)c1C,Cc1nc(C(=O)N2CCn3nccc3C2)nc(N2CC[C@@H](N(C)C)C2)c1C,Cc1nc(C(=O)N2CCn3nccc3C2)nc(N2CC[C@@H](N(C)C)C2)c1C,Cc1nc(C(=O)N2CCn3nccc3C2)nc(N2CC[C@@H](N(C)C)C2)c1C,QFARVYYUQPNFBL-OAHLLOKOSA-N,QFARVYYUQPNFBL-OAHLLOKOSA-N,QFARVYYUQPNFBL-OAHLLOKOSA-N,QFARVYYUQPNFBL-OAHLLOKOSA-N,1.9412333349863689
31824,31824,Cc1nc(C2CCCCN2C(=O)c2cccc3c2ccn3CC(C)C)no1,Cc1nc(C2CCCCN2C(=O)c2cccc3c2ccn3CC(C)C)no1,Cc1nc(C2CCCCN2C(=O)c2cccc3c2ccn3CC(C)C)no1,Cc1nc(C2CCCCN2C(=O)c2cccc3c2ccn3CC(C)C)no1,PISFBGVQYRUGOU-UHFFFAOYSA-N,PISFBGVQYRUGOU-UHFFFAOYSA-N,PISFBGVQYRUGOU-UHFFFAOYSA-N,PISFBGVQYRUGOU-UHFFFAOYSA-N,1.9481333361307784
31866,31866,Cc1nc(C2CCN(C(=O)c3cccc4cc[nH]c34)CC2)c2n1CCN(C)C2,Cc1nc(C2CCN(C(=O)c3cccc4cc[nH]c34)CC2)c2n1CCN(C)C2,Cc1nc(C2CCN(C(=O)c3cccc4cc[nH]c34)CC2)c2n1CCN(C)C2,Cc1nc(C2CCN(C(=O)c3cccc4cc[nH]c34)CC2)c2n1CCN(C)C2,VUOUXGYJUVTKBI-UHFFFAOYSA-N,VUOUXGYJUVTKBI-UHFFFAOYSA-N,VUOUXGYJUVTKBI-UHFFFAOYSA-N,VUOUXGYJUVTKBI-UHFFFAOYSA-N,1.9423333324432368
32040,32040,Cc1nc2c(c(N(C)C[C@@H]3C[C@H](F)CN3Cc3cnn(C)c3)n1)CCCC2,Cc1nc2c(c(N(C)C[C@@H]3C[C@H](F)CN3Cc3cnn(C)c3)n1)CCCC2,Cc1nc2c(c(N(C)C[C@@H]3C[C@H](F)CN3Cc3cnn(C)c3)n1)CCCC2,Cc1nc2c(c(N(C)C[C@@H]3C[C@H](F)CN3Cc3cnn(C)c3)n1)CCCC2,QSOVLYKEJUJWPG-IRXDYDNUSA-N,QSOVLYKEJUJWPG-IRXDYDNUSA-N,QSOVLYKEJUJWPG-IRXDYDNUSA-N,QSOVLYKEJUJWPG-IRXDYDNUSA-N,2.6529666745185856
32751,32751,Cc1nn(C)c2nc(C3CC3)cc(C(=O)N3CCCC(n4ccnn4)C3)c12,Cc1nn(C)c2nc(C3CC3)cc(C(=O)N3CCCC(n4ccnn4)C3)c12,Cc1nn(C)c2nc(C3CC3)cc(C(=O)N3CCCC(n4ccnn4)C3)c12,Cc1nn(C)c2nc(C3CC3)cc(C(=O)N3CCCC(n4ccnn4)C3)c12,OBHKBDKJMRQKFG-UHFFFAOYSA-N,OBHKBDKJMRQKFG-UHFFFAOYSA-N,OBHKBDKJMRQKFG-UHFFFAOYSA-N,OBHKBDKJMRQKFG-UHFFFAOYSA-N,1.9147333227475485
32753,32753,Cc1nn(C)c2nc(C3CC3)cc(C(=O)NCC(c3ccco3)N(C)C)c12,Cc1nn(C)c2nc(C3CC3)cc(C(=O)NCC(c3ccco3)N(C)C)c12,Cc1nn(C)c2nc(C3CC3)cc(C(=O)NCC(c3ccco3)N(C)C)c12,Cc1nn(C)c2nc(C3CC3)cc(C(=O)NCC(c3ccco3)N(C)C)c12,AIGKHMUPUILPLW-UHFFFAOYSA-N,AIGKHMUPUILPLW-UHFFFAOYSA-N,AIGKHMUPUILPLW-UHFFFAOYSA-N,AIGKHMUPUILPLW-UHFFFAOYSA-N,1.9280333280563355
32755,32755,Cc1nn(C)c2ncc(C(=O)N3CCC4(C3)OCc3ccccc34)cc12,Cc1nn(C)c2ncc(C(=O)N3CCC4(C3)OCc3ccccc34)cc12,Cc1nn(C)c2ncc(C(=O)N3CCC4(C3)OCc3ccccc34)cc12,Cc1nn(C)c2ncc(C(=O)N3CCC4(C3)OCc3ccccc34)cc12,WJIGNRGRWVISAV-UHFFFAOYSA-N,WJIGNRGRWVISAV-UHFFFAOYSA-N,WJIGNRGRWVISAV-UHFFFAOYSA-N,WJIGNRGRWVISAV-UHFFFAOYSA-N,1.9630666714350384
32827,32827,Cc1nn(C)cc1[C@@H]1OCC[C@H]1NC(=O)Cc1cccc(C(C)C)c1,Cc1nn(C)cc1[C@@H]1OCC[C@H]1NC(=O)Cc1cccc(C(C)C)c1,Cc1nn(C)cc1[C@@H]1OCC[C@H]1NC(=O)Cc1cccc(C(C)C)c1,Cc1nn(C)cc1[C@@H]1OCC[C@H]1NC(=O)Cc1cccc(C(C)C)c1,BRTZMOVJNNLQFP-QUCCMNQESA-N,BRTZMOVJNNLQFP-QUCCMNQESA-N,BRTZMOVJNNLQFP-QUCCMNQESA-N,BRTZMOVJNNLQFP-QUCCMNQESA-N,1.9361333466847737
32828,32828,Cc1nn(C)cc1[C@H]1OCC[C@@H]1NC(=O)Cc1ccc2c(c1)CCO2,Cc1nn(C)cc1[C@H]1OCC[C@@H]1NC(=O)Cc1ccc2c(c1)CCO2,Cc1nn(C)cc1[C@H]1OCC[C@@H]1NC(=O)Cc1ccc2c(c1)CCO2,Cc1nn(C)cc1[C@H]1OCC[C@@H]1NC(=O)Cc1ccc2c(c1)CCO2,HHHMNFGJMKZDON-QFBILLFUSA-N,HHHMNFGJMKZDON-QFBILLFUSA-N,HHHMNFGJMKZDON-QFBILLFUSA-N,HHHMNFGJMKZDON-QFBILLFUSA-N,1.9377333475112917
32832,32832,Cc1nn(C)cc1[C@H]1OCC[C@@H]1NC1CCN(c2ccccn2)CC1,Cc1nn(C)cc1[C@H]1OCC[C@@H]1NC1CCN(c2ccccn2)CC1,Cc1nn(C)cc1[C@H]1OCC[C@@H]1NC1CCN(c2ccccn2)CC1,Cc1nn(C)cc1[C@H]1OCC[C@@H]1NC1CCN(c2ccccn2)CC1,UDXHLYGPZVSYCS-PKOBYXMFSA-N,UDXHLYGPZVSYCS-PKOBYXMFSA-N,UDXHLYGPZVSYCS-PKOBYXMFSA-N,UDXHLYGPZVSYCS-PKOBYXMFSA-N,2.734166649786632
32834,32834,Cc1nn(C)cc1[C@H]1OCC[C@@H]1NCc1cc(C#N)ccc1F,Cc1nn(C)cc1[C@H]1OCC[C@@H]1NCc1cc(C#N)ccc1F,Cc1nn(C)cc1[C@H]1OCC[C@@H]1NCc1cc(C#N)ccc1F,Cc1nn(C)cc1[C@H]1OCC[C@@H]1NCc1cc(C#N)ccc1F,ZRXUYHXDBXXTMY-DLBZAZTESA-N,ZRXUYHXDBXXTMY-DLBZAZTESA-N,ZRXUYHXDBXXTMY-DLBZAZTESA-N,ZRXUYHXDBXXTMY-DLBZAZTESA-N,1.9320333403587344
32840,32840,Cc1nn(C)cc1[C@H]1OCC[C@@H]1NCc1ccccc1OC1CC1,Cc1nn(C)cc1[C@H]1OCC[C@@H]1NCc1ccccc1OC1CC1,Cc1nn(C)cc1[C@H]1OCC[C@@H]1NCc1ccccc1OC1CC1,Cc1nn(C)cc1[C@H]1OCC[C@@H]1NCc1ccccc1OC1CC1,ZJYLAXIZYNXMFP-PKOBYXMFSA-N,ZJYLAXIZYNXMFP-PKOBYXMFSA-N,ZJYLAXIZYNXMFP-PKOBYXMFSA-N,ZJYLAXIZYNXMFP-PKOBYXMFSA-N,2.651566677792867
32841,32841,Cc1nn(C)cc1[C@H]1OCC[C@@H]1NCc1cn(CC2CC2)nn1,Cc1nn(C)cc1[C@H]1OCC[C@@H]1NCc1cn(CC2CC2)nn1,Cc1nn(C)cc1[C@H]1OCC[C@@H]1NCc1cn(CC2CC2)nn1,Cc1nn(C)cc1[C@H]1OCC[C@@H]1NCc1cn(CC2CC2)nn1,QKGFHSFRBSEWEO-JKSUJKDBSA-N,QKGFHSFRBSEWEO-JKSUJKDBSA-N,QKGFHSFRBSEWEO-JKSUJKDBSA-N,QKGFHSFRBSEWEO-JKSUJKDBSA-N,1.7056000074704487
32995,32995,Cc1nnc(C2Cc3ccccc3CN2CCCc2cncn2C)o1,Cc1nnc(C2Cc3ccccc3CN2CCCc2cncn2C)o1,Cc1nnc(C2Cc3ccccc3CN2CCCc2cncn2C)o1,Cc1nnc(C2Cc3ccccc3CN2CCCc2cncn2C)o1,VBLPQWKKACVCIC-UHFFFAOYSA-N,VBLPQWKKACVCIC-UHFFFAOYSA-N,VBLPQWKKACVCIC-UHFFFAOYSA-N,VBLPQWKKACVCIC-UHFFFAOYSA-N,1.95050001188914
33110,33110,Cc1nnc([C@@]23COC[C@@H]2CN(C(=O)c2cc(C)n(C(C)C)c2C)C3)o1,Cc1nnc([C@@]23COC[C@@H]2CN(C(=O)c2cc(C)n(C(C)C)c2C)C3)o1,Cc1nnc([C@@]23COC[C@@H]2CN(C(=O)c2cc(C)n(C(C)C)c2C)C3)o1,Cc1nnc([C@@]23COC[C@@H]2CN(C(=O)c2cc(C)n(C(C)C)c2C)C3)o1,ZGTBZAFGXFGKHK-KXBFYZLASA-N,ZGTBZAFGXFGKHK-KXBFYZLASA-N,ZGTBZAFGXFGKHK-KXBFYZLASA-N,ZGTBZAFGXFGKHK-KXBFYZLASA-N,1.929366650231679
33261,33261,Cc1noc(-c2cccnc2NC[C@@H]2CCCO[C@H]2c2cnn(C)c2)n1,Cc1noc(-c2cccnc2NC[C@@H]2CCCO[C@H]2c2cnn(C)c2)n1,Cc1noc(-c2cccnc2NC[C@@H]2CCCO[C@H]2c2cnn(C)c2)n1,Cc1noc(-c2cccnc2NC[C@@H]2CCCO[C@H]2c2cnn(C)c2)n1,GDAOBCYOFBKUMD-XJKSGUPXSA-N,GDAOBCYOFBKUMD-XJKSGUPXSA-N,GDAOBCYOFBKUMD-XJKSGUPXSA-N,GDAOBCYOFBKUMD-XJKSGUPXSA-N,1.7082666683832806
33992,33992,Cc1oc(C#N)cc1C(=O)N(C)C[C@@H]1CCCN(C)[C@H]1c1ccnn1C,Cc1oc(C#N)cc1C(=O)N(C)C[C@@H]1CCCN(C)[C@H]1c1ccnn1C,Cc1oc(C#N)cc1C(=O)N(C)C[C@@H]1CCCN(C)[C@H]1c1ccnn1C,Cc1oc(C#N)cc1C(=O)N(C)C[C@@H]1CCCN(C)[C@H]1c1ccnn1C,XPLJDTFXOKTZQU-KBXCAEBGSA-N,XPLJDTFXOKTZQU-KBXCAEBGSA-N,XPLJDTFXOKTZQU-KBXCAEBGSA-N,XPLJDTFXOKTZQU-KBXCAEBGSA-N,1.9491666616121923
34298,34298,Clc1ccc2nc(CN3CCCC3c3ccc4c(c3)OCCCO4)cn2c1,Clc1ccc2nc(CN3CCCC3c3ccc4c(c3)OCCCO4)cn2c1,Clc1ccc2nc(CN3CCCC3c3ccc4c(c3)OCCCO4)cn2c1,Clc1ccc2nc(CN3CCCC3c3ccc4c(c3)OCCCO4)cn2c1,UTFKFWBDUKIBAB-UHFFFAOYSA-N,UTFKFWBDUKIBAB-UHFFFAOYSA-N,UTFKFWBDUKIBAB-UHFFFAOYSA-N,UTFKFWBDUKIBAB-UHFFFAOYSA-N,1.961800004323324
34500,34500,Cn1c(CNC(=O)C2CCCO[C@H]2c2cc[nH]n2)nc2ccccc21,Cn1c(CNC(=O)C2CCCO[C@H]2c2cc[nH]n2)nc2ccccc21,Cn1c(CNC(=O)C2CCCO[C@H]2c2cc[nH]n2)nc2ccccc21,Cn1c(CNC(=O)C2CCCO[C@H]2c2cc[nH]n2)nc2ccccc21,SVHGGDCMSHCZRW-RGUGMKFQSA-N,SVHGGDCMSHCZRW-RGUGMKFQSA-N,SVHGGDCMSHCZRW-RGUGMKFQSA-N,SVHGGDCMSHCZRW-RGUGMKFQSA-N,1.7057999962806702
34547,34547,Cn1cc(-c2nc(C3CCCCCN3C(=O)Cc3ccoc3)no2)cn1,Cn1cc(-c2nc(C3CCCCCN3C(=O)Cc3ccoc3)no2)cn1,Cn1cc(-c2nc(C3CCCCCN3C(=O)Cc3ccoc3)no2)cn1,Cn1cc(-c2nc(C3CCCCCN3C(=O)Cc3ccoc3)no2)cn1,AZGBAHZKBFHSAF-UHFFFAOYSA-N,AZGBAHZKBFHSAF-UHFFFAOYSA-N,AZGBAHZKBFHSAF-UHFFFAOYSA-N,AZGBAHZKBFHSAF-UHFFFAOYSA-N,1.922733350658417
34871,34871,Cn1cc(CNC[C@@H]2CCCO[C@H]2c2ccnn2C)cc1C#N,Cn1cc(CNC[C@@H]2CCCO[C@H]2c2ccnn2C)cc1C#N,Cn1cc(CNC[C@@H]2CCCO[C@H]2c2ccnn2C)cc1C#N,Cn1cc(CNC[C@@H]2CCCO[C@H]2c2ccnn2C)cc1C#N,VSXLTQQBQOWNFG-WMLDXEAASA-N,VSXLTQQBQOWNFG-WMLDXEAASA-N,VSXLTQQBQOWNFG-WMLDXEAASA-N,VSXLTQQBQOWNFG-WMLDXEAASA-N,2.6839333276748656
34874,34874,Cn1cc(CN[C@H]2CCO[C@@H]2c2ccnn2-c2ccccc2)cn1,Cn1cc(CN[C@H]2CCO[C@@H]2c2ccnn2-c2ccccc2)cn1,Cn1cc(CN[C@H]2CCO[C@@H]2c2ccnn2-c2ccccc2)cn1,Cn1cc(CN[C@H]2CCO[C@@H]2c2ccnn2-c2ccccc2)cn1,SAZIAOOGTKUOPO-WMZOPIPTSA-N,SAZIAOOGTKUOPO-WMZOPIPTSA-N,SAZIAOOGTKUOPO-WMZOPIPTSA-N,SAZIAOOGTKUOPO-WMZOPIPTSA-N,1.925499997107188
34892,34892,Cn1cc(N2CCCC(NC(=O)c3noc4c3CCCC4)C2)cn1,Cn1cc(N2CCCC(NC(=O)c3noc4c3CCCC4)C2)cn1,Cn1cc(N2CCCC(NC(=O)c3noc4c3CCCC4)C2)cn1,Cn1cc(N2CCCC(NC(=O)c3noc4c3CCCC4)C2)cn1,BJFQNUSATVQRCU-UHFFFAOYSA-N,BJFQNUSATVQRCU-UHFFFAOYSA-N,BJFQNUSATVQRCU-UHFFFAOYSA-N,BJFQNUSATVQRCU-UHFFFAOYSA-N,1.739533327198029
34971,34971,Cn1cc([C@@H]2OCCC[C@H]2CNCc2ccnn2C2CCCC2)cn1,Cn1cc([C@@H]2OCCC[C@H]2CNCc2ccnn2C2CCCC2)cn1,Cn1cc([C@@H]2OCCC[C@H]2CNCc2ccnn2C2CCCC2)cn1,Cn1cc([C@@H]2OCCC[C@H]2CNCc2ccnn2C2CCCC2)cn1,UMZPOQHJKRRQMG-HNAYVOBHSA-N,UMZPOQHJKRRQMG-HNAYVOBHSA-N,UMZPOQHJKRRQMG-HNAYVOBHSA-N,UMZPOQHJKRRQMG-HNAYVOBHSA-N,2.6459333234469096
34977,34977,Cn1cc([C@@H]2OCCC[C@H]2CNc2ncnc3c2cnn3C)cn1,Cn1cc([C@@H]2OCCC[C@H]2CNc2ncnc3c2cnn3C)cn1,Cn1cc([C@@H]2OCCC[C@H]2CNc2ncnc3c2cnn3C)cn1,Cn1cc([C@@H]2OCCC[C@H]2CNc2ncnc3c2cnn3C)cn1,XNZCNYHQGSWRMK-SMDDNHRTSA-N,XNZCNYHQGSWRMK-SMDDNHRTSA-N,XNZCNYHQGSWRMK-SMDDNHRTSA-N,XNZCNYHQGSWRMK-SMDDNHRTSA-N,1.9083999992688496
34983,34983,Cn1cc([C@@H]2OCC[C@H]2CNCc2cc(Cl)c3c(c2)OCCCO3)cn1,Cn1cc([C@@H]2OCC[C@H]2CNCc2cc(Cl)c3c(c2)OCCCO3)cn1,Cn1cc([C@@H]2OCC[C@H]2CNCc2cc(Cl)c3c(c2)OCCCO3)cn1,Cn1cc([C@@H]2OCC[C@H]2CNCc2cc(Cl)c3c(c2)OCCCO3)cn1,IHNJPJBBJULAMM-KBXCAEBGSA-N,IHNJPJBBJULAMM-KBXCAEBGSA-N,IHNJPJBBJULAMM-KBXCAEBGSA-N,IHNJPJBBJULAMM-KBXCAEBGSA-N,1.720599998823802
35000,35000,Cn1cc([C@H]2OCCC[C@@H]2NCc2cccc3c2OC(C)(C)C3)cn1,Cn1cc([C@H]2OCCC[C@@H]2NCc2cccc3c2OC(C)(C)C3)cn1,Cn1cc([C@H]2OCCC[C@@H]2NCc2cccc3c2OC(C)(C)C3)cn1,Cn1cc([C@H]2OCCC[C@@H]2NCc2cccc3c2OC(C)(C)C3)cn1,NHCAIBRBHCMADL-PKOBYXMFSA-N,NHCAIBRBHCMADL-PKOBYXMFSA-N,NHCAIBRBHCMADL-PKOBYXMFSA-N,NHCAIBRBHCMADL-PKOBYXMFSA-N,1.946699988333384
35003,35003,Cn1cc([C@H]2OCCC[C@@H]2NCc2nc3ccccc3n2C)cn1,Cn1cc([C@H]2OCCC[C@@H]2NCc2nc3ccccc3n2C)cn1,Cn1cc([C@H]2OCCC[C@@H]2NCc2nc3ccccc3n2C)cn1,Cn1cc([C@H]2OCCC[C@@H]2NCc2nc3ccccc3n2C)cn1,NZXGNJISRBIKGI-MAUKXSAKSA-N,NZXGNJISRBIKGI-MAUKXSAKSA-N,NZXGNJISRBIKGI-MAUKXSAKSA-N,NZXGNJISRBIKGI-MAUKXSAKSA-N,1.7429999941190082
35075,35075,Cn1ccc(CN[C@H]2CCO[C@@H]2c2ccnn2-c2ccccc2)n1,Cn1ccc(CN[C@H]2CCO[C@@H]2c2ccnn2-c2ccccc2)n1,Cn1ccc(CN[C@H]2CCO[C@@H]2c2ccnn2-c2ccccc2)n1,Cn1ccc(CN[C@H]2CCO[C@@H]2c2ccnn2-c2ccccc2)n1,JJVDRRXBPKMZMY-WMZOPIPTSA-N,JJVDRRXBPKMZMY-WMZOPIPTSA-N,JJVDRRXBPKMZMY-WMZOPIPTSA-N,JJVDRRXBPKMZMY-WMZOPIPTSA-N,1.949533344332377
35152,35152,Cn1cccc1C1CCCCN1C(=O)c1cn(-c2ccccc2Cl)nn1,Cn1cccc1C1CCCCN1C(=O)c1cn(-c2ccccc2Cl)nn1,Cn1cccc1C1CCCCN1C(=O)c1cn(-c2ccccc2Cl)nn1,Cn1cccc1C1CCCCN1C(=O)c1cn(-c2ccccc2Cl)nn1,VITJHJWGLKHVKC-UHFFFAOYSA-N,VITJHJWGLKHVKC-UHFFFAOYSA-N,VITJHJWGLKHVKC-UHFFFAOYSA-N,VITJHJWGLKHVKC-UHFFFAOYSA-N,1.9371666569709776
35365,35365,Cn1cncc1C1CC(NC(=O)c2ccc3c(c2)CCC3)CCO1,Cn1cncc1C1CC(NC(=O)c2ccc3c(c2)CCC3)CCO1,Cn1cncc1C1CC(NC(=O)c2ccc3c(c2)CCC3)CCO1,Cn1cncc1C1CC(NC(=O)c2ccc3c(c2)CCC3)CCO1,GCYHMEIKTWQSJM-UHFFFAOYSA-N,GCYHMEIKTWQSJM-UHFFFAOYSA-N,GCYHMEIKTWQSJM-UHFFFAOYSA-N,GCYHMEIKTWQSJM-UHFFFAOYSA-N,1.73043331823349
35367,35367,Cn1cncc1C1CC(NC(=O)c2cccc3c[nH]nc23)CCO1,Cn1cncc1C1CC(NC(=O)c2cccc3c[nH]nc23)CCO1,Cn1cncc1C1CC(NC(=O)c2cccc3c[nH]nc23)CCO1,Cn1cncc1C1CC(NC(=O)c2cccc3c[nH]nc23)CCO1,NVWCBJYYUJBNFR-UHFFFAOYSA-N,NVWCBJYYUJBNFR-UHFFFAOYSA-N,NVWCBJYYUJBNFR-UHFFFAOYSA-N,NVWCBJYYUJBNFR-UHFFFAOYSA-N,1.687099996534983
35451,35451,Cn1cnnc1C1CCCN1C(=O)C1C[C@@]12CC(C)(C)Oc1ccccc12,Cn1cnnc1C1CCCN1C(=O)C1C[C@@]12CC(C)(C)Oc1ccccc12,Cn1cnnc1C1CCCN1C(=O)C1C[C@@]12CC(C)(C)Oc1ccccc12,Cn1cnnc1C1CCCN1C(=O)C1C[C@@]12CC(C)(C)Oc1ccccc12,WNUJGSXNDSOWLF-BUNACBEFSA-N,WNUJGSXNDSOWLF-BUNACBEFSA-N,WNUJGSXNDSOWLF-BUNACBEFSA-N,WNUJGSXNDSOWLF-BUNACBEFSA-N,1.944700013669332
35531,35531,Cn1nc(C(=O)N2CCCC2c2cccnc2)c2c1CCCC2,Cn1nc(C(=O)N2CCCC2c2cccnc2)c2c1CCCC2,Cn1nc(C(=O)N2CCCC2c2cccnc2)c2c1CCCC2,Cn1nc(C(=O)N2CCCC2c2cccnc2)c2c1CCCC2,ONAYNVVSUXISDZ-UHFFFAOYSA-N,ONAYNVVSUXISDZ-UHFFFAOYSA-N,ONAYNVVSUXISDZ-UHFFFAOYSA-N,ONAYNVVSUXISDZ-UHFFFAOYSA-N,1.959133333905538
35536,35536,Cn1nc(C(=O)N2CCNC(c3cccc(Cl)c3)C2)c2c1CCCC2,Cn1nc(C(=O)N2CCNC(c3cccc(Cl)c3)C2)c2c1CCCC2,Cn1nc(C(=O)N2CCNC(c3cccc(Cl)c3)C2)c2c1CCCC2,Cn1nc(C(=O)N2CCNC(c3cccc(Cl)c3)C2)c2c1CCCC2,MLJUJWIIOSBBCQ-UHFFFAOYSA-N,MLJUJWIIOSBBCQ-UHFFFAOYSA-N,MLJUJWIIOSBBCQ-UHFFFAOYSA-N,MLJUJWIIOSBBCQ-UHFFFAOYSA-N,1.976066670735677
35537,35537,Cn1nc(C(=O)N2CCOC(Cc3ccccc3)C2)c2c1CCCC2,Cn1nc(C(=O)N2CCOC(Cc3ccccc3)C2)c2c1CCCC2,Cn1nc(C(=O)N2CCOC(Cc3ccccc3)C2)c2c1CCCC2,Cn1nc(C(=O)N2CCOC(Cc3ccccc3)C2)c2c1CCCC2,SYCFFSAMJSJLJW-UHFFFAOYSA-N,SYCFFSAMJSJLJW-UHFFFAOYSA-N,SYCFFSAMJSJLJW-UHFFFAOYSA-N,SYCFFSAMJSJLJW-UHFFFAOYSA-N,1.9683333303451536
35574,35574,Cn1nc(C2CCCC2)cc1NC[C@@H]1CCCO[C@H]1c1ccnn1C,Cn1nc(C2CCCC2)cc1NC[C@@H]1CCCO[C@H]1c1ccnn1C,Cn1nc(C2CCCC2)cc1NC[C@@H]1CCCO[C@H]1c1ccnn1C,Cn1nc(C2CCCC2)cc1NC[C@@H]1CCCO[C@H]1c1ccnn1C,XAZDJEHZVLJRLW-HNAYVOBHSA-N,XAZDJEHZVLJRLW-HNAYVOBHSA-N,XAZDJEHZVLJRLW-HNAYVOBHSA-N,XAZDJEHZVLJRLW-HNAYVOBHSA-N,1.940033338769277
35654,35654,Cn1ncc(Cl)c1C(=O)N1CCCN(CC2CCCO2)CC1,Cn1ncc(Cl)c1C(=O)N1CCCN(CC2CCCO2)CC1,Cn1ncc(Cl)c1C(=O)N1CCCN(CC2CCCO2)CC1,Cn1ncc(Cl)c1C(=O)N1CCCN(CC2CCCO2)CC1,QZQOLMJQCBETAL-UHFFFAOYSA-N,QZQOLMJQCBETAL-UHFFFAOYSA-N,QZQOLMJQCBETAL-UHFFFAOYSA-N,QZQOLMJQCBETAL-UHFFFAOYSA-N,1.9652333308855692
35740,35740,Cn1nccc1C1=CCN(C(=O)C2CCCO[C@H]2c2ccnn2C)CC1,Cn1nccc1C1=CCN(C(=O)C2CCCO[C@H]2c2ccnn2C)CC1,Cn1nccc1C1=CCN(C(=O)C2CCCO[C@H]2c2ccnn2C)CC1,Cn1nccc1C1=CCN(C(=O)C2CCCO[C@H]2c2ccnn2C)CC1,OIDXBVJEEFJKDG-KPMSDPLLSA-N,OIDXBVJEEFJKDG-KPMSDPLLSA-N,OIDXBVJEEFJKDG-KPMSDPLLSA-N,OIDXBVJEEFJKDG-KPMSDPLLSA-N,1.9785000002543132
35744,35744,Cn1nccc1C1CC2CCC(C1)N2C(=O)c1cc2cccn2cn1,Cn1nccc1C1CC2CCC(C1)N2C(=O)c1cc2cccn2cn1,Cn1nccc1C1CC2CCC(C1)N2C(=O)c1cc2cccn2cn1,Cn1nccc1C1CC2CCC(C1)N2C(=O)c1cc2cccn2cn1,HEQKERGLOABFSD-UHFFFAOYSA-N,HEQKERGLOABFSD-UHFFFAOYSA-N,HEQKERGLOABFSD-UHFFFAOYSA-N,HEQKERGLOABFSD-UHFFFAOYSA-N,1.9456333283742269
35760,35760,Cn1nccc1C1CCCN(CCCn2c(=O)oc3ccccc32)C1,Cn1nccc1C1CCCN(CCCn2c(=O)oc3ccccc32)C1,Cn1nccc1C1CCCN(CCCn2c(=O)oc3ccccc32)C1,Cn1nccc1C1CCCN(CCCn2c(=O)oc3ccccc32)C1,PPXZAFYCRKGKOQ-UHFFFAOYSA-N,PPXZAFYCRKGKOQ-UHFFFAOYSA-N,PPXZAFYCRKGKOQ-UHFFFAOYSA-N,PPXZAFYCRKGKOQ-UHFFFAOYSA-N,1.9422666634241736
35764,35764,Cn1nccc1C1CCCN1C(=O)c1cccc2c1ccn2C,Cn1nccc1C1CCCN1C(=O)c1cccc2c1ccn2C,Cn1nccc1C1CCCN1C(=O)c1cccc2c1ccn2C,Cn1nccc1C1CCCN1C(=O)c1cccc2c1ccn2C,DGUFVJNLKMHBKP-UHFFFAOYSA-N,DGUFVJNLKMHBKP-UHFFFAOYSA-N,DGUFVJNLKMHBKP-UHFFFAOYSA-N,DGUFVJNLKMHBKP-UHFFFAOYSA-N,1.9662333406766253
35820,35820,Cn1nccc1CN[C@H]1CCO[C@@H]1c1ccnn1-c1ccccc1,Cn1nccc1CN[C@H]1CCO[C@@H]1c1ccnn1-c1ccccc1,Cn1nccc1CN[C@H]1CCO[C@@H]1c1ccnn1-c1ccccc1,Cn1nccc1CN[C@H]1CCO[C@@H]1c1ccnn1-c1ccccc1,MONQLQVBIADTIS-WMZOPIPTSA-N,MONQLQVBIADTIS-WMZOPIPTSA-N,MONQLQVBIADTIS-WMZOPIPTSA-N,MONQLQVBIADTIS-WMZOPIPTSA-N,1.963366668955485
35852,35852,Cn1nccc1[C@@H]1OCCCC1C(=O)NCCn1cnc2ccccc21,Cn1nccc1[C@@H]1OCCCC1C(=O)NCCn1cnc2ccccc21,Cn1nccc1[C@@H]1OCCCC1C(=O)NCCn1cnc2ccccc21,Cn1nccc1[C@@H]1OCCCC1C(=O)NCCn1cnc2ccccc21,MUDPJDKOTCBOMF-XPKAQORNSA-N,MUDPJDKOTCBOMF-XPKAQORNSA-N,MUDPJDKOTCBOMF-XPKAQORNSA-N,MUDPJDKOTCBOMF-XPKAQORNSA-N,2.6638333341916405
35856,35856,Cn1nccc1[C@@H]1OCCCC1C(=O)NCc1nc2ccccc2n1C,Cn1nccc1[C@@H]1OCCCC1C(=O)NCc1nc2ccccc2n1C,Cn1nccc1[C@@H]1OCCCC1C(=O)NCc1nc2ccccc2n1C,Cn1nccc1[C@@H]1OCCCC1C(=O)NCc1nc2ccccc2n1C,ZWUUTVPKMAJQKT-PQJIZZRHSA-N,ZWUUTVPKMAJQKT-PQJIZZRHSA-N,ZWUUTVPKMAJQKT-PQJIZZRHSA-N,ZWUUTVPKMAJQKT-PQJIZZRHSA-N,1.7280333411216735
35859,35859,Cn1nccc1[C@@H]1OCCC[C@H]1CN1CCc2[nH]ncc2C1,Cn1nccc1[C@@H]1OCCC[C@H]1CN1CCc2[nH]ncc2C1,Cn1nccc1[C@@H]1OCCC[C@H]1CN1CCc2[nH]ncc2C1,Cn1nccc1[C@@H]1OCCC[C@H]1CN1CCc2[nH]ncc2C1,PWHSXZOAUXDUAG-BLLLJJGKSA-N,PWHSXZOAUXDUAG-BLLLJJGKSA-N,PWHSXZOAUXDUAG-BLLLJJGKSA-N,PWHSXZOAUXDUAG-BLLLJJGKSA-N,1.9434666703224184
35860,35860,Cn1nccc1[C@@H]1OCCC[C@H]1CN1CCn2cncc2C1,Cn1nccc1[C@@H]1OCCC[C@H]1CN1CCn2cncc2C1,Cn1nccc1[C@@H]1OCCC[C@H]1CN1CCn2cncc2C1,Cn1nccc1[C@@H]1OCCC[C@H]1CN1CCn2cncc2C1,GXTQRJMFNUIWIY-XJKSGUPXSA-N,GXTQRJMFNUIWIY-XJKSGUPXSA-N,GXTQRJMFNUIWIY-XJKSGUPXSA-N,GXTQRJMFNUIWIY-XJKSGUPXSA-N,1.9796666507720948
35862,35862,Cn1nccc1[C@@H]1OCCC[C@H]1CNC(=O)c1ccc2[nH]cnc2n1,Cn1nccc1[C@@H]1OCCC[C@H]1CNC(=O)c1ccc2[nH]cnc2n1,Cn1nccc1[C@@H]1OCCC[C@H]1CNC(=O)c1ccc2[nH]cnc2n1,Cn1nccc1[C@@H]1OCCC[C@H]1CNC(=O)c1ccc2[nH]cnc2n1,AILOUMYGPCVUTO-XHDPSFHLSA-N,AILOUMYGPCVUTO-XHDPSFHLSA-N,AILOUMYGPCVUTO-XHDPSFHLSA-N,AILOUMYGPCVUTO-XHDPSFHLSA-N,1.715633323478699
35865,35865,Cn1nccc1[C@@H]1OCCC[C@H]1CNC(=O)c1cn2ccccc2n1,Cn1nccc1[C@@H]1OCCC[C@H]1CNC(=O)c1cn2ccccc2n1,Cn1nccc1[C@@H]1OCCC[C@H]1CNC(=O)c1cn2ccccc2n1,Cn1nccc1[C@@H]1OCCC[C@H]1CNC(=O)c1cn2ccccc2n1,FROAJMXQMJRCRC-SUMWQHHRSA-N,FROAJMXQMJRCRC-SUMWQHHRSA-N,FROAJMXQMJRCRC-SUMWQHHRSA-N,FROAJMXQMJRCRC-SUMWQHHRSA-N,1.7185000004768372
35867,35867,Cn1nccc1[C@@H]1OCCC[C@H]1CNC(=O)c1coc2ccccc12,Cn1nccc1[C@@H]1OCCC[C@H]1CNC(=O)c1coc2ccccc12,Cn1nccc1[C@@H]1OCCC[C@H]1CNC(=O)c1coc2ccccc12,Cn1nccc1[C@@H]1OCCC[C@H]1CNC(=O)c1coc2ccccc12,LHSFOMUAXWPGOK-SCLBCKFNSA-N,LHSFOMUAXWPGOK-SCLBCKFNSA-N,LHSFOMUAXWPGOK-SCLBCKFNSA-N,LHSFOMUAXWPGOK-SCLBCKFNSA-N,1.9307666632970173
35873,35873,Cn1nccc1[C@@H]1OCCC[C@H]1CNCC1(c2ccccn2)CCC1,Cn1nccc1[C@@H]1OCCC[C@H]1CNCC1(c2ccccn2)CCC1,Cn1nccc1[C@@H]1OCCC[C@H]1CNCC1(c2ccccn2)CCC1,Cn1nccc1[C@@H]1OCCC[C@H]1CNCC1(c2ccccn2)CCC1,WDKUVIDQFKWJDO-QFBILLFUSA-N,WDKUVIDQFKWJDO-QFBILLFUSA-N,WDKUVIDQFKWJDO-QFBILLFUSA-N,WDKUVIDQFKWJDO-QFBILLFUSA-N,1.9527666734695432
35901,35901,Cn1nccc1[C@@H]1OCC[C@H]1CNCCc1ccc2[nH]ccc2c1,Cn1nccc1[C@@H]1OCC[C@H]1CNCCc1ccc2[nH]ccc2c1,Cn1nccc1[C@@H]1OCC[C@H]1CNCCc1ccc2[nH]ccc2c1,Cn1nccc1[C@@H]1OCC[C@H]1CNCCc1ccc2[nH]ccc2c1,FVKNXGFQRACUBA-QFBILLFUSA-N,FVKNXGFQRACUBA-QFBILLFUSA-N,FVKNXGFQRACUBA-QFBILLFUSA-N,FVKNXGFQRACUBA-QFBILLFUSA-N,1.7546333331425985
35911,35911,Cn1nccc1[C@@H]1OCC[C@H]1CNCc1nnc2n1CCCCC2,Cn1nccc1[C@@H]1OCC[C@H]1CNCc1nnc2n1CCCCC2,Cn1nccc1[C@@H]1OCC[C@H]1CNCc1nnc2n1CCCCC2,Cn1nccc1[C@@H]1OCC[C@H]1CNCc1nnc2n1CCCCC2,WKYLJOSZYFBJIU-SUMWQHHRSA-N,WKYLJOSZYFBJIU-SUMWQHHRSA-N,WKYLJOSZYFBJIU-SUMWQHHRSA-N,WKYLJOSZYFBJIU-SUMWQHHRSA-N,1.6571000027338665
35932,35932,Cn1nccc1[C@H]1OCC[C@@H]1NCc1ccc(N2CCCC2)nc1,Cn1nccc1[C@H]1OCC[C@@H]1NCc1ccc(N2CCCC2)nc1,Cn1nccc1[C@H]1OCC[C@@H]1NCc1ccc(N2CCCC2)nc1,Cn1nccc1[C@H]1OCC[C@@H]1NCc1ccc(N2CCCC2)nc1,ZNIDHBFNZRMJTJ-YJBOKZPZSA-N,ZNIDHBFNZRMJTJ-YJBOKZPZSA-N,ZNIDHBFNZRMJTJ-YJBOKZPZSA-N,ZNIDHBFNZRMJTJ-YJBOKZPZSA-N,1.7108666741053264
35933,35933,Cn1nccc1[C@H]1OCC[C@@H]1NCc1ccc2c(c1)ncn2C,Cn1nccc1[C@H]1OCC[C@@H]1NCc1ccc2c(c1)ncn2C,Cn1nccc1[C@H]1OCC[C@@H]1NCc1ccc2c(c1)ncn2C,Cn1nccc1[C@H]1OCC[C@@H]1NCc1ccc2c(c1)ncn2C,QOLFAIRDLXGMOM-GUYCJALGSA-N,QOLFAIRDLXGMOM-GUYCJALGSA-N,QOLFAIRDLXGMOM-GUYCJALGSA-N,QOLFAIRDLXGMOM-GUYCJALGSA-N,1.7284000006675722
35936,35936,Cn1nccc1[C@H]1OCC[C@@H]1NCc1cnn2ccccc12,Cn1nccc1[C@H]1OCC[C@@H]1NCc1cnn2ccccc12,Cn1nccc1[C@H]1OCC[C@@H]1NCc1cnn2ccccc12,Cn1nccc1[C@H]1OCC[C@@H]1NCc1cnn2ccccc12,SASNAPWABLUZIS-BBRMVZONSA-N,SASNAPWABLUZIS-BBRMVZONSA-N,SASNAPWABLUZIS-BBRMVZONSA-N,SASNAPWABLUZIS-BBRMVZONSA-N,1.947433344078064
35942,35942,Cn1nccc1[C@H]1[C@H](NCCOc2ccccc2F)CC(=O)N1C1CC1,Cn1nccc1[C@H]1[C@H](NCCOc2ccccc2F)CC(=O)N1C1CC1,Cn1nccc1[C@H]1[C@H](NCCOc2ccccc2F)CC(=O)N1C1CC1,Cn1nccc1[C@H]1[C@H](NCCOc2ccccc2F)CC(=O)N1C1CC1,AGIRNXQDJLGBGV-DNVCBOLYSA-N,AGIRNXQDJLGBGV-DNVCBOLYSA-N,AGIRNXQDJLGBGV-DNVCBOLYSA-N,AGIRNXQDJLGBGV-DNVCBOLYSA-N,1.9468333463350933
39326,39326,O=C(NC(c1ccccc1)C1CCOC1)c1noc2c1CCCCC2,O=C(NC(c1ccccc1)C1CCOC1)c1noc2c1CCCCC2,O=C(NC(c1ccccc1)C1CCOC1)c1noc2c1CCCCC2,O=C(NC(c1ccccc1)C1CCOC1)c1noc2c1CCCCC2,LCHHGPTZCWCBLA-UHFFFAOYSA-N,LCHHGPTZCWCBLA-UHFFFAOYSA-N,LCHHGPTZCWCBLA-UHFFFAOYSA-N,LCHHGPTZCWCBLA-UHFFFAOYSA-N,2.6578999976158144
39911,39911,O=C(NCC1CCn2ncc(C(=O)N3CCOCC3)c2C1)c1cccc(Cl)c1,O=C(NCC1CCn2ncc(C(=O)N3CCOCC3)c2C1)c1cccc(Cl)c1,O=C(NCC1CCn2ncc(C(=O)N3CCOCC3)c2C1)c1cccc(Cl)c1,O=C(NCC1CCn2ncc(C(=O)N3CCOCC3)c2C1)c1cccc(Cl)c1,SEJGLTJIBHGEFY-UHFFFAOYSA-N,SEJGLTJIBHGEFY-UHFFFAOYSA-N,SEJGLTJIBHGEFY-UHFFFAOYSA-N,SEJGLTJIBHGEFY-UHFFFAOYSA-N,1.7439333176294962
40171,40171,O=C(NC[C@@H]1CCO[C@H]1c1ccccc1)c1[nH]nc2c1CCC2,O=C(NC[C@@H]1CCO[C@H]1c1ccccc1)c1[nH]nc2c1CCC2,O=C(NC[C@@H]1CCO[C@H]1c1ccccc1)c1[nH]nc2c1CCC2,O=C(NC[C@@H]1CCO[C@H]1c1ccccc1)c1[nH]nc2c1CCC2,VHCYAWBKKQJFJJ-GUYCJALGSA-N,VHCYAWBKKQJFJJ-GUYCJALGSA-N,VHCYAWBKKQJFJJ-GUYCJALGSA-N,VHCYAWBKKQJFJJ-GUYCJALGSA-N,1.941233341407776
40182,40182,O=C(NC[C@H]1CCO[C@@H]1c1ccccc1)c1[nH]nc2c1CCC2,O=C(NC[C@H]1CCO[C@@H]1c1ccccc1)c1[nH]nc2c1CCC2,O=C(NC[C@H]1CCO[C@@H]1c1ccccc1)c1[nH]nc2c1CCC2,O=C(NC[C@H]1CCO[C@@H]1c1ccccc1)c1[nH]nc2c1CCC2,VHCYAWBKKQJFJJ-CXAGYDPISA-N,VHCYAWBKKQJFJJ-CXAGYDPISA-N,VHCYAWBKKQJFJJ-CXAGYDPISA-N,VHCYAWBKKQJFJJ-CXAGYDPISA-N,1.9411000080744425
40569,40569,O=C(N[C@@H]1CCCOC1)c1nn(-c2ccc(Cl)cc2Cl)c2c1CCC2,O=C(N[C@@H]1CCCOC1)c1nn(-c2ccc(Cl)cc2Cl)c2c1CCC2,O=C(N[C@@H]1CCCOC1)c1nn(-c2ccc(Cl)cc2Cl)c2c1CCC2,O=C(N[C@@H]1CCCOC1)c1nn(-c2ccc(Cl)cc2Cl)c2c1CCC2,IBBFWGCLXDJLQU-GFCCVEGCSA-N,IBBFWGCLXDJLQU-GFCCVEGCSA-N,IBBFWGCLXDJLQU-GFCCVEGCSA-N,IBBFWGCLXDJLQU-GFCCVEGCSA-N,1.9437666766166688
41209,41209,O=C(Nc1ccnn1CC1CCOC1)N1CCc2c(Cl)cccc2C1,O=C(Nc1ccnn1CC1CCOC1)N1CCc2c(Cl)cccc2C1,O=C(Nc1ccnn1CC1CCOC1)N1CCc2c(Cl)cccc2C1,O=C(Nc1ccnn1CC1CCOC1)N1CCc2c(Cl)cccc2C1,FZNZOFOAJHNDOM-UHFFFAOYSA-N,FZNZOFOAJHNDOM-UHFFFAOYSA-N,FZNZOFOAJHNDOM-UHFFFAOYSA-N,FZNZOFOAJHNDOM-UHFFFAOYSA-N,1.9334000162760416
41439,41439,O=C(c1c[nH]nc1C1CCOC1)N1Cc2ccccc2C2(CCC2)C1,O=C(c1c[nH]nc1C1CCOC1)N1Cc2ccccc2C2(CCC2)C1,O=C(c1c[nH]nc1C1CCOC1)N1Cc2ccccc2C2(CCC2)C1,O=C(c1c[nH]nc1C1CCOC1)N1Cc2ccccc2C2(CCC2)C1,FGNWSEMMDHZGCC-UHFFFAOYSA-N,FGNWSEMMDHZGCC-UHFFFAOYSA-N,FGNWSEMMDHZGCC-UHFFFAOYSA-N,FGNWSEMMDHZGCC-UHFFFAOYSA-N,1.9450666858673091
42840,42840,O=C(c1cnn2c1CCCC2)N1CCCC(CO)(c2ccccc2)C1,O=C(c1cnn2c1CCCC2)N1CCCC(CO)(c2ccccc2)C1,O=C(c1cnn2c1CCCC2)N1CCCC(CO)(c2ccccc2)C1,O=C(c1cnn2c1CCCC2)N1CCCC(CO)(c2ccccc2)C1,IWLONUBGTMCPAS-UHFFFAOYSA-N,IWLONUBGTMCPAS-UHFFFAOYSA-N,IWLONUBGTMCPAS-UHFFFAOYSA-N,IWLONUBGTMCPAS-UHFFFAOYSA-N,1.9119666706085203
42936,42936,O=C(c1nc(C2CC2)n(-c2ccccc2Cl)n1)N1CCOCC2(CCOCC2)C1,O=C(c1nc(C2CC2)n(-c2ccccc2Cl)n1)N1CCOCC2(CCOCC2)C1,O=C(c1nc(C2CC2)n(-c2ccccc2Cl)n1)N1CCOCC2(CCOCC2)C1,O=C(c1nc(C2CC2)n(-c2ccccc2Cl)n1)N1CCOCC2(CCOCC2)C1,OWSCHPGURDMVLJ-UHFFFAOYSA-N,OWSCHPGURDMVLJ-UHFFFAOYSA-N,OWSCHPGURDMVLJ-UHFFFAOYSA-N,OWSCHPGURDMVLJ-UHFFFAOYSA-N,1.9369000099500016
44434,44434,c1ccn2ncc(CN[C@H]3CCO[C@@H]3c3cc[nH]n3)c2c1,c1ccn2ncc(CN[C@H]3CCO[C@@H]3c3cc[nH]n3)c2c1,c1ccn2ncc(CN[C@H]3CCO[C@@H]3c3cc[nH]n3)c2c1,c1ccn2ncc(CN[C@H]3CCO[C@@H]3c3cc[nH]n3)c2c1,GCHDEVULUJGPRT-WFASDCNBSA-N,GCHDEVULUJGPRT-WFASDCNBSA-N,GCHDEVULUJGPRT-WFASDCNBSA-N,GCHDEVULUJGPRT-WFASDCNBSA-N,1.937766678651174
