,molregno,pchembl_value,canonical_smiles,standard_inchi_key,accession
0,398458.0,4.96,CO[C@H]1/C=C/O[C@@]2(C)Oc3c(C)c(O)c4c(O)c(cc(O)c4c3C2=O)NC(=O)/C(C)=C\C=C\[C@H](C)[C@H](O)[C@@H](C)[C@@H](O)[C@@H](C)[C@H](OC(C)=O)[C@@H]1C,HJYYPODYNSCCOU-ODRIEIDWSA-N,P46721
1,365189.0,4.29,CO[C@H]1/C=C/O[C@@]2(C)Oc3c(C)c(O)c4c(O)c(c(/C=N/N5CCN(C)CC5)c(O)c4c3C2=O)NC(=O)/C(C)=C\C=C\[C@H](C)[C@H](O)[C@@H](C)[C@@H](O)[C@@H](C)[C@H](OC(C)=O)[C@@H]1C,JQXXHWHPUNPDRT-WLSIYKJHSA-N,P46721
2,11143.0,4.18,CC(C)N(CCC(C(N)=O)(c1ccccc1)c1ccccn1)C(C)C,UVTNFZQICZKOEM-UHFFFAOYSA-N,Q96FL8
3,86042.0,4.58,OCCN(CCO)c1nc(N2CCCCC2)c2nc(N(CCO)CCO)nc(N3CCCCC3)c2n1,IZEKFCXSFNUWAM-UHFFFAOYSA-N,Q96FL8
4,605.0,5.0,CN(C)CCCN1c2ccccc2CCc2ccccc21,BCGWQEUPMDMJNV-UHFFFAOYSA-N,Q96FL8
5,9333.0,5.96,Nc1c2c(nc3ccccc13)CCCC2,YLJREFDVOIBQDA-UHFFFAOYSA-N,Q96FL8
6,77779.0,4.19,Cc1ccccc1C(OCCN(C)C)c1ccccc1,QVYRGXJJSLMXQH-UHFFFAOYSA-N,Q96FL8
7,3183.0,6.82,Cc1nccn1CC1CCc2c(c3ccccc3n2C)C1=O,FELGMEQIXOGIFQ-UHFFFAOYSA-N,Q96FL8
8,1620.0,5.24,CN/C(=N\CCSCc1nc[nH]c1C)NC#N,AQIXAKUUQRKLND-UHFFFAOYSA-N,Q96FL8
9,3965.0,6.39,N=C(N)c1ccc(OCCCCCOc2ccc(C(=N)N)cc2)cc1,XDRYMKDFEDOLFX-UHFFFAOYSA-N,Q96FL8
10,419598.0,5.55,COc1ccnc(C[S+]([O-])c2nc3cc(OC(F)F)ccc3[nH]2)c1OC,IQPSEEYGBUAQFF-UHFFFAOYSA-N,Q96FL8
11,308611.0,6.19,Cn1c(NCCN(CCO)CCCc2ccc([N+](=O)[O-])cc2)cc(=O)n(C)c1=O,OEBPANQZQGQPHF-UHFFFAOYSA-N,Q96FL8
12,4504.0,6.72,O=C1c2c(O)ccc(O)c2C(=O)c2c(NCCNCCO)ccc(NCCNCCO)c21,KKZJGLLVHKMTCM-UHFFFAOYSA-N,Q96FL8
13,88797.0,7.4,Cc1ccc(NC(=O)c2ccc(CN3CCN(C)CC3)cc2)cc1Nc1nccc(-c2cccnc2)n1,KTUFNOKKBVMGRW-UHFFFAOYSA-N,Q96FL8
14,17170.0,5.72,CC(C)(C)NC(=O)[C@@H]1CN(Cc2cccnc2)CCN1C[C@@H](O)C[C@@H](Cc1ccccc1)C(=O)N[C@H]1c2ccccc2C[C@H]1O,CBVCZFGXHXORBI-PXQQMZJSSA-N,Q96FL8
15,88100.0,5.68,CC(C)c1nc(CN(C)C(=O)N[C@H](C(=O)N[C@@H](Cc2ccccc2)C[C@H](O)[C@H](Cc2ccccc2)NC(=O)OCc2cncs2)C(C)C)cs1,NCDNCNXCDXHOMX-XGKFQTDJSA-N,Q96FL8
16,5985.0,5.37,CCc1c2c(nc3ccc(OC(=O)N4CCC(N5CCCCC5)CC4)cc13)-c1cc3c(c(=O)n1C2)COC(=O)[C@]3(O)CC,UWKQSNNFCGGAFS-XIFFEERXSA-N,Q96FL8
17,3965.0,5.7,N=C(N)c1ccc(OCCCCCOc2ccc(C(=N)N)cc2)cc1,XDRYMKDFEDOLFX-UHFFFAOYSA-N,Q96FL8
18,419598.0,5.55,COc1ccnc(C[S+]([O-])c2nc3cc(OC(F)F)ccc3[nH]2)c1OC,IQPSEEYGBUAQFF-UHFFFAOYSA-N,Q96FL8
19,308611.0,5.96,Cn1c(NCCN(CCO)CCCc2ccc([N+](=O)[O-])cc2)cc(=O)n(C)c1=O,OEBPANQZQGQPHF-UHFFFAOYSA-N,Q96FL8
20,3183.0,7.52,Cc1nccn1CC1CCc2c(c3ccccc3n2C)C1=O,FELGMEQIXOGIFQ-UHFFFAOYSA-N,Q96FL8
21,4504.0,6.4,O=C1c2c(O)ccc(O)c2C(=O)c2c(NCCNCCO)ccc(NCCNCCO)c21,KKZJGLLVHKMTCM-UHFFFAOYSA-N,Q96FL8
22,88797.0,7.3,Cc1ccc(NC(=O)c2ccc(CN3CCN(C)CC3)cc2)cc1Nc1nccc(-c2cccnc2)n1,KTUFNOKKBVMGRW-UHFFFAOYSA-N,Q96FL8
23,17170.0,5.77,CC(C)(C)NC(=O)[C@@H]1CN(Cc2cccnc2)CCN1C[C@@H](O)C[C@@H](Cc1ccccc1)C(=O)N[C@H]1c2ccccc2C[C@H]1O,CBVCZFGXHXORBI-PXQQMZJSSA-N,Q96FL8
24,88100.0,7.1,CC(C)c1nc(CN(C)C(=O)N[C@H](C(=O)N[C@@H](Cc2ccccc2)C[C@H](O)[C@H](Cc2ccccc2)NC(=O)OCc2cncs2)C(C)C)cs1,NCDNCNXCDXHOMX-XGKFQTDJSA-N,Q96FL8
25,5985.0,5.68,CCc1c2c(nc3ccc(OC(=O)N4CCC(N5CCCCC5)CC4)cc13)-c1cc3c(c(=O)n1C2)COC(=O)[C@]3(O)CC,UWKQSNNFCGGAFS-XIFFEERXSA-N,Q96FL8
26,75302.0,5.09,Cn1c(CNc2ccc(C(=N)N)cc2)nc2cc(C(=O)N(CCC(=O)O)c3ccccn3)ccc21,YBSJFWOBGCMAKL-UHFFFAOYSA-N,Q96FL8
27,1620.0,5.92,CN/C(=N\CCSCc1nc[nH]c1C)NC#N,AQIXAKUUQRKLND-UHFFFAOYSA-N,Q96FL8
28,3965.0,5.57,N=C(N)c1ccc(OCCCCCOc2ccc(C(=N)N)cc2)cc1,XDRYMKDFEDOLFX-UHFFFAOYSA-N,Q96FL8
29,419598.0,4.37,COc1ccnc(C[S+]([O-])c2nc3cc(OC(F)F)ccc3[nH]2)c1OC,IQPSEEYGBUAQFF-UHFFFAOYSA-N,Q96FL8
30,308611.0,5.19,Cn1c(NCCN(CCO)CCCc2ccc([N+](=O)[O-])cc2)cc(=O)n(C)c1=O,OEBPANQZQGQPHF-UHFFFAOYSA-N,Q96FL8
31,3183.0,6.8,Cc1nccn1CC1CCc2c(c3ccccc3n2C)C1=O,FELGMEQIXOGIFQ-UHFFFAOYSA-N,Q96FL8
32,78303.0,6.12,NC(N)=Nc1nc(CSCC/C(N)=N/S(N)(=O)=O)cs1,XUFQPHANEAPEMJ-UHFFFAOYSA-N,Q96FL8
33,4504.0,6.28,O=C1c2c(O)ccc(O)c2C(=O)c2c(NCCNCCO)ccc(NCCNCCO)c21,KKZJGLLVHKMTCM-UHFFFAOYSA-N,Q96FL8
34,88797.0,6.46,Cc1ccc(NC(=O)c2ccc(CN3CCN(C)CC3)cc2)cc1Nc1nccc(-c2cccnc2)n1,KTUFNOKKBVMGRW-UHFFFAOYSA-N,Q96FL8
35,17170.0,5.11,CC(C)(C)NC(=O)[C@@H]1CN(Cc2cccnc2)CCN1C[C@@H](O)C[C@@H](Cc1ccccc1)C(=O)N[C@H]1c2ccccc2C[C@H]1O,CBVCZFGXHXORBI-PXQQMZJSSA-N,Q96FL8
36,88100.0,5.36,CC(C)c1nc(CN(C)C(=O)N[C@H](C(=O)N[C@@H](Cc2ccccc2)C[C@H](O)[C@H](Cc2ccccc2)NC(=O)OCc2cncs2)C(C)C)cs1,NCDNCNXCDXHOMX-XGKFQTDJSA-N,Q96FL8
37,675138.0,4.76,Cc1nnc(C(C)C)n1[C@@H]1C[C@H]2CC[C@@H](C1)N2CC[C@H](NC(=O)C1CCC(F)(F)CC1)c1ccccc1,GSNHKUDZZFZSJB-QYOOZWMWSA-N,Q96FL8
38,7714.0,5.8,Cc1nc2n(c(=O)c1CCN1CCC(c3noc4cc(F)ccc34)CC1)CCCC2,RAPZEAPATHNIPO-UHFFFAOYSA-N,Q96FL8
39,27111.0,5.17,CNS(=O)(=O)Cc1ccc2[nH]cc(CCN(C)C)c2c1,KQKPFRSPSRPDEB-UHFFFAOYSA-N,Q96FL8
40,419463.0,4.67,C[C@]12CCC(=O)C=C1CC[C@@H]1[C@@H]2C(=O)C[C@@]2(C)[C@H]1CC[C@]2(O)C(=O)CO,MFYSYFVPBJMHGN-ZPOLXVRWSA-N,Q96FL8
41,27609.0,4.48,Clc1cccc(Cl)c1NC1=NCCN1,GJSURZIOUXUGAL-UHFFFAOYSA-N,Q96FL8
42,255477.0,4.95,C=C[C@H]1CN2CC[C@H]1C[C@@H]2[C@@H](O)c1ccnc2ccc(OC)cc12,LOUPRKONTZGTKE-LHHVKLHASA-N,Q96FL8
43,1795.0,4.75,C[C@H]1COc2c(N3CCN(C)CC3)c(F)cc3c(=O)c(C(=O)O)cn1c23,GSDSWSVVBLHKDQ-JTQLQIEISA-N,Q96FL8
44,328201.0,4.73,CC(=O)S[C@@H]1CC2=CC(=O)CC[C@]2(C)[C@H]2CC[C@@]3(C)[C@@H](CC[C@@]34CCC(=O)O4)[C@H]12,LXMSZDCAJNLERA-ZHYRCANASA-N,Q96FL8
45,1153672.0,5.08,CNC(=C[N+](=O)[O-])NCCSCc1ccc(CN(C)C)o1,VMXUWOKSQNHOCA-UHFFFAOYSA-N,Q96FL8
46,27647.0,4.42,NC12CC3CC(CC(C3)C1)C2,DKNWSYNQZKUICI-UHFFFAOYSA-N,Q96FL8
47,320260.0,4.46,COc1ccc2c(c1OC)C(=O)O[C@@H]2[C@H]1c2c(cc3c(c2OC)OCO3)CCN1C,AKNNEGZIBPJZJG-MSOLQXFVSA-N,Q96FL8
48,65605.0,4.58,COc1ccc(CCN2CCC(Nc3nc4ccccc4n3Cc3ccc(F)cc3)CC2)cc1,GXDALQBWZGODGZ-UHFFFAOYSA-N,Q96FL8
49,116949.0,4.75,CCCc1nc2c(C)cc(-c3nc4ccccc4n3C)cc2n1Cc1ccc(-c2ccccc2C(=O)O)cc1,RMMXLENWKUUMAY-UHFFFAOYSA-N,Q96FL8
50,36662.0,4.03,COc1ccccc1OCCNCC(O)COc1cccc2[nH]c3ccccc3c12,OGHNVEJMJSYVRP-UHFFFAOYSA-N,Q96FL8
51,5985.0,5.1,CCc1c2c(nc3ccc(OC(=O)N4CCC(N5CCCCC5)CC4)cc13)-c1cc3c(c(=O)n1C2)COC(=O)[C@]3(O)CC,UWKQSNNFCGGAFS-XIFFEERXSA-N,Q96FL8
52,7501.0,5.89,CC[C@@]1(O)C(=O)OCc2c1cc1n(c2=O)Cc2cc3c(CN(C)C)c(O)ccc3nc2-1,UCFGDBYHRUNTLO-QHCPKHFHSA-N,Q96FL8
53,21523.0,5.89,COc1cc(C(=O)NS(=O)(=O)c2ccccc2C)ccc1Cc1cn(C)c2ccc(NC(=O)OC3CCCC3)cc12,YEEZWCHGZNKEEK-UHFFFAOYSA-N,Q96FL8
54,31241.0,4.68,C#C[C@]1(O)CC[C@H]2[C@@H]3CCc4cc(O)ccc4[C@H]3CC[C@@]21C,BFPYWIDHMRZLRN-SLHNCBLASA-N,Q96FL8
55,364745.0,5.64,O=c1[nH]c2ccccc2n1CCCN1CCC(n2c(=O)[nH]c3cc(Cl)ccc32)CC1,FGXWKSZFVQUSTL-UHFFFAOYSA-N,Q96FL8
56,54547.0,5.3,CN1C2CCCC1CC(NC(=O)c1nn(C)c3ccccc13)C2,MFWNKCLOYSRHCJ-UHFFFAOYSA-N,Q96FL8
57,3599.0,5.77,O=C1CC2(CCCC2)CC(=O)N1CCCCN1CCN(c2ncccn2)CC1,QWCRAEMEVRGPNT-UHFFFAOYSA-N,Q96FL8
58,558566.0,5.55,CN1C[C@H](C(=O)N[C@]2(C)O[C@@]3(O)[C@@H]4CCCN4C(=O)[C@H](Cc4ccccc4)N3C2=O)C[C@@H]2c3cccc4[nH]cc(c34)C[C@H]21,LUZRJRNZXALNLM-JGRZULCMSA-N,Q96FL8
59,97.0,5.8,COc1cc2nc(N3CCN(C(=O)c4ccco4)CC3)nc(N)c2cc1OC,IENZQIKPVFGBNW-UHFFFAOYSA-N,Q96FL8
60,93858.0,5.14,CC(N)C12CC3CC(CC(C3)C1)C2,UBCHPRBFMUDMNC-UHFFFAOYSA-N,Q96FL8
61,598444.0,5.54,CN(C)C(=O)COC(=O)Cc1ccc(OC(=O)c2ccc(NC(=N)N)cc2)cc1,XASIMHXSUQUHLV-UHFFFAOYSA-N,Q96FL8
62,674580.0,5.72,CC(=O)O[C@H]1C[C@@H]2CC[C@@H]3[C@H](CC[C@@]4(C)[C@H]3C[C@H]([N+]3(C)CCCCC3)[C@@H]4OC(C)=O)[C@@]2(C)C[C@@H]1N1CCCCC1.[Br-],VEPSYABRBFXYIB-PWXDFCLTSA-M,Q96FL8
63,48849.0,6.16,N=C(NCCCCCCNC(=N)NC(=N)Nc1ccc(Cl)cc1)NC(=N)Nc1ccc(Cl)cc1,GHXZTYHSJHQHIJ-UHFFFAOYSA-N,Q96FL8
64,46656.0,5.28,Oc1c(Cl)cc(Cl)cc1Sc1cc(Cl)cc(Cl)c1O,JFIOVJDNOJYLKP-UHFFFAOYSA-N,Q96FL8
65,203627.0,5.03,COc1cc2c3cc1Oc1cc(ccc1O)C[C@@H]1c4c(cc(OC)c(O)c4Oc4ccc(cc4)C[C@@H]3N(C)CC2)CC[N+]1(C)C,JFJZZMVDLULRGK-URLMMPGGSA-O,Q96FL8
66,138792.0,6.3,CCOC(=O)c1ccc(OC(=O)CCCCCNC(=N)N)cc1,YKGYIDJEEQRWQH-UHFFFAOYSA-N,Q96FL8
67,152610.0,5.96,NC1=NCC2c3ccccc3Cc3ccccc3N12,WHWZLSFABNNENI-UHFFFAOYSA-N,Q96FL8
68,1950277.0,5.42,CC(C)C[C@H](NC(=O)[C@H](Cc1ccccc1)NC(=O)[C@H](Cn1cc(CCc2ccccc2)nn1)NC(=O)[C@H](CO)NC(=O)CN)C(N)=O,HCIUBYMUNUSUNO-LJWNLINESA-N,Q96T53
69,1950274.0,5.22,CC(C)C[C@H](NC(=O)[C@H](Cc1ccccc1)NC(=O)[C@H](Cn1cc(Cc2ccccc2)nn1)NC(=O)[C@H](CO)NC(=O)CN)C(N)=O,DLHLAUJNPITBMI-FWEHEUNISA-N,Q96T53
70,2087504.0,5.04,N[C@@H](Cc1ccc(O)c(Cc2ccccc2)c1)C(=O)O,FULCCCZBEUTMED-AWEZNQCLSA-N,Q01650
71,2305588.0,4.02,COC(=O)c1cc(C)cc(C[C@H](N)C(=O)O)c1,NFNNFFRHXLDFNV-JTQLQIEISA-N,Q01650
72,2087497.0,5.14,N[C@@H](Cc1cccc(Cc2ccccc2)c1)C(=O)O,WDAJRFDYHJVFMA-HNNXBMFYSA-N,Q01650
73,92589.0,5.18,N[C@@H](Cc1cccc(-c2ccccc2)c1)C(=O)O,XXPHIHDDXCFWMS-AWEZNQCLSA-N,Q01650
74,19883.0,4.7,N[C@@H](Cc1c[nH]cn1)C(=O)O,HNDVDQJCIGZPNO-YFKPBYRVSA-N,Q01650
75,84482.0,4.17,N[C@@H](Cc1ccc(O)cc1)C(=O)O,OUYCCCASQSFEME-QMMMGPOBSA-N,Q01650
76,353820.0,4.34,N[C@H](Cc1ccccc1)C(=O)O,COLNVLDHVKWLRT-MRVPVSSYSA-N,Q01650
77,2316049.0,4.08,N[C@@H](Cc1cccc(CO)c1)C(=O)O,OGLFMTLLZNGZPP-VIFPVBQESA-N,Q01650
78,2305022.0,4.02,CNC(=O)c1cccc(C[C@H](N)C(=O)O)c1,MOUPFWHCJUMJAN-VIFPVBQESA-N,Q01650
79,2303906.0,4.04,CC(=O)c1cccc(C[C@H](N)C(=O)O)c1,IBCKYXVMEMSMQM-JTQLQIEISA-N,Q01650
80,2306274.0,4.44,COC(=O)c1cccc(C[C@H](N)C(=O)O)c1,DCMBHDKEVFGGFS-VIFPVBQESA-N,Q01650
81,2307178.0,4.12,COC(=O)Cc1cccc(C[C@H](N)C(=O)O)c1,UUYOJJYHZFAUQI-JTQLQIEISA-N,Q01650
82,2313034.0,4.77,CC(C)(C)OC(=O)c1cccc(C[C@H](N)C(=O)O)c1,ZFAGSQFMGXPASJ-NSHDSACASA-N,Q01650
83,2308786.0,4.54,N[C@@H](Cc1cccc(C(=O)OCCO)c1)C(=O)O,XKUGEYZFKRHITK-JTQLQIEISA-N,Q01650
84,84592.0,4.07,CC(C)C[C@H](N)C(=O)O,ROHFNLRQFUQHCH-YFKPBYRVSA-N,Q01650
85,65900.0,4.17,CC(C)[C@H](N)C(=O)O,KZSNJWFQEVHDMF-BYPYZUCNSA-N,Q01650
86,112655.0,4.0,N[C@@H](Cc1ccc(O)c(O)c1)C(=O)O,WTDRDQBEARUVNC-LURJTMIESA-N,Q01650
87,2304026.0,4.56,Cl.N[C@@H](Cc1ccc(OC(=O)NCCc2ccc(O)c(O)c2)cc1)C(=O)O,CELSESRXHBYWPV-UQKRIMTDSA-N,Q01650
88,2307115.0,4.49,Cl.NC(Cc1cccc(C(=O)NCCc2ccc(O)c(O)c2)c1)C(=O)O,OILCJGMXMXWNHG-UHFFFAOYSA-N,Q01650
89,2420803.0,5.0,CCS(=O)(=O)c1ccc2oc(-c3ccc4c(c3)C=C[C@H](O)[C@H]4O)nc2c1,NYOSMIIPIQXLMM-WMZOPIPTSA-N,Q96FL8
90,84516.0,4.16,N[C@@H](Cc1ccccc1)C(=O)O,COLNVLDHVKWLRT-QMMMGPOBSA-N,Q01650
91,2306975.0,4.16,N[C@@H](Cc1cccnc1)C(=O)O,DFZVZEMNPGABKO-ZETCQYMHSA-N,Q01650
92,2313741.0,4.0,N[C@@H](Cc1ccncc1)C(=O)O,FQFVANSXYKWQOT-ZETCQYMHSA-N,Q01650
93,2397019.0,6.01,FC(F)(F)Oc1ccc(/N=c2\ssnc2Cl)nc1,VHNMNFSCLSUTHD-AUWJEWJLSA-N,Q01650
94,2409097.0,7.22,Nc1cc(COc2c(Cl)cc(C[C@H](N)C(=O)O)cc2Cl)c2oc(-c3ccccc3)nc2c1,XNRZJPQTMQZBCE-SFHVURJKSA-N,Q01650
95,2409097.0,6.1,Nc1cc(COc2c(Cl)cc(C[C@H](N)C(=O)O)cc2Cl)c2oc(-c3ccccc3)nc2c1,XNRZJPQTMQZBCE-SFHVURJKSA-N,Q01650
96,2394016.0,4.74,CNC(=O)COc1ccc(-c2c(C#N)c(NC(=O)c3cccc(C[C@H](N)C(=O)O)c3)n3c(nc4ccccc43)c2C#N)cc1,MLNOOVGSMCJSCE-DEOSSOPVSA-N,Q01650
97,2400280.0,4.36,CC1(C)CC[C@]2(C(=O)NCC(F)(F)F)CC[C@]3(C)[C@H](C(=O)C=C4[C@@]5(C)C=C(C#N)C(=O)C(C)(C)[C@@H]5CC[C@]43C)[C@@H]2C1,UBRASLQCAYTTEB-KPOXMGGZSA-N,Q96T53
98,1101586.0,4.42,CC1(C)CC[C@]2(C(=O)n3ccnc3)CC[C@]3(C)[C@H](C(=O)C=C4[C@@]5(C)C=C(C#N)C(=O)C(C)(C)[C@@H]5CC[C@]43C)[C@@H]2C1,ITFBYYCNYVFPKD-FMIDTUQUSA-N,Q96T53
99,1139916.0,4.64,COC(=O)[C@]12CCC(C)(C)C[C@H]1[C@H]1C(=O)C=C3[C@@]4(C)C=C(C#N)C(=O)C(C)(C)[C@@H]4CC[C@@]3(C)[C@]1(C)CC2,WPTTVJLTNAWYAO-KPOXMGGZSA-N,Q96T53
100,2478982.0,5.46,CC(C)CCN1CCN([C@@H](CNCc2ccccc2)CC2CCCCC2)C[C@@H]1CC(C)C,GCNDGNXMQOEIIO-WDYNHAJCSA-N,Q01650
101,2501175.0,6.83,COC(=O)N[C@@H](C)C(=O)N1CCC(CCc2c(N)nc(C)nc2Cl)CC1,CTAGBUIPLIEQID-JTQLQIEISA-N,Q96T53
102,2507976.0,7.02,Cc1nc(N)c(CCC2CCN(C(=O)[C@H](C)NC(=O)c3cnc(C)s3)CC2)c(Cl)n1,KLRWUOFULIPURB-NSHDSACASA-N,Q96T53
103,2488855.0,7.26,Cc1nc(Cl)nc(N)c1CCC1CCN(C(=O)[C@H](C)NC(=O)c2cn[nH]c2C)CC1,XMPTZLSWBARYOE-ZDUSSCGKSA-N,Q96T53
104,2503603.0,7.16,Cc1nc(C(F)(F)F)nc(N)c1CCC1CCN(C(=O)[C@H](C)NC(=O)c2ccnn2C)CC1,FJLGBNQKFIHNGX-ZDUSSCGKSA-N,Q96T53
105,2488884.0,7.16,C[C@H](NC(=O)c1ccn(C)n1)C(=O)N1CCC(CCc2c(N)nc(N)nc2Cl)CC1,DDNFORUESGOAET-NSHDSACASA-N,Q96T53
106,2490205.0,6.72,C[C@H](NC(=O)C1CC1)C(=O)N1CCC(CCc2c(N)nc(N)nc2Cl)CC1,OHEQORXVQPCHAQ-JTQLQIEISA-N,Q96T53
107,2489081.0,8.22,C[C@@H](O)[C@H](NC(=O)[C@@H]1CCCN1C(=O)[C@H](CO)NC(=O)[C@H](Cc1cccc2ccccc12)NC(=O)[C@H](CN)NC(=O)[C@H](CO)NC(=O)CN)C(N)=O,OXOPLJKMWZGJTQ-SIWPFOTRSA-N,Q96T53
108,2524434.0,5.1,CC1(C)C(=O)C(C#N)=C[C@]2(C)[C@H]3CC[C@]4(C)CCC[C@H]4[C@@H]3CC[C@@H]12,XZVXQIBHMFEQPK-KIHPVRBWSA-N,Q96T53
109,1613782.0,5.1,CCNC(=O)[C@]12CCC(C)(C)C[C@H]1[C@H]1C(=O)C=C3[C@@]4(C)C=C(C#N)C(=O)C(C)(C)[C@@H]4CC[C@@]3(C)[C@]1(C)CC2,RZRQJICXYQPEQJ-YKEYHJQHSA-N,Q96T53
110,1950275.0,6.16,CC(C)C[C@H](NC(=O)[C@H](Cc1ccccc1)NC(=O)[C@H](Cn1cc(CCCc2ccccc2)nn1)NC(=O)[C@H](CO)NC(=O)CN)C(N)=O,VIVIFJSCGWLIIQ-DZUOILHNSA-N,Q96T53
111,2522466.0,8.77,Cc1nc(C(F)(F)F)ccc1COc1cc(Cl)c2cc(CC(=O)O)sc2c1Cl,RWBDAOBCFDZDSF-UHFFFAOYSA-N,Q96T53
112,2527696.0,8.07,O=C(O)c1ccc2oc(SCc3ccc(Cl)cc3Cl)nc2c1,XJWRLMFEUPVROI-UHFFFAOYSA-N,Q96T53
113,2517724.0,9.89,Cc1nc2ncnn2c(N)c1Cc1ccc(Br)c(OC(F)F)n1,AZHBLVQIWNQJLF-UHFFFAOYSA-N,Q96T53
114,2525734.0,9.25,Cc1nc2nonc2c(N)c1CN1CCC(OC(F)(F)F)CC1,WGCQGXYLXMBLPP-UHFFFAOYSA-N,Q96T53
115,2494156.0,10.55,Cc1nc2nonc2c(N)c1Cn1ccc(-c2cccc(C(F)(F)F)n2)n1,PEMOKRBTCSJWJN-UHFFFAOYSA-N,Q96T53
116,2502202.0,10.18,COc1cc(C(F)(F)F)ccc1Cc1c(C)nc2nonc2c1N,QZAGZJOGIKVNCE-UHFFFAOYSA-N,Q96T53
117,2529794.0,10.7,Cc1nc2nonc2c(N)c1Cc1ccc(C#N)c(NC2CC2)n1,FFSUJBAEJTXBRA-UHFFFAOYSA-N,Q96T53
118,84592.0,4.06,CC(C)C[C@H](N)C(=O)O,ROHFNLRQFUQHCH-YFKPBYRVSA-N,Q01650
119,2735991.0,4.08,C[C@@]12CCC[C@H]1[C@@H]1CC[C@H]3CC(=O)C(Br)=C[C@]3(C)[C@H]1CC2,FBRNKWMVKROLNN-VRBUCKFRSA-N,Q96T53
120,2736112.0,5.1,C[C@@]12CCC[C@H]1[C@@H]1CC[C@H]3CC(=O)C(C#N)=C[C@]3(C)[C@H]1CC2,IWDCXOKCJYHVAW-BGZMIMFDSA-N,Q96T53
121,1620.0,5.66,CN/C(=N\CCSCc1nc[nH]c1C)NC#N,AQIXAKUUQRKLND-UHFFFAOYSA-N,Q96FL8
122,2765789.0,5.7,Cc1[nH]cnc1CSCCNc1ncccn1,MNGRAPYYTJTLKV-UHFFFAOYSA-N,Q96FL8
123,2781738.0,4.74,CNC(=O)COc1ccc(C2=C(C#N)C3N=C4C=CC=CC4N3C(NC(=O)c3cccc(C[C@H](N)C(=O)O)c3)=C2C#N)cc1,AUYQRICOEPWGIG-VSRGENKSSA-N,Q01650
124,,Unknown,C[C@](N)(Cc1ccc(O)c(F)c1)C(=O)O,STUMEFJLAPRRME-JTQLQIEISA-N,Q01650
125,,Unknown,CC(C)C[C@H](N)C(=O)O,ROHFNLRQFUQHCH-YFKPBYRVSA-N,Q01650
126,,Unknown,C[C@H]1COc2c(N3CCN(C)CC3)c(F)cc3c(=O)c(C(=O)O)cn1c23,GSDSWSVVBLHKDQ-JTQLQIEISA-N,P46721
127,,Unknown,CC(CCc1ccccc1)NCC(O)c1ccc(O)c(C(N)=O)c1,SGUAFYQXFOLMHL-UHFFFAOYSA-N,P46721
128,,Unknown,C=C[C@H]1C[N@+]2(C)CC[C@H]1C[C@H]2[C@H](O)c1ccnc2ccc(OC)cc12,SJTSZVLGFLZBFK-UIHPHKDJSA-N,P46721
129,,Unknown,C[C@@H]1O[C@@H](O[C@H]2C[C@@H](O)[C@]3(CO)[C@H]4[C@H](O)C[C@]5(C)[C@@H](C6=CC(=O)OC6)CC[C@]5(O)[C@@H]4CC[C@]3(O)C2)[C@H](O)[C@H](O)[C@H]1O,LPMXVESGRSUGHW-HBYQJFLCSA-N,P46721
130,,Unknown,CC(C)c1c(C(=O)Nc2ccccc2)c(-c2ccccc2)c(-c2ccc(F)cc2)n1CC[C@@H](O)C[C@@H](O)CC(=O)O,XUKUURHRXDUEBC-KAYWLYCHSA-N,P46721
131,,Unknown,N[C@@H](Cc1ccc(Oc2cc(I)c(O)c(I)c2)c(I)c1)C(=O)O,HZCBWYNLGPIQRK-LBPRGKRZSA-N,P46721
132,,Unknown,C[C@]12CC[C@@H]3c4ccc(OS(=O)(=O)O)cc4CC[C@H]3[C@@H]1CCC2=O,JKKFKPJIXZFSSB-CBZIJGRNSA-N,P46721
133,,Unknown,CN(Cc1cnc2nc(N)nc(N)c2n1)c1ccc(C(=O)N[C@@H](CCC(=O)O)C(=O)O)cc1,FBOZXECLQNJBKD-ZDUSSCGKSA-N,P46721
134,,Unknown,CC(C)(C)NCC(O)COc1cccc2c1CC(O)C(O)C2,VWPOSFSPZNDTMJ-UHFFFAOYSA-N,P46721
135,,Unknown,Nc1ccc(C(=O)NCC(=O)O)cc1,HSMNQINEKMPTIC-UHFFFAOYSA-N,P46721
136,,Unknown,CCn1cc(C(=O)O)c(=O)c2cc(F)c(N3CCNCC3)cc21,OGJPXUAPXNRGGI-UHFFFAOYSA-N,P46721
137,,Unknown,NC(=O)NO,VSNHCAURESNICA-UHFFFAOYSA-N,P46721
138,,Unknown,O=C(O[C@@H]1Cc2c(O)cc(O)cc2O[C@@H]1c1ccc(O)c(O)c1)c1cc(O)c(O)c(O)c1,LSHVYAFMTMFKBA-TZIWHRDSSA-N,P46721
139,,Unknown,COC(=O)c1ccccc1-c1c2ccc(N)cc2[o+]c2cc(N)ccc12.[Cl-],TUFFYSFVSYUHPA-UHFFFAOYSA-M,P46721
140,,Unknown,C[C@H](CCC(=O)NCC(=O)O)[C@H]1CC[C@H]2[C@@H]3[C@H](O)C[C@@H]4C[C@H](O)CC[C@]4(C)[C@H]3C[C@H](O)[C@]12C,RFDAIACWWDREDC-FRVQLJSFSA-N,P46721
141,,Unknown,COc1cccc(OC)c1-c1ccc(C[C@@H](C(=O)O)N(C=O)c2c(Cl)cccc2Cl)cc1,SNRRKTQMVCADSZ-IBGZPJMESA-N,P46721
142,,Unknown,C[C@]12CC[C@H](OS(=O)(=O)O)CC1=CC[C@@H]1[C@@H]2CC[C@]2(C)C(=O)CC[C@@H]12,CZWCKYRVOZZJNM-USOAJAOKSA-N,P46721
143,,Unknown,CC(C)(C)NCC(O)COc1ccc(NC(=O)NC2CCCCC2)cc1,MXFWWQICDIZSOA-UHFFFAOYSA-N,P46721
144,,Unknown,CC(C)C(NC(=O)[C@H](CCC(=O)O)NC(=O)[C@H](Cc1ccccc1)NC(=O)[C@@H](C)NC(=O)[C@@H](N)Cc1ccc(O)cc1)C(=O)N[C@H](C(=O)NCC(N)=O)C(C)C,NUNBRHVOPFWRRG-MPNDMYOWSA-N,P46721
145,,Unknown,CCCCCCCC(=O)CC[C@@H]1[C@@H](C/C=C\CCCC(=O)O)[C@@H](O)C[C@H]1O,TVHAZVBUYQMHBC-SNHXEXRGSA-N,P46721
146,,Unknown,C[C@H](CCC(=O)O)[C@H]1CC[C@H]2[C@@H]3[C@H](O)C[C@@H]4C[C@H](O)CC[C@]4(C)[C@H]3C[C@H](O)[C@]12C,BHQCQFFYRZLCQQ-OELDTZBJSA-N,P46721
147,,Unknown,Cc1c(F)c(N2CCNC(C)C2)cc2c1c(=O)c(C(=O)O)cn2C1CC1,AIJTTZAVMXIJGM-UHFFFAOYSA-N,P46721
148,,Unknown,CCN(CC)C(=O)Nc1ccc(OCC(O)CNC(C)(C)C)c(C(C)=O)c1,JOATXPAWOHTVSZ-UHFFFAOYSA-N,P46721
149,,Unknown,O=C(O)C[C@H](O)C[C@H](O)/C=C/c1c(C2CC2)nc2ccccc2c1-c1ccc(F)cc1,VGYFMXBACGZSIL-MCBHFWOFSA-N,P46721
150,,Unknown,CCn1cc(C(=O)O)c(=O)c2cc(F)c(N3CCNCC3)nc21,IDYZIJYBMGIQMJ-UHFFFAOYSA-N,P46721
151,,Unknown,N[C@@H](Cc1cc(I)c(Oc2ccc(O)c(I)c2)c(I)c1)C(=O)O,AUYYCJSJGJYCDS-LBPRGKRZSA-N,P46721
152,,Unknown,O=C1OC(c2ccc(O)c(S(=O)(=O)[O-])c2)(c2ccc(O)c(S(=O)(=O)[O-])c2)c2c(Br)c(Br)c(Br)c(Br)c21.[Na+].[Na+],GHAFORRTMVIXHS-UHFFFAOYSA-L,P46721
153,,Unknown,CC(C)(C)NC(=O)[C@@H]1C[C@@H]2CCCC[C@@H]2CN1C[C@@H](O)[C@H](Cc1ccccc1)NC(=O)[C@H](CC(N)=O)NC(=O)c1ccc2ccccc2n1,QWAXKHKRTORLEM-UGJKXSETSA-N,P46721
154,,Unknown,CC(C)(C(=O)O)c1ccc(C(O)CCCN2CCC(C(O)(c3ccccc3)c3ccccc3)CC2)cc1,RWTNPBWLLIMQHL-UHFFFAOYSA-N,P46721
155,,Unknown,C=C[C@H]1C[N@+]2(C)CC[C@H]1C[C@@H]2[C@@H](O)c1ccnc2ccc(OC)cc12,SJTSZVLGFLZBFK-NYDWQMLGSA-N,P46721
156,,Unknown,C[C@@H]1Cc2c(Cl)cc(C(=O)N[C@@H](Cc3ccccc3)C(=O)O)c(O)c2C(=O)O1,RWQKHEORZBHNRI-BMIGLBTASA-N,P46721
157,,Unknown,O=C1OC(c2ccc(O)c(S(=O)(=O)O)c2)(c2ccc(O)c(S(=O)(=O)O)c2)c2c(Br)c(Br)c(Br)c(Br)c21,OHTXTCNTQJFRIG-UHFFFAOYSA-N,P46721
158,,Unknown,O=C(O)c1cn(C2CC2)c2cc(N3CCNCC3)c(F)cc2c1=O,MYSWGUAQZAJSOK-UHFFFAOYSA-N,P46721
159,,Unknown,N[C@@H](Cc1cc(I)c(Oc2cc(I)c(O)c(I)c2)c(I)c1)C(=O)O,XUIIKFGFIJCVMT-LBPRGKRZSA-N,P46721
160,,Unknown,CC(C)NCC(O)COc1ccc(CC(N)=O)cc1,METKIMKYRPQLGS-UHFFFAOYSA-N,P46721
161,,Unknown,O=C(O)CCCc1ccc(N(CCCl)CCCl)cc1,JCKYGMPEJWAADB-UHFFFAOYSA-N,P46721
162,,Unknown,CC(C)CN(C[C@@H](O)[C@H](Cc1ccccc1)NC(=O)O[C@H]1CO[C@H]2OCC[C@H]21)S(=O)(=O)c1ccc(N)cc1,CJBJHOAVZSMMDJ-HEXNFIEUSA-N,P46721
163,,Unknown,CCCCN(CCCC)C(=O)CN1C[C@H](c2ccc3c(c2)OCO3)[C@@H](C(=O)O)[C@@H]1c1ccc(OC)cc1,MOTJMGVDPWRKOC-QPVYNBJUSA-N,P46721
164,,Unknown,CC(C)C[C@@H]1NC(=O)[C@@H](C(C)C)NC(=O)[C@@H]2CCCN2C(=O)[C@@H](CC(=O)O)NC(=O)[C@@H](Cc2c[nH]c3ccccc23)NC1=O,VYCMAAOURFJIHD-PJNXIOHISA-N,P46721
165,,Unknown,C[C@]12CC[C@@H]3c4ccc(O)cc4CC[C@H]3[C@@H]1CC[C@@H]2O[C@@H]1O[C@H](C(=O)O)[C@@H](O)[C@H](O)[C@H]1O,MTKNDAQYHASLID-QXYWQCSFSA-N,P46721
166,,Unknown,CCCCC[C@H](O)/C=C/[C@H]1[C@H](O)CC(=O)[C@@H]1C/C=C\CCCC(=O)O,XEYBRNLFEZDVAW-ARSRFYASSA-N,P46721
167,,Unknown,C[C@H](CCC(=O)NCCS(=O)(=O)O)[C@H]1CC[C@H]2[C@@H]3[C@@H](O)C[C@@H]4C[C@H](O)CC[C@]4(C)[C@H]3CC[C@]12C,BHTRKEVKTKCXOH-LBSADWJPSA-N,P46721
168,,Unknown,CCCC(=O)Nc1ccc(OCC(O)CNC(C)C)c(C(C)=O)c1,GOEMGAFJFRBGGG-UHFFFAOYSA-N,P46721
169,,Unknown,CCC(Cc1c(I)cc(I)c(NC(=O)CCCCCNC(=O)CN(CCN(CCN(CC(=O)O)CC(=O)O)CC(=O)O)CC(=O)O)c1I)C(=O)O,FHINHTMSANDLDR-UHFFFAOYSA-N,P46721
170,,Unknown,CC(C)c1nc(N(C)S(C)(=O)=O)nc(-c2ccc(F)cc2)c1/C=C/[C@@H](O)C[C@@H](O)CC(=O)O,BPRHUIZQVSMCRT-VEUZHWNKSA-N,P46721
171,,Unknown,COc1c(N2CCNC(C)C2)c(F)cc2c(=O)c(C(=O)O)cn(C3CC3)c12,XUBOMFCQGDBHNK-UHFFFAOYSA-N,P46721
172,,Unknown,CC(CCC(=O)O)C1CCC2C3C(O)CC4CC(O)CCC4(C)C3CCC12C.CC(CCC(=O)O)C1CCC2C3C(O)CC4CC(O)CCC4(C)C3CCC12C.N.N.[Pt],HAKZLAWFSUYZRY-UHFFFAOYSA-N,P46721
173,,Unknown,O=C(O[C@@H]1Cc2c(O)cc(O)cc2O[C@@H]1c1cc(O)c(O)c(O)c1)c1cc(O)c(O)c(O)c1,WMBWREPUVVBILR-WIYYLYMNSA-N,P46721
174,,Unknown,CC(C)NCC(O)c1ccc(NS(C)(=O)=O)cc1,ZBMZVLHSJCTVON-UHFFFAOYSA-N,P46721
175,,Unknown,C[C@@H](O)[C@H]1C(=O)N2C(C(=O)OCOC(=O)C(C)(C)C)=C(SC3CN(C4=NCCS4)C3)[C@H](C)[C@H]12,SNUDIPVBUUXCDG-QHSBEEBCSA-N,P46721
176,,Unknown,CC(CCC(=O)NCC(=O)O)C1CCC2C3C(O)CC4CC(O)CCC4(C)C3CC(O)C12C.Cl.N.N.[Pt],IQDBSAFGNPMAHS-UHFFFAOYSA-N,P46721
177,,Unknown,C=CC[N+]1([C@H]2C[C@H]3[C@@H]4CC[C@H]5C[C@H](O)[C@@H](N6CCOCC6)C[C@]5(C)[C@H]4CC[C@]3(C)[C@H]2OC(C)=O)CCCC1,YXRDKMPIGHSVRX-OOJCLDBCSA-N,P46721
178,,Unknown,C[C@H](CCC(=O)NCCS(=O)(=O)O)[C@H]1CC[C@H]2[C@@H]3[C@H](O)C[C@@H]4C[C@H](O)CC[C@]4(C)[C@H]3C[C@H](O)[C@]12C,WBWWGRHZICKQGZ-HZAMXZRMSA-N,P46721
179,,Unknown,CCn1cc(C(=O)O)c(=O)c2cc(F)c(N3CCNC(C)C3)c(F)c21,ZEKZLJVOYLTDKK-UHFFFAOYSA-N,P46721
180,,Unknown,CC1(C)SSC(C)(C)[C@@H](NC(=O)[C@@H](N)Cc2ccc(O)cc2)C(=O)NCC(=O)N[C@@H](Cc2ccccc2)C(=O)N[C@H]1C(=O)O,MCMMCRYPQBNCPH-WMIMKTLMSA-N,P46721
181,,Unknown,C=C1C(=O)N[C@H](C)C(=O)N[C@@H](CC(C)C)C(=O)N[C@@H](C(=O)O)[C@H](C)C(=O)N[C@@H](CCCNC(=N)N)C(=O)N[C@@H](/C=C/C(C)=C/[C@H](C)[C@H](Cc2ccccc2)OC)[C@H](C)C(=O)N[C@@H](C(=O)O)CCC(=O)N1C,ZYZCGGRZINLQBL-GWRQVWKTSA-N,P46721
182,,Unknown,CNC(=O)c1cc(Oc2ccc(NC(=O)Nc3ccc(Cl)c(C(F)(F)F)c3)cc2)ccn1,MLDQJTXFUGDVEO-UHFFFAOYSA-N,P46721
183,,Unknown,CCN(CC)CCNC(=O)c1c(C)[nH]c(/C=C2\C(=O)Nc3ccc(F)cc32)c1C,WINHZLLDWRZWRT-ATVHPVEESA-N,P46721
184,,Unknown,CO[C@H]1C[C@@H]2CC[C@@H](C)[C@@](O)(O2)C(=O)C(=O)N2CCCC[C@H]2C(=O)O[C@H]([C@H](C)C[C@@H]2CC[C@@H](OCCO)[C@H](OC)C2)CC(=O)[C@H](C)/C=C(\C)[C@@H](O)[C@@H](OC)C(=O)[C@H](C)C[C@H](C)/C=C/C=C/C=C/1C,HKVAMNSJSFKALM-GKUWKFKPSA-N,P46721
185,,Unknown,CC[C@H](C)C(=O)O[C@H]1C[C@H](O)C=C2C=C[C@H](C)[C@H](CC[C@@H](O)C[C@@H](O)CC(=O)O)[C@H]21,TUZYXOIXSAXUGO-PZAWKZKUSA-N,P46721
186,,Unknown,CCOc1ccc(CC(CN(CCN(CC(=O)O)CC(=O)O)CC(=O)O)N(CC(=O)O)CC(=O)O)cc1,AQOXEJNYXXLRQQ-UHFFFAOYSA-N,P46721
187,,Unknown,N[C@@H](CCC(=O)N[C@@H](CSc1ccc([N+](=O)[O-])cc1[N+](=O)[O-])C(=O)NCC(=O)O)C(=O)O,FXEUKVKGTKDDIQ-UWVGGRQHSA-N,P46721
188,,Unknown,N[C@@H](CC(=O)O)C(=O)O,CKLJMWTZIZZHCS-REOHCLBHSA-N,P46721
189,,Unknown,NCCc1ccc(Oc2ccc(O)cc2)c(I)c1,XIINYOJWNGOUPF-UHFFFAOYSA-N,P46721
190,,Unknown,O=C(O)CCC(=O)O,KDYFGRWQOYBRFD-UHFFFAOYSA-N,P46721
191,,Unknown,CCCCC/C=C\C/C=C\C=C\C=C\[C@@H](SC[C@H](NC(=O)CC[C@H](N)C(=O)O)C(=O)NCC(=O)O)[C@@H](O)CCCC(=O)O,GWNVDXQDILPJIG-NXOLIXFESA-N,P46721
192,,Unknown,Cc1ncc2n1-c1ccc(Cl)cc1C(c1ccccc1F)=NC2,DDLIGBOFAVUZHB-UHFFFAOYSA-N,P46721
193,,Unknown,Nc1ccc(O)c(C(=O)O)c1,KBOPZPXVLCULAV-UHFFFAOYSA-N,P46721
194,,Unknown,CCCC[N+](C)(CCCC)CCCC,HJHUXWBTVVFLQI-UHFFFAOYSA-N,P46721
195,,Unknown,CO[C@H]1/C=C\O[C@@]2(C)Oc3c(C)c(O)c4c(O)c(c(/C=N/N5CCN(C)CC5)c(O)c4c3C2=O)NC(=O)/C(C)=C\C=C/[C@H](C)[C@H](O)[C@@H](C)[C@@H](O)[C@@H](C)[C@H](OC(C)=O)[C@@H]1C,JQXXHWHPUNPDRT-YOPQJBRCSA-N,P46721
196,,Unknown,CO[C@H]1C[C@@H]2CC[C@@H](C)[C@@](O)(O2)C(=O)C(=O)N2CCCC[C@H]2C(=O)O[C@H]([C@H](C)C[C@@H]2CC[C@@H](O)[C@H](OC)C2)CC(=O)[C@H](C)/C=C(\C)[C@@H](O)[C@@H](OC)C(=O)[C@H](C)C[C@H](C)/C=C/C=C/C=C/1C,QFJCIRLUMZQUOT-HPLJOQBZSA-N,P46721
197,,Unknown,CC[N+](CC)(CC)CC,CBXCPBUEXACCNR-UHFFFAOYSA-N,P46721
198,,Unknown,COc1c(C)c2c(c(O)c1C/C=C(\C)CCC(=O)O)C(=O)OC2,HPNSFSBZBAHARI-RUDMXATFSA-N,P46721
199,,Unknown,COc1c(C)c2c(c(OC3O[C@H](C(=O)O)[C@@H](O)[C@H](O)[C@H]3O)c1C/C=C(\C)CCC(=O)O)C(=O)OC2,BYFGTSAYQQIUCN-NPKRSCAJSA-N,P46721
200,,Unknown,C[C@]12CCC(=O)C=C1CC[C@@H]1[C@@H]2[C@@H](O)C[C@]2(C=O)[C@@H](C(=O)CO)CC[C@@H]12,PQSUYGKTWSAVDQ-ZVIOFETBSA-N,P46721
201,,Unknown,C[C@]12CCC(=O)C=C1CC[C@@H]1[C@@H]2[C@@H](O)C[C@@]2(C)[C@H]1CC[C@]2(O)C(=O)CO,JYGXADMDTFJGBT-VWUMJDOOSA-N,P46721
202,,Unknown,CCCCCCCC(=O)CC[C@@H]1[C@@H](C/C=C\CCCC(=O)OC(C)C)[C@@H](O)C[C@H]1O,XXUPXHKCPIKWLR-JHUOEJJVSA-N,P46721
203,,Unknown,CCOC(=O)[C@H](CCc1ccccc1)N[C@@H](C)C(=O)N1CCC[C@H]1C(=O)O,GBXSMTUPTTWBMN-XIRDDKMYSA-N,P46721
204,,Unknown,C[C@H]1O[C@@H](O[C@H]2[C@@H](O)C[C@H](O[C@H]3[C@@H](O)C[C@H](O[C@H]4CC[C@@]5(C)[C@H](CC[C@@H]6[C@@H]5C[C@@H](O)[C@]5(C)[C@@H](C7=CC(=O)OC7)CC[C@]65O)C4)O[C@@H]3C)O[C@@H]2C)C[C@H](O)[C@@H]1O,LTMHDMANZUZIPE-PUGKRICDSA-N,P46721
205,,Unknown,O=C(O)C(F)(F)C(F)(F)C(F)(F)C(F)(F)C(F)(F)C(F)(F)C(F)(F)F,SNGREZUHAYWORS-UHFFFAOYSA-N,P46721
