,SMILES,InChIKey,connectivity,pchembl_value_Mean,Class
0,Cc1cc(=O)c2c(o1)c(CC(C)C)c(O)c(O)c2O,ADNKLAAIRXDEOP-UHFFFAOYSA-N,ADNKLAAIRXDEOP,6.14,Non-inhibitor
1,N#CC1=C(O)c2cccc3c(Sc4ccc(Br)cc4)ccc(c23)C1=NCCC(=O)NCc1cc(C(=O)O)ccc1,AEAIKBHAZFBIFT-UHFFFAOYSA-N,AEAIKBHAZFBIFT,5.99,Non-inhibitor
2,COC1(CC(C)C)CCN(c2ccc(C(=O)NS(=O)(=O)c3ccc(NC(CCN(C)C)CSc4ccccc4)c([N+](=O)[O-])c3)cc2)CC1,AGGPTAKEWABCFB-UHFFFAOYSA-N,AGGPTAKEWABCFB,7.25,Inhibitor
3,O=C1c2c(cccc2)C(=O)c2c1cc(O)c(O)c2O,AHKDJQYHVWSRLT-UHFFFAOYSA-N,AHKDJQYHVWSRLT,5.88,Non-inhibitor
4,CC1=CC(C=C(Cl)c2ccc(C(=O)O)cc2)C2(C(=O)O)C=CC(CCOC(=O)Nc3cccc(Br)c3)CC2C1,AIPCKDBTGKGQEY-UHFFFAOYSA-N,AIPCKDBTGKGQEY,6.43,Non-inhibitor
5,O=C(NS(=O)(=O)c1ccc(NC2CCOCC2)c([N+](=O)[O-])c1)c1ccc(N2CCN(CC3=C(c4ccc(Cl)cc4)CCOC3)CC2)cc1,AJWKZOOIFOHKSK-UHFFFAOYSA-N,AJWKZOOIFOHKSK,7.23,Inhibitor
6,CC(C)=CCCC1=CCC(C(=O)N(C)O)C(c2ccccc2)C1,AJZSQFNARNIXQQ-UHFFFAOYSA-N,AJZSQFNARNIXQQ,5.66,Non-inhibitor
7,Cc1cc(S(=O)(=O)Nc2ccc(N3CCN(c4cccc(-c5c(-c6ccc(Cl)cc6)n(C)c(C)c5C(=O)NCCCN5CCN(C)CC5)c4)CC3)cc2)ccc1,AMSQXXYYFNYRAR-UHFFFAOYSA-N,AMSQXXYYFNYRAR,6.75,Inhibitor
8,O=C(NS(=O)(=O)c1cc([N+](=O)[O-])c(Cl)cc1)C(Cc1c[nH]c2c1cccc2)N1C(=O)C(=Cc2ccc(-c3ccc(Cl)cc3)cc2)SC1=S,ANOQJYMBYVQNCB-UHFFFAOYSA-N,ANOQJYMBYVQNCB,5.25,Non-inhibitor
9,CN(C)CCC(CSc1ccccc1)Nc1ccc(S(=O)(=O)NC(=O)c2ccc(N3CCC(=Cc4ccccc4F)CC3)cc2)cc1[N+](=O)[O-],APUJKYQKFDVLIU-UHFFFAOYSA-N,APUJKYQKFDVLIU,8.6,Inhibitor
10,Cc1cc(OCCCn2ccc3c2cccc3OCc2cccc(C(=O)O)c2)cc(C)c1Cl,AQOVMEUBPMLELA-UHFFFAOYSA-N,AQOVMEUBPMLELA,6.85,Inhibitor
11,O=C(Nc1nc2c(cccc2)s1)c1c2CN(c3nc(C(=O)O)c(CCOc4ccc(-n5ncc6c5ncnc6)cc4)s3)CCc2ccc1,AUSCDMYCFSINPV-UHFFFAOYSA-N,AUSCDMYCFSINPV,7.05,Inhibitor
12,CCCOc1ccc(CC(NC(=O)c2cn(Cc3ccc(-c4ccccc4)cc3)c3c2cccc3)C(=O)NS(=O)(=O)c2ccc(Cl)c([N+](=O)[O-])c2)cc1,AVBCTPBVIWXTJA-UHFFFAOYSA-N,AVBCTPBVIWXTJA,5.25,Non-inhibitor
13,CN(C)CCC(CSc1ccccc1)Nc1ccc(S(=O)(=O)NC(=O)c2ccc(N3CCC(=Cc4ccccn4)CC3)cc2)cc1[N+](=O)[O-],AXRKKWXXRAOBEV-UHFFFAOYSA-N,AXRKKWXXRAOBEV,7.34,Inhibitor
14,O=C(NC(Cc1ccccc1)C(=O)NS(=O)(=O)c1ccc(Cl)c([N+](=O)[O-])c1)c1cn(Cc2ccc(-c3ccc(Cl)cc3)cc2)c2c1cccc2,AZRHKOKLZALSIL-UHFFFAOYSA-N,AZRHKOKLZALSIL,6.58,Inhibitor
15,COc1ccccc1N1C(=O)C(=Cc2ccc(OCC(=O)Nc3ccc(C(=O)O)cc3)cc2)SC1=S,BCMBEMVUWOEPBA-UHFFFAOYSA-N,BCMBEMVUWOEPBA,5.0,Non-inhibitor
16,Cc1cc(OCCCc2c3C(=O)N(c4cc(C(=O)O)cc5c4ccn5C)CCCn3c3c2ccc(Cl)c3-c2c(C)n(C)nc2C)cc(C)c1Cl,BDINUPBROUJUMH-UHFFFAOYSA-N,BDINUPBROUJUMH,6.02,Non-inhibitor
17,O=C(C=Cc1ccccc1)Nc1ccc(C(=O)NS(=O)(=O)c2ccc(NCCSc3ccccc3)c([N+](=O)[O-])c2)cc1,BDOWOEXBFLRGBF-UHFFFAOYSA-N,BDOWOEXBFLRGBF,5.31,Non-inhibitor
18,COc1cc(OC(C)C)c(C2=NC(c3ccc(Cl)cc3)C(c3ccc(Cl)cc3)N2C(=O)N2CCNC(=O)C2)cc1,BDUHCSBCVGXTJM-UHFFFAOYSA-N,BDUHCSBCVGXTJM,4.82,Non-inhibitor
19,Cc1cc(OCCCc2c3C(=O)N(c4ccc(C(=O)O)c5c4n(C)cc5)CCCn3c3c2ccc(Cl)c3-c2c(C)n(C)nc2C)cc(C)c1Cl,BEMIPHFYAIZMHC-UHFFFAOYSA-N,BEMIPHFYAIZMHC,6.36,Non-inhibitor
20,Cc1cccc(C)c1N1C(=O)C(=Cc2ccc(OCc3ccc(C(=O)O)cc3)cc2)SC1=S,BFUDACNOTBJKRG-UHFFFAOYSA-N,BFUDACNOTBJKRG,6.05,Non-inhibitor
21,COc1cc2c(cc1)n(-c1ccc(-c3ccccc3)cc1)c(C)c2CC(=O)NC(Cc1ccccc1)C(=O)NS(=O)(=O)c1cc([N+](=O)[O-])c(Cl)cc1,BGVWDINPRHXDRI-UHFFFAOYSA-N,BGVWDINPRHXDRI,6.24,Non-inhibitor
22,CC(C)c1c(O)c(O)c(O)c(C(=O)N2CCc3c(cccc3)C2)c1,BHMAXGYZHGTXAG-UHFFFAOYSA-N,BHMAXGYZHGTXAG,5.51,Non-inhibitor
23,O=C(NS(=O)(=O)c1ccccc1)C(Cc1c[nH]c2c1cccc2)N1C(=O)C(=Cc2ccc(-c3ccc(Cl)cc3)cc2)SC1=S,BJRJXKGVHIMLKX-UHFFFAOYSA-N,BJRJXKGVHIMLKX,6.33,Non-inhibitor
24,COc1ccccc1CN1CCN(c2ccc(C(=O)NS(=O)(=O)c3ccc(NC(CCN(C)C)CSc4ccccc4)c([N+](=O)[O-])c3)cc2)CC1,BMFIKSDWRTVGGF-UHFFFAOYSA-N,BMFIKSDWRTVGGF,8.49,Inhibitor
25,O=C(NS(=O)(=O)c1cc([N+](=O)[O-])c(Cl)cc1)C(Cc1ccc(Br)cc1)N1C(=O)C(=Cc2ccc(-c3ccc(Cl)cc3)cc2)SC1=S,BNOSUTSIOHZGIA-UHFFFAOYSA-N,BNOSUTSIOHZGIA,6.16,Non-inhibitor
26,CCCCN=C1C(=O)NC2=C1c1c3c2cccc3c(Sc2ccc(OC)cc2)cc1,BNTOBHKNATVJRV-UHFFFAOYSA-N,BNTOBHKNATVJRV,6.45,Non-inhibitor
27,CC(C)(C)c1ccc(OCCCn2ccc3cc(OCc4cc(C(=O)O)ccc4)ccc32)cc1,BRFVXGJMKGSVFI-UHFFFAOYSA-N,BRFVXGJMKGSVFI,6.33,Non-inhibitor
28,N#CC1=C2C(=NC1=O)c1cccc3c(N4CCSCC4)ccc2c13,BRPRPURMGRJSHP-UHFFFAOYSA-N,BRPRPURMGRJSHP,6.3933333333333335,Non-inhibitor
29,CCOc1ccc(-c2c(NC(=O)c3ccc(OCC(C)C)cc3)c(C(=O)O)nn2-c2ccc(Oc3ccccc3)cc2)cc1,BRWCOCICLLQFLI-UHFFFAOYSA-N,BRWCOCICLLQFLI,5.98,Non-inhibitor
30,N#CC1=C2C(=NC1=O)c1cccc3c(Oc4ccc(-c5ccccc5)cc4)ccc2c13,BRYQRJBYNBYHAH-UHFFFAOYSA-N,BRYQRJBYNBYHAH,6.56,Inhibitor
31,Cc1cc(OCCCc2c3C(=O)N(c4cn(C)c5ccc(C(=O)O)cc45)CC(C)n3c3c2ccc(Cl)c3-c2c(C)n(C)nc2C)cc(C)c1Cl,BSAYHBZFNXDOIJ-UHFFFAOYSA-N,BSAYHBZFNXDOIJ,5.973333333333333,Non-inhibitor
32,O=C(O)c1c(CCCOc2cccc3ccccc23)c2c3c(ccc2)S(=O)(=O)CCCn13,BTBUZFMVFUFDSU-UHFFFAOYSA-N,BTBUZFMVFUFDSU,4.93,Non-inhibitor
33,CC(C)CC(NC(=O)c1cn(Cc2ccc(-c3ccc(Cl)cc3)cc2)c2c1cccc2)C(=O)NS(=O)(=O)c1ccccc1,BTRVPFGYGJVUQU-UHFFFAOYSA-N,BTRVPFGYGJVUQU,6.04,Non-inhibitor
34,Cc1cccc(C)c1N1C(=O)C(=Cc2ccc(OCC(=O)Nc3ccc(C(=O)O)cc3)cc2)SC1=S,BUCIJDGNMNYCHL-UHFFFAOYSA-N,BUCIJDGNMNYCHL,5.12,Non-inhibitor
35,CNC(=O)c1cc2c(cc(OCc3ccccc3C(=O)O)cc2)n1CCCOc1cc(C)c(Cl)c(C)c1,CACHPHLPDPJINV-UHFFFAOYSA-N,CACHPHLPDPJINV,6.09,Non-inhibitor
36,O=C(Nc1ccc(S(=O)(=O)c2ccccc2)cc1)c1c(O)c(O)c(O)c(Cc2ccccc2)c1,CGSIJNKVBVZVLU-UHFFFAOYSA-N,CGSIJNKVBVZVLU,5.743333333333333,Non-inhibitor
37,COc1ccccc1C=C1CCN(c2ccc(C(=O)NS(=O)(=O)c3ccc(NC(CCN(C)C)CSc4ccccc4)c([N+](=O)[O-])c3)cc2)CC1,CIJSMGMCSXMSIU-UHFFFAOYSA-N,CIJSMGMCSXMSIU,8.7,Inhibitor
38,Cc1c(-c2ccc(N3CCc4c(C3)c(C(=O)Nc3nc5c(cccc5)s3)ccc4)nc2C(=O)O)cnn1CC1CCCCC1,CISUFXVSHKYRMS-UHFFFAOYSA-N,CISUFXVSHKYRMS,7.54,Inhibitor
39,CC(C)Oc1c(N)ccc(C(=O)Nc2c(OC(C)C)nc(C(=O)Nc3ccc(C(=O)O)cc3OC(C)C)cc2)c1,CLABHIBFONXFKY-UHFFFAOYSA-N,CLABHIBFONXFKY,6.75,Inhibitor
40,CN(C)CC#Cc1ccc(OCCCc2c(C(=O)O)nc(N3CCc4c(C3)c(C(=O)Nc3nc5c(cccc5)s3)ccc4)s2)cc1F,CMJXJCGTPSKCLA-UHFFFAOYSA-N,CMJXJCGTPSKCLA,7.06,Inhibitor
41,CC(C)C(C(=O)O)N1C(=O)C(=Cc2ccc(Br)cc2)SC1=S,COHIEJLWRGREHV-UHFFFAOYSA-N,COHIEJLWRGREHV,4.99,Non-inhibitor
42,COc1cc(CCCN2CCOCC2)ccc1-c1ccc(C(=O)NS(=O)(=O)c2cc([N+](=O)[O-])c(NCCSc3ccccc3)cc2)cc1,CQROJTWBKHLEEF-UHFFFAOYSA-N,CQROJTWBKHLEEF,6.4,Non-inhibitor
43,O=C(O)CSc1cc(NS(=O)(=O)c2ccc(Oc3ccccc3)cc2)c2ccccc2c1O,CTGZINWTGVOSRK-UHFFFAOYSA-N,CTGZINWTGVOSRK,5.12,Non-inhibitor
44,N#CC1=C2C(=NC1=O)c1cccc3c(Sc4ccc(Br)cc4)ccc2c13,CUHJCLMNTIZWTC-UHFFFAOYSA-N,CUHJCLMNTIZWTC,6.42,Non-inhibitor
45,Cc1ccc(C=CC(=O)Nc2ccc(C(=O)NS(=O)(=O)c3ccc(NCCSc4ccccc4)c([N+](=O)[O-])c3)cc2)cc1,CVFWGBJTNLJJTN-UHFFFAOYSA-N,CVFWGBJTNLJJTN,5.82,Non-inhibitor
46,O=C(NS(=O)(=O)c1ccccc1)C(Cc1ccc(Br)cc1)N1C(=O)C(=Cc2ccc(-c3ccccc3)cc2)SC1=S,CXRBQDDMZGRFEW-UHFFFAOYSA-N,CXRBQDDMZGRFEW,6.28,Non-inhibitor
47,CCCCCCN=C1C(=O)NC2=C1c1c3c2cccc3c(Sc2ccc(N)cc2)cc1,CYNWXFDDCZREMK-UHFFFAOYSA-N,CYNWXFDDCZREMK,7.1,Inhibitor
48,CCCCCC1(OC)CCN(c2ccc(C(=O)NS(=O)(=O)c3ccc(NC(CCN(C)C)CSc4ccccc4)c([N+](=O)[O-])c3)cc2)CC1,CZLQACGGHTVULL-UHFFFAOYSA-N,CZLQACGGHTVULL,7.7,Inhibitor
49,COC1(CC2CCCCC2)CCN(c2ccc(C(=O)NS(=O)(=O)c3ccc(NC(CCN(C)C)CSc4ccccc4)c([N+](=O)[O-])c3)cc2)CC1,DCSVWHMROUAKRB-UHFFFAOYSA-N,DCSVWHMROUAKRB,8.18,Inhibitor
50,CN(C)CCCCC(CSc1ccccc1)Nc1ccc(S(=O)(=O)NC(=O)c2ccc(N3CCC(C)(C)CC3)cc2)cc1[N+](=O)[O-],DCUPDSTXISCXNY-UHFFFAOYSA-N,DCUPDSTXISCXNY,7.14,Inhibitor
51,NCC1Cc2c(cccc2)CN1C(=O)c1cc2c(cc1-c1cc(C(=O)N(c3ccccc3)c3ccc(O)cc3)c3CCCCn13)OCO2,DGHTZFILMXYOAS-UHFFFAOYSA-N,DGHTZFILMXYOAS,9.44,Inhibitor
52,CC(=O)OCOC(=O)c1ccc(C(Cl)=CC2C=C(C)CC3CC(CCN=[N+]=[N-])C=CC23C(=O)OCOC(C)=O)cc1,DIACDDABYDEERE-UHFFFAOYSA-N,DIACDDABYDEERE,5.84,Non-inhibitor
53,O=C(Nc1c(O)c(O)c(O)cc1C(=O)NCCCc1ccccc1)c1ccccc1,DINUCAJXYUJGEX-UHFFFAOYSA-N,DINUCAJXYUJGEX,5.09,Non-inhibitor
54,COc1cc(Oc2ccc3C4=C(C#N)C(=O)N=C4c4cccc2c43)ccc1,DJPQAPIYCYUTLR-UHFFFAOYSA-N,DJPQAPIYCYUTLR,4.78,Non-inhibitor
55,CCc1c(-c2cc(Oc3ccc(F)cc3)ccc2)c2c(nc(-c3cccnc3)nc2NC(C)C(=O)O)s1,DKICDFPYBOYAMS-UHFFFAOYSA-N,DKICDFPYBOYAMS,5.39,Non-inhibitor
56,CC(C)Oc1ccc(-c2cc(C(=O)O)nn2-c2ccc(C(C)C)cc2)cc1,DMCZSKBVBDIGON-UHFFFAOYSA-N,DMCZSKBVBDIGON,5.28,Non-inhibitor
57,COC1(Cc2ccc(Cl)cc2)CCN(c2ccc(C(=O)NS(=O)(=O)c3ccc(NC(CCN(C)C)CSc4ccccc4)c([N+](=O)[O-])c3)cc2)CC1,DQHWJPZEYONOKC-UHFFFAOYSA-N,DQHWJPZEYONOKC,8.57,Inhibitor
58,O=C(NS(=O)(=O)c1cc([N+](=O)[O-])c(Cl)cc1)C(Cc1c[nH]c2c1cccc2)N1C(=O)C(=Cc2ccc(-c3ccc([N+](=O)[O-])cc3)cc2)SC1=S,DRLAKLBLFLVOAY-UHFFFAOYSA-N,DRLAKLBLFLVOAY,6.12,Non-inhibitor
59,O=C(O)c1c(NS(=O)(=O)N2CCN(c3ccccc3)CC2)ccc(SCCc2ccccc2)c1,DTSFWGSGVLNQNG-UHFFFAOYSA-N,DTSFWGSGVLNQNG,4.93,Non-inhibitor
60,CN(C)CCC(CSc1ccccc1)Nc1ccc(S(=O)(=O)NC(=O)c2ccc(N3CCC(C)(C)CC3)cc2)cc1[N+](=O)[O-],DWEHITNKTMMZBR-UHFFFAOYSA-N,DWEHITNKTMMZBR,5.69,Non-inhibitor
61,CN1CCN(CCCNC(=O)c2c(-c3ccccc3)c(-c3ccc(Cl)cc3)cn2CCC(O)CO)CC1,DXJMWRCEEVNUJU-UHFFFAOYSA-N,DXJMWRCEEVNUJU,4.11,Non-inhibitor
62,COC(=O)c1nn(-c2ccc(Oc3ccccc3)cc2)c(-c2ccc(OC(C)C)cc2)c1NC(=O)c1ccc(OC(C)C)cc1,DYUSLCVTUPNKTB-UHFFFAOYSA-N,DYUSLCVTUPNKTB,5.29,Non-inhibitor
63,CC(C)CC(C(=O)O)N1C(=O)C(=Cc2ccc(Br)cc2)SC1=S,DZWDQBUUVQBNOI-UHFFFAOYSA-N,DZWDQBUUVQBNOI,5.13,Non-inhibitor
64,CC(=Cc1csc(C)n1)C1CC2OC2(C)CCCC(C)C(O)C(C)C(=O)C(C)(C)C(O)CC(=O)N1,FABUFPQFXZVHFB-UHFFFAOYSA-N,FABUFPQFXZVHFB,6.47,Non-inhibitor
65,Cc1ccc(Oc2ccc3C4=C(C#N)C(=O)N=C4c4cccc2c43)cc1,FARGPDWBASZQBS-UHFFFAOYSA-N,FARGPDWBASZQBS,6.35,Non-inhibitor
66,COc1c(C=C2N=C(C)C=C2C)[nH]c(-c2cc3c(cccc3)[nH]2)c1,FAXHWWPCICIRHY-UHFFFAOYSA-N,FAXHWWPCICIRHY,5.96,Non-inhibitor
67,CCNS(=O)(=O)c1cccc(-c2nc(NC(C)C(=O)O)c3c(-c4cc(Oc5ccc(F)cc5)ccc4)c(CC)sc3n2)c1,FCCICGZGYLPBLZ-UHFFFAOYSA-N,FCCICGZGYLPBLZ,5.89,Non-inhibitor
68,Cc1ccc(-c2ccc(C=C3SC(=S)N(C(Cc4c[nH]c5c4cccc5)C(=O)NS(=O)(=O)c4ccc([N+](=O)[O-])cc4)C3=O)cc2)cc1,FHAPCOWJLYRGAU-UHFFFAOYSA-N,FHAPCOWJLYRGAU,6.14,Non-inhibitor
69,CN(C)CCC(CSc1ccccc1)Nc1ccc(S(=O)(=O)NC(=O)c2ccc(N3CCC(=Cc4ccc(C(F)(F)F)cc4)CC3)cc2)cc1[N+](=O)[O-],FIFOMEJSIJQOII-UHFFFAOYSA-N,FIFOMEJSIJQOII,8.03,Inhibitor
70,O=C(O)c1ccc(COc2ccc(C=C3SC(=S)N(c4cccc([N+](=O)[O-])c4)C3=O)cc2)cc1,FIFUZOWYLOVRTK-UHFFFAOYSA-N,FIFUZOWYLOVRTK,5.02,Non-inhibitor
71,CC(C)(C)OC(=O)NC(Cc1ccc(OCc2ccc(-c3ccccc3)cc2)cc1)C(=O)NS(=O)(=O)c1ccccc1,FIFXTAZOBYNZDX-UHFFFAOYSA-N,FIFXTAZOBYNZDX,5.28,Non-inhibitor
72,COc1cc2c(cc1)n(-c1ccc(-c3ccccc3)cc1)c(C)c2CC(=O)NS(=O)(=O)c1cc([N+](=O)[O-])c(Cl)cc1,FKXWXYXUWSNWMO-UHFFFAOYSA-N,FKXWXYXUWSNWMO,6.14,Non-inhibitor
73,COc1cc(CCCN2CCOCC2)ccc1-c1ccc(C(=O)NS(=O)(=O)c2ccc(NC(CCCCN)CSc3ccccc3)c([N+](=O)[O-])c2)cc1,FKXZASURJKOHMN-UHFFFAOYSA-N,FKXZASURJKOHMN,7.16,Inhibitor
74,CCOc1ccccc1N=Nc1c(O)n(-c2cc(-c3ccc(C(C)C)cc3)cc(O)c2)nc1C,FNEUIXJSXFRWNA-UHFFFAOYSA-N,FNEUIXJSXFRWNA,5.72,Non-inhibitor
75,N#CC1=C2C(=NC1=O)c1cccc3c(Sc4ccc(N)cc4)ccc2c13,FNSJVQXUTIKAPS-UHFFFAOYSA-N,FNSJVQXUTIKAPS,6.493333333333333,Non-inhibitor
76,CC1(C)CCN(c2ccc(C(=O)NS(=O)(=O)c3ccc(NC(C)(C)CSc4ccccc4)c([N+](=O)[O-])c3)cc2)CC1,FQHHQKOASLDQEQ-UHFFFAOYSA-N,FQHHQKOASLDQEQ,7.17,Inhibitor
77,Cc1cc(OCCCc2c(C(=O)O)[nH]c3ccccc23)cc(C)c1Cl,FQKXEZIKGBCCDX-UHFFFAOYSA-N,FQKXEZIKGBCCDX,5.28,Non-inhibitor
78,Cc1cc(OCCCc2c3C(=O)N(c4cc(C(=O)O)cc5c4ccn5C)CC(C)n3c3c2ccc(Cl)c3-c2c(C)n(C)nc2C)cc(C)c1Cl,FRTKAQXJOWYVMP-UHFFFAOYSA-N,FRTKAQXJOWYVMP,6.2,Non-inhibitor
79,COc1cc2c(cc1)n(-c1ccc(-c3ccccc3)cc1)c(C)c2CC(=O)NC(Cc1ccccc1)C(=O)NS(=O)(=O)c1ccccc1,FSBNKYLJYHSZQQ-UHFFFAOYSA-N,FSBNKYLJYHSZQQ,6.46,Non-inhibitor
80,O=C(NS(=O)(=O)c1ccc([N+](=O)[O-])cc1)C(Cc1c[nH]c2c1cccc2)N1C(=O)C(=Cc2ccc(-c3ccc(C(F)(F)F)cc3)cc2)SC1=S,FTQQMZTZACZYNK-UHFFFAOYSA-N,FTQQMZTZACZYNK,6.12,Non-inhibitor
81,Cc1cc(OCCCc2c3C(=O)N(c4ccc(C(=O)O)cc4)CC(C)n3c3c2ccc(Cl)c3-c2c(C)n(C)nc2C)cc(C)c1Cl,FVMYYFICWLSGRT-UHFFFAOYSA-N,FVMYYFICWLSGRT,6.16,Non-inhibitor
82,O=C(Nc1ccc(C(=O)NS(=O)(=O)c2ccc(NCCSc3ccccc3)c([N+](=O)[O-])c2)cc1)c1ccc(Br)cc1,FXSMHFOLAPYERG-UHFFFAOYSA-N,FXSMHFOLAPYERG,6.12,Non-inhibitor
83,COc1ccc(-c2ccc(Cn3cc(C(=O)NC(Cc4ccccc4)C(=O)NS(=O)(=O)c4ccccc4)c4c3cccc4)cc2)cc1,FZPKHPKXYXMOKY-UHFFFAOYSA-N,FZPKHPKXYXMOKY,5.89,Non-inhibitor
84,COc1cc2c(cc1)n(-c1ccc(-c3ccccc3)cc1)c(C)c2CC(=O)NC(Cc1ccccc1)C(=O)NS(=O)(=O)c1ccc(Cl)cc1,GCCFSEZTYCYUSV-UHFFFAOYSA-N,GCCFSEZTYCYUSV,6.04,Non-inhibitor
85,Cc1c(-c2c(C)cc3c(C(C)C)c(O)c(O)c(C=NCCCCC(=O)O)c3c2O)c(O)c2c(C=NCCCCC(=O)O)c(O)c(O)c(C(C)C)c2c1,GCCMPDWACUITTL-UHFFFAOYSA-N,GCCMPDWACUITTL,6.77,Inhibitor
86,N#CC1=C2C3=CC=C(N4CCSCC4)C4=CC=CC(C2=NC1=O)C43,GESSOJAUHWSJSK-UHFFFAOYSA-N,GESSOJAUHWSJSK,6.51,Inhibitor
87,Cc1cc(OCCCc2c(C(=O)O)sc3ccccc23)cc(C)c1Cl,GFWMYYSJLSUPMD-UHFFFAOYSA-N,GFWMYYSJLSUPMD,5.28,Non-inhibitor
88,COc1cc(CCCO)ccc1-c1ccc(C(=O)NS(=O)(=O)c2ccc(NCCSc3ccccc3)c([N+](=O)[O-])c2)cc1,GGWKUJZJEAKEPL-UHFFFAOYSA-N,GGWKUJZJEAKEPL,6.14,Non-inhibitor
89,O=C(NS(=O)(=O)c1ccc([N+](=O)[O-])cc1)C(Cc1ccc(Br)cc1)N1C(=O)C(=Cc2ccc(-c3ccc([N+](=O)[O-])cc3)cc2)SC1=S,GJNNQNGEIJNCML-UHFFFAOYSA-N,GJNNQNGEIJNCML,6.44,Non-inhibitor
90,CC1=CC(C=C(Cl)c2ccc(C(=O)O)cc2)C2(C(=O)O)C=CC(CCOC(=O)Nc3cccc(Cl)c3)CC2C1,GJSWPAKXPWSLBP-UHFFFAOYSA-N,GJSWPAKXPWSLBP,5.97,Non-inhibitor
91,CCc1c(-c2cc(Oc3ccc(F)cc3)ccc2)c2c(nc(S(C)(=O)=O)nc2NC(C)C(=O)O)s1,GKAYHCBMJWZNSQ-UHFFFAOYSA-N,GKAYHCBMJWZNSQ,4.29,Non-inhibitor
92,O=C(Nc1nc2c(cccc2)s1)c1c2CN(c3nc(C(=O)O)c(CCCOc4ccccc4)s3)CCc2ccc1,GMBBUSJVBYODHI-UHFFFAOYSA-N,GMBBUSJVBYODHI,5.36,Non-inhibitor
93,CCOc1ccc(-c2cc(C(=O)O)nn2-c2ccc(Oc3ccccc3)cc2)cc1,GRDDGUBYUUVVGI-UHFFFAOYSA-N,GRDDGUBYUUVVGI,6.16,Non-inhibitor
94,CN(C)CCCNc1c2cnn(-c3ccc(OCCCc4c(C(=O)O)nc(N5CCc6c(C5)c(C(=O)Nc5nc7c(cccc7)s5)ccc6)s4)cc3)c2ncn1,GSBDKZDDNFVAFT-UHFFFAOYSA-N,GSBDKZDDNFVAFT,6.62,Inhibitor
95,COc1cc(CCN(C)C)ccc1-c1ccc(C(=O)NS(=O)(=O)c2ccc(NCCSc3ccccc3)c([N+](=O)[O-])c2)cc1,GSUCANPGMCMCOQ-UHFFFAOYSA-N,GSUCANPGMCMCOQ,5.49,Non-inhibitor
96,O=C(NS(=O)(=O)c1ccc(NC2CCOCC2)c([N+](=O)[O-])c1)c1ccc(N2CCN(CC3=C(c4ccc(Cl)cc4)COCC3)CC2)cc1,GSWRZNMSLAHDFX-UHFFFAOYSA-N,GSWRZNMSLAHDFX,7.23,Inhibitor
97,O=C(O)CSc1cc(NS(=O)(=O)c2cccs2)c2ccccc2c1O,GVAXUAIZKLJWSB-UHFFFAOYSA-N,GVAXUAIZKLJWSB,4.26,Non-inhibitor
98,CN(C)CCC(CSc1ccccc1)Nc1ccc(S(=O)(=O)NC(=O)c2ccc(N3CCN(Cc4ccccc4)CC3)cc2)cc1[N+](=O)[O-],GVUHBRBKGLCYFC-UHFFFAOYSA-N,GVUHBRBKGLCYFC,7.4,Inhibitor
99,CC1=C(C2=C(C)C(=O)c3c(cc(O)c(O)c3C(C)C)C2=O)C(=O)c2c(C1=O)c(C(C)C)c(O)c(O)c2,GYYXKPBLWDDQQK-UHFFFAOYSA-N,GYYXKPBLWDDQQK,7.46,Inhibitor
100,COC(=O)CCCCN=Cc1c2c(O)c(-c3c(C)cc4c(C(C)C)c(O)c(O)c(C=NCCCCC(=O)OC)c4c3O)c(C)cc2c(C(C)C)c(O)c1O,GZSJFIAESZNUFR-UHFFFAOYSA-N,GZSJFIAESZNUFR,6.74,Inhibitor
101,O=C(O)c1c(CCCOc2ccc3CCCCc3c2)c2cccc3c2n1CCS3,HASLVVNHEHIJPI-UHFFFAOYSA-N,HASLVVNHEHIJPI,5.36,Non-inhibitor
102,CONC(=O)C1CC=C(CCC=C(C)C)CC1c1ccccc1,HBECBMVZZAFGQI-UHFFFAOYSA-N,HBECBMVZZAFGQI,5.595000000000001,Non-inhibitor
103,CC(C)(C)c1ccc(OCCCn2ccc3cc(OCc4c(C(=O)O)cccc4)ccc32)cc1,HBHKYDJZELTNAN-UHFFFAOYSA-N,HBHKYDJZELTNAN,6.77,Inhibitor
104,COc1cc(CCCN2CCOCC2)ccc1-c1ccc(C(=O)NS(=O)(=O)c2cc([N+](=O)[O-])c(NC(CCCCN(C)C)CSc3ccccc3)cc2)cc1,HCRVHCSWPNGASC-UHFFFAOYSA-N,HCRVHCSWPNGASC,7.23,Inhibitor
105,Cc1cc(OCCCc2c3C(=O)N(c4cc(C(=O)O)cc5c4OCO5)CC(C)n3c3c2ccc(Cl)c3-c2c(C)n(C)nc2C)cc(C)c1Cl,HEVVLFVAUFXERT-UHFFFAOYSA-N,HEVVLFVAUFXERT,6.2,Non-inhibitor
106,Cc1cc(OCCCc2c3C(=O)N(c4cccc5c(C(=O)O)cccc45)CCCn3c3c2ccc(Cl)c3-c2c(C)n(C)nc2C)cc(C)c1Cl,HHCOJLNHWQAODR-UHFFFAOYSA-N,HHCOJLNHWQAODR,6.6,Inhibitor
107,CC1=NN(c2nc(-c3ccccc3)cs2)C(=O)C1=Cc1ccccc1,HIIYEICTFMETLT-UHFFFAOYSA-N,HIIYEICTFMETLT,5.72,Non-inhibitor
108,Cc1nn(Cc2ccccc2)cc1-c1ccc(N2CCc3c(C2)c(C(=O)Nc2nc4c(cccc4)s2)ccc3)nc1C(=O)O,HMDJUGGGZMLBPA-UHFFFAOYSA-N,HMDJUGGGZMLBPA,6.38,Non-inhibitor
109,CC(C)c1c(O)c(O)c(O)c(C(=O)Nc2ccccc2)c1,HMVKMSUSFWLQLX-UHFFFAOYSA-N,HMVKMSUSFWLQLX,4.640000000000001,Non-inhibitor
110,CC(C(=O)NS(=O)(=O)c1ccccc1)N1C(=O)C(=Cc2ccc(-c3ccccc3)cc2)SC1=S,HNCWMGXOYHLERW-UHFFFAOYSA-N,HNCWMGXOYHLERW,5.62,Non-inhibitor
111,O=C(C=Cc1cccc(Cl)c1)Nc1ccc(C(=O)NS(=O)(=O)c2ccc(NCCSc3ccccc3)c([N+](=O)[O-])c2)cc1,HNCYBOXDZDUUEO-UHFFFAOYSA-N,HNCYBOXDZDUUEO,5.89,Non-inhibitor
112,CC(C)=CCCC1=CCC(C(=O)NO)C(c2ccccc2)C1,HVCBSZZKWHLAJI-UHFFFAOYSA-N,HVCBSZZKWHLAJI,6.19,Non-inhibitor
113,O=C(C=Cc1ccc(Cl)cc1)Nc1ccc(C(=O)NS(=O)(=O)c2ccc(NCCSc3ccccc3)c([N+](=O)[O-])c2)cc1,HVFCPAJZPFPRJF-UHFFFAOYSA-N,HVFCPAJZPFPRJF,5.96,Non-inhibitor
114,O=C(O)c1ccc(COc2ccc(C=C3SC(=S)N(c4ccc(I)cc4)C3=O)cc2)cc1,HWNSQXHWQPBURT-UHFFFAOYSA-N,HWNSQXHWQPBURT,5.37,Non-inhibitor
115,CC(C)CC(C(=O)O)N1C(=O)C(=C(c2ccccc2)c2ccccc2)SC1=S,HXLIPKYDERBHRB-UHFFFAOYSA-N,HXLIPKYDERBHRB,4.24,Non-inhibitor
116,CCc1c(-c2cc(Oc3ccc(F)cc3)ccc2)c2c(ncnc2NC(Cc2ccccc2)C(=O)O)s1,IAYHNWPUEMDPER-UHFFFAOYSA-N,IAYHNWPUEMDPER,4.62,Non-inhibitor
117,CN(C)CCC(CSc1ccccc1)Nc1ccc(S(=O)(=O)NC(=O)c2ccc(N3CCC(=Cc4ccc(Cl)cc4)CC3)cc2)cc1[N+](=O)[O-],ICIOZGCFQLUXKY-UHFFFAOYSA-N,ICIOZGCFQLUXKY,8.68,Inhibitor
118,Cc1cc(OCCCc2c(C(=O)O)n3CCOc4c(Cl)ccc2c43)cc(C)c1Cl,IDBFWRWCAUOMEX-UHFFFAOYSA-N,IDBFWRWCAUOMEX,5.89,Non-inhibitor
119,CC1(C)CCN(c2ccc(C(=O)NS(=O)(=O)c3ccc(NC(CCCCN)CSc4ccccc4)c([N+](=O)[O-])c3)cc2)CC1,IDCSZNWAMXYUBR-UHFFFAOYSA-N,IDCSZNWAMXYUBR,6.64,Inhibitor
120,COC(=O)C1=C(N)Oc2c(cc(Br)cc2)C1C(C#N)C(=O)OC,IDGGDTNLWOIBDA-UHFFFAOYSA-N,IDGGDTNLWOIBDA,5.05,Non-inhibitor
121,Cc1cc2c(cc(O)c(O)c2C(=O)Cc2ccccc2)c(O)c1-c1c(C)cc2c(C(=O)Cc3ccccc3)c(O)c(O)cc2c1O,IDXSKODLTDOMPF-UHFFFAOYSA-N,IDXSKODLTDOMPF,6.44,Non-inhibitor
122,CC1=C(C2=C(C)C(=O)c3c(cc(O)c(O)c3Cc3ccccc3)C2=O)C(=O)c2c(C1=O)c(Cc1ccccc1)c(O)c(O)c2,IEJPMWKHSOLTHK-UHFFFAOYSA-N,IEJPMWKHSOLTHK,7.1866666666666665,Inhibitor
123,CCc1c(CC)c2c(ncnc2NC(C)C(=O)O)s1,IFPPLDHQMXCVAD-UHFFFAOYSA-N,IFPPLDHQMXCVAD,4.13,Non-inhibitor
124,N#CC1=C(C#N)c2c3c(cccc3c(Sc3ccc(Br)cc3)cc2)C1=O,IFUUTGNBTBDNHL-UHFFFAOYSA-N,IFUUTGNBTBDNHL,5.956666666666667,Non-inhibitor
125,COC(=O)c1ccc(-c2ccc(C=C3SC(=S)N(C(Cc4ccc(Br)cc4)C(=O)NS(=O)(=O)c4ccccc4)C3=O)cc2)cc1,ILOVQOYZWXOETN-UHFFFAOYSA-N,ILOVQOYZWXOETN,6.34,Non-inhibitor
126,O=C(NS(=O)(=O)c1ccccc1)C(Cc1ccccc1)N1C(=O)NC(Cc2ccc(-c3ccc(Cl)cc3)cc2)C1=O,IOLZHRHPTTWVJE-UHFFFAOYSA-N,IOLZHRHPTTWVJE,4.72,Non-inhibitor
127,COC(=O)CCCN=Cc1c2c(O)c(-c3c(C)cc4c(C(C)C)c(O)c(O)c(C=NCCCC(=O)OC)c4c3O)c(C)cc2c(C(C)C)c(O)c1O,IOXKTMYZXBRGSF-UHFFFAOYSA-N,IOXKTMYZXBRGSF,6.496666666666666,Non-inhibitor
128,O=c1c(O)cc(C2Oc3c(CC2O)c(O)cc(O)c3)cc2c1c(O)c(O)cc2C1Oc2c(CC1O)c(O)cc(O)c2,IPMYMEWFZKHGAX-UHFFFAOYSA-N,IPMYMEWFZKHGAX,6.16,Non-inhibitor
129,COc1cc2c(cc1)n(-c1ccc(-c3ccccc3)cc1)c(C)c2CC(=O)NC(Cc1ccccc1)C(=O)NS(=O)(=O)c1ccc([N+](=O)[O-])cc1,IPVDHLKVFOLIKD-UHFFFAOYSA-N,IPVDHLKVFOLIKD,6.04,Non-inhibitor
130,Cc1cc(OCCCc2c3C(=O)N(c4cc(C(=O)O)cc5c4OCO5)CCCn3c3c2ccc(Cl)c3-c2c(C)n(C)nc2C)cc(C)c1Cl,IPYGEWCBSZWZNU-UHFFFAOYSA-N,IPYGEWCBSZWZNU,6.26,Non-inhibitor
131,CC1=CC(C=C(Cl)c2ccc(C(=O)O)cc2)C2(C(=O)O)C=CC(CCOC(=O)c3ccc(Oc4cnccc4)cc3)CC2C1,ISVVPPOKPVDMHF-UHFFFAOYSA-N,ISVVPPOKPVDMHF,5.75,Non-inhibitor
132,CN(C)C(=O)CC(CSc1ccccc1)Nc1ccc(S(=O)(=O)NC(=O)c2ccc(N3CCC(C)(C)CC3)cc2)cc1[N+](=O)[O-],ITEIWMMRRYTVOC-UHFFFAOYSA-N,ITEIWMMRRYTVOC,7.12,Inhibitor
133,Cc1c(-c2ccc(N3CCc4c(C3)c(C(=O)Nc3nc5c(cccc5)s3)ccc4)nc2C(=O)O)cnn1Cc1ccccc1,IVYAPAVPDRSPOG-UHFFFAOYSA-N,IVYAPAVPDRSPOG,7.16,Inhibitor
134,CCCCNC(=O)c1cc(O)c(O)c(O)c1NC(=O)c1ccccc1,IWZMHFXKLAUBEP-UHFFFAOYSA-N,IWZMHFXKLAUBEP,5.72,Non-inhibitor
135,Cc1ccccc1C=CC(=O)Nc1ccc(C(=O)NS(=O)(=O)c2ccc(NCCSc3ccccc3)c([N+](=O)[O-])c2)cc1,IYNYVDXHLBFLIF-UHFFFAOYSA-N,IYNYVDXHLBFLIF,5.77,Non-inhibitor
136,O=C(NC(Cc1ccccc1)C(=O)NS(=O)(=O)c1ccc(Cl)c([N+](=O)[O-])c1)c1cn(Cc2ccc(-c3ccccc3)cc2)c2c1cccc2,JBFLNNJFYIKVDD-UHFFFAOYSA-N,JBFLNNJFYIKVDD,5.58,Non-inhibitor
137,Cc1cc(Oc2ccc3C4=C(C#N)C(=O)N=C4c4cccc2c43)ccc1,JECDGNOBGBDIPY-UHFFFAOYSA-N,JECDGNOBGBDIPY,5.22,Non-inhibitor
138,CCCCCC(=O)NC(Cc1ccc(OCc2ccc(-c3ccccc3)cc2)cc1)C(=O)NS(=O)(=O)c1ccc(Cl)c([N+](=O)[O-])c1,JEOIJXVKYVIEPU-UHFFFAOYSA-N,JEOIJXVKYVIEPU,6.25,Non-inhibitor
139,CC(=O)OCOC(=O)c1ccc(C(Cl)=CC2C=C(C)CC3CC(CCn4cc(-c5ccccc5)nn4)C=CC23C(=O)OCOC(C)=O)cc1,JIWLBMMRHHWXRO-UHFFFAOYSA-N,JIWLBMMRHHWXRO,5.59,Non-inhibitor
140,O=C(NS(=O)(=O)c1ccccc1)C(Cc1ccccc1)N1C(=O)C(=Cc2ccc(-c3ccc([N+](=O)[O-])cc3)cc2)SC1=S,JJSBHPCPSWWCPR-UHFFFAOYSA-N,JJSBHPCPSWWCPR,6.34,Non-inhibitor
141,COc1ccc(-c2ccc(Cn3cc(C(=O)NC(Cc4c[nH]c5ccccc45)C(=O)NS(=O)(=O)c4ccc(C)cc4)c4c3cccc4)cc2)cc1,JNTPUFJEJAHTHK-UHFFFAOYSA-N,JNTPUFJEJAHTHK,6.12,Non-inhibitor
142,CC(C)(C)OC(=O)N1CCN(c2ccc(C(=O)NS(=O)(=O)c3ccc(NCCSc4ccccc4)c([N+](=O)[O-])c3)cc2)CC1,JOSXDEOFVWZBBY-UHFFFAOYSA-N,JOSXDEOFVWZBBY,5.54,Non-inhibitor
143,COc1ccccc1C=CC(=O)Nc1ccc(C(=O)NS(=O)(=O)c2ccc(NCCSc3ccccc3)c([N+](=O)[O-])c2)cc1,JPYRVUWFSUOEJM-UHFFFAOYSA-N,JPYRVUWFSUOEJM,6.14,Non-inhibitor
144,O=c1c2c(nc(-c3ccccc3)n1Cc1ccccc1)c(O)c(O)c(O)c2,JQFLKAJQKGNCSW-UHFFFAOYSA-N,JQFLKAJQKGNCSW,6.02,Non-inhibitor
145,O=C(NS(=O)(=O)c1ccc([N+](=O)[O-])cc1)C(Cc1ccccc1)N1C(=O)C(=Cc2ccc(-c3ccc([N+](=O)[O-])cc3)cc2)SC1=S,JRTFKILMXAYLJD-UHFFFAOYSA-N,JRTFKILMXAYLJD,6.1,Non-inhibitor
146,CC1=CC(C=C(Cl)c2ccc(C(=O)O)cc2)C2(C(=O)O)C=CC(CCOC(=O)c3ccc(Cl)cc3)CC2C1,JUYRRHZGQQHQDH-UHFFFAOYSA-N,JUYRRHZGQQHQDH,6.35,Non-inhibitor
147,COc1cc(C=CC(=O)Nc2ccc(C(=O)NS(=O)(=O)c3ccc(NCCSc4ccccc4)c([N+](=O)[O-])c3)cc2)ccc1,JVHXRIVLIHFPMN-UHFFFAOYSA-N,JVHXRIVLIHFPMN,5.72,Non-inhibitor
148,CCCC(=C1SC(=S)N(C(Cc2ccccc2)C(=O)O)C1=O)c1ccccc1,KAOXISQJUWHXIJ-UHFFFAOYSA-N,KAOXISQJUWHXIJ,4.92,Non-inhibitor
149,CCCCCCN=C1C(=O)NC2=C1c1c3c2cccc3c(Sc2ccc(OC)cc2)cc1,KAVJRUFVDNKWQL-UHFFFAOYSA-N,KAVJRUFVDNKWQL,6.69,Inhibitor
150,CN(C)CCC(CSc1ccccc1)Nc1ccc(S(=O)(=O)NC(=O)c2ccc(N3CCN(Cc4c(S(C)(=O)=O)cccc4)CC3)cc2)cc1[N+](=O)[O-],KAYBFGCVDVUQHJ-UHFFFAOYSA-N,KAYBFGCVDVUQHJ,8.34,Inhibitor
151,Cc1c(-c2c(O)c(C=O)c3c(O)c(O)c(C(C)C)cc3c2)c(O)c2c(C=O)c(O)c(O)c(C(C)C)c2c1,KCXHDKMLQFEYLA-UHFFFAOYSA-N,KCXHDKMLQFEYLA,6.5,Inhibitor
152,N#CC1=C(NCCC(=O)NCc2ccccc2)c2c3c(cccc3c(Sc3ccc(Br)cc3)cc2)C1=O,KELPOPKCIJFUJK-UHFFFAOYSA-N,KELPOPKCIJFUJK,5.98,Non-inhibitor
153,CC1=CC(C=C(Cl)c2ccc(C(=O)O)cc2)C2(C(=O)O)C=CC(CCn3cc(Cc4ccccc4)nn3)CC2C1,KGKLWZOGMACFGB-UHFFFAOYSA-N,KGKLWZOGMACFGB,5.65,Non-inhibitor
154,COc1cc(C(=O)N(C)C)ccc1-c1ccc(C(=O)NS(=O)(=O)c2ccc(NCCSc3ccccc3)c([N+](=O)[O-])c2)cc1,KHNPOKVVZDVXOH-UHFFFAOYSA-N,KHNPOKVVZDVXOH,5.7,Non-inhibitor
155,COC(=O)CCCCCN=Cc1c2c(O)c(-c3c(C)cc4c(C(C)C)c(O)c(O)c(C=NCCCCCC(=O)OC)c4c3O)c(C)cc2c(C(C)C)c(O)c1O,KMMRTGSXFORUFY-UHFFFAOYSA-N,KMMRTGSXFORUFY,6.46,Non-inhibitor
156,Cc1ccc(-c2ccc(OC3CC(C(=O)NC(Cc4ccccc4)C(=O)NS(=O)(=O)c4ccc(Cl)c([N+](=O)[O-])c4)N(C(=O)OC(C)(C)C)C3)cc2)cc1,KOYXUTSDUYAPIZ-UHFFFAOYSA-N,KOYXUTSDUYAPIZ,5.34,Non-inhibitor
157,CN(C)CCC(CSc1ccccc1)Nc1ccc(S(=O)(=O)NC(=O)c2ccc(N3CCN(Cc4ccccc4-c4cnccc4)CC3)cc2)cc1[N+](=O)[O-],KPJCNJSKWMADIG-UHFFFAOYSA-N,KPJCNJSKWMADIG,9.0,Inhibitor
158,Cc1cc(OCCCc2c3C(=O)N(c4cc5c(ccn5C)c(C(=O)O)c4)CC(C)n3c3c2ccc(Cl)c3-c2c(C)n(C)nc2C)cc(C)c1Cl,KRPZNIACIZJAQA-UHFFFAOYSA-N,KRPZNIACIZJAQA,6.11,Non-inhibitor
159,Cc1cc2c(c(O)c1-c1c(C)cc3c(C(C)C)c(O)c(O)c(C=NCC(=O)O)c3c1O)c(C=NCC(=O)O)c(O)c(O)c2C(C)C,KSUWNCNJOCESIT-UHFFFAOYSA-N,KSUWNCNJOCESIT,6.65,Inhibitor
160,CSCCC(C(=O)NS(=O)(=O)c1ccccc1)N1C(=O)C(=Cc2ccc(-c3ccccc3)cc2)SC1=S,KXVJEFFCRYTEOE-UHFFFAOYSA-N,KXVJEFFCRYTEOE,6.02,Non-inhibitor
161,COC(=O)C12C=CC(CC(=O)NCc3ccc(Cl)cc3)CC1CC(C)=CC2C=C(Cl)c1ccc(C(=O)O)cc1,KYNSNNQVXCQJPO-UHFFFAOYSA-N,KYNSNNQVXCQJPO,6.21,Non-inhibitor
162,O=C(O)C(Cc1ccccc1)N1C(=O)C(=Cc2ccc(OCOc3ccc(C=C4SC(=S)N(C(Cc5ccccc5)C(=O)O)C4=O)cc3)cc2)SC1=S,KYTPZOARRDNICZ-UHFFFAOYSA-N,KYTPZOARRDNICZ,5.37,Non-inhibitor
163,Cc1nn(-c2cc(-c3ccc(N(C)C)cc3)cc(O)c2)c(O)c1N=Nc1cc2c(cccc2)cc1,KZAHBIPISNRKLQ-UHFFFAOYSA-N,KZAHBIPISNRKLQ,4.47,Non-inhibitor
164,O=C(O)c1ccc(COc2ccc(C=C3SC(=S)N(c4ccc(Br)cc4)C3=O)cc2)cc1,KZIGHPDMLXCFDK-UHFFFAOYSA-N,KZIGHPDMLXCFDK,6.21,Non-inhibitor
165,CCc1c(-c2cc(Oc3ccc(F)cc3)ccc2)c2c(ncnc2NC(CC2CCCCC2)C(=O)O)s1,LAZOEPNCOREUPV-UHFFFAOYSA-N,LAZOEPNCOREUPV,5.09,Non-inhibitor
166,O=C(O)CSc1cc(NS(=O)(=O)c2cccc(-c3ccccc3)c2)c2ccccc2c1O,LBXNABMPJYFQLL-UHFFFAOYSA-N,LBXNABMPJYFQLL,5.11,Non-inhibitor
167,CC(C)C(C(=O)NS(=O)(=O)c1ccccc1)N1C(=O)C(=Cc2ccc(-c3ccccc3)cc2)SC1=S,LCGFXQFEZVBSNX-UHFFFAOYSA-N,LCGFXQFEZVBSNX,6.2,Non-inhibitor
168,Cc1cc(OCCCc2c(C(=O)O)sc3cc(Cl)ccc23)cc(C)c1Cl,LDHKTVULLKPADL-UHFFFAOYSA-N,LDHKTVULLKPADL,6.1,Non-inhibitor
169,O=C(Nc1nc2c(cccc2)s1)c1c2CN(c3nc(C(=O)O)c(CCCCOc4ccc(-n5ncc6c5ncnc6)cc4)s3)CCc2ccc1,LDYWUDKMPUSGDJ-UHFFFAOYSA-N,LDYWUDKMPUSGDJ,9.85,Inhibitor
170,N#CC1=C(O)c2cccc3c(Sc4ccc(Br)cc4)ccc(c23)C1=NCc1ccc(C(=O)O)cc1,LHRSKWOQRZASQS-UHFFFAOYSA-N,LHRSKWOQRZASQS,6.11,Non-inhibitor
171,O=C(Nc1nc2c(cccc2)s1)c1c2CN(c3nc(C(=O)O)c(CCCOc4ccc(-n5ncc6c5ncnc6)cc4)s3)CCc2ccc1,LMOJCFKMCAPGGY-UHFFFAOYSA-N,LMOJCFKMCAPGGY,6.77,Inhibitor
172,O=C(NS(=O)(=O)c1cccc([N+](=O)[O-])c1)C(Cc1ccccc1)N1C(=O)NC(Cc2ccc(-c3ccc(Cl)cc3)cc2)C1=O,LPRJNULURVOLPV-UHFFFAOYSA-N,LPRJNULURVOLPV,4.82,Non-inhibitor
173,CC(C)c1ccc(Oc2ccc3C4=C(C#N)C(=O)N=C4c4cccc2c43)cc1,LQPUNUIMIHGZEE-UHFFFAOYSA-N,LQPUNUIMIHGZEE,6.359999999999999,Non-inhibitor
174,O=C(OC1Cc2c(cc(O)cc2O)OC1c1cc(O)c(O)cc1)c1cc(O)c(O)c(O)c1,LSHVYAFMTMFKBA-UHFFFAOYSA-N,LSHVYAFMTMFKBA,6.52,Inhibitor
175,O=C(NS(=O)(=O)c1ccc(Cl)cc1)C(Cc1ccccc1)N1C(=O)C(=Cc2ccc(-c3ccccc3)cc2)SC1=S,LSRSDYUCERXVEN-UHFFFAOYSA-N,LSRSDYUCERXVEN,6.29,Non-inhibitor
176,CCCC(=C1SC(=S)N(C(CC(C)C)C(=O)O)C1=O)c1ccccc1,LTESOAGUHITHPM-UHFFFAOYSA-N,LTESOAGUHITHPM,4.87,Non-inhibitor
177,COC1(CC(C)(C)C)CCN(c2ccc(C(=O)NS(=O)(=O)c3ccc(NC(CCN(C)C)CSc4ccccc4)c([N+](=O)[O-])c3)cc2)CC1,LTNBYBULDRYDLJ-UHFFFAOYSA-N,LTNBYBULDRYDLJ,7.8,Inhibitor
178,CC(C)(C)OC(=O)NC(Cc1ccc(OCc2ccc(-c3ccccc3)cc2)cc1)C(=O)NS(=O)(=O)c1ccc(Cl)c([N+](=O)[O-])c1,LVVGGCOBLLAQGV-UHFFFAOYSA-N,LVVGGCOBLLAQGV,6.21,Non-inhibitor
179,O=C(O)c1c(CCCOc2cccc3ccccc23)c2cccc3c2n1CCO3,LWIJJFXBSZFQMN-UHFFFAOYSA-N,LWIJJFXBSZFQMN,5.24,Non-inhibitor
180,O=C(NS(=O)(=O)c1cc([N+](=O)[O-])c(Cl)cc1)C(Cc1ccccc1)N1C(=O)C(=Cc2ccc(-c3ccc([N+](=O)[O-])cc3)cc2)SC1=S,LXFPBEUNDZXSKO-UHFFFAOYSA-N,LXFPBEUNDZXSKO,5.62,Non-inhibitor
181,Cc1cc(OCCCn2ccc3ccc(OCc4ccccc4C(=O)O)cc32)cc(C)c1Cl,LXHWTNSLSUVRLQ-UHFFFAOYSA-N,LXHWTNSLSUVRLQ,5.98,Non-inhibitor
182,O=C(Nc1nc2c(cccc2)s1)c1c2CN(c3nc(C(=O)O)c(CCCOc4ccc(-n5cccn5)cc4)s3)CCc2ccc1,LYRRMZZQPATMEV-UHFFFAOYSA-N,LYRRMZZQPATMEV,6.82,Inhibitor
183,CN(C)CCC(CSc1ccccc1)Nc1ccc(S(=O)(=O)NC(=O)c2ccc(N3CCC4(CC3)CC(c3ccccc3)=NO4)cc2)cc1[N+](=O)[O-],MBESHNJYUQJFTA-UHFFFAOYSA-N,MBESHNJYUQJFTA,7.45,Inhibitor
184,Cc1ccc(S(=O)(=O)NC(=O)C(Cc2ccccc2)N2C(=O)C(=Cc3ccc(-c4ccccc4)cc3)SC2=S)cc1,MBJDUEXPIYPSAL-UHFFFAOYSA-N,MBJDUEXPIYPSAL,6.103333333333333,Non-inhibitor
185,Cc1cc(OCCCc2c(C(=O)O)[nH]c3cc(Cl)ccc23)cc(C)c1Cl,MCMWRWKXPXXZAS-UHFFFAOYSA-N,MCMWRWKXPXXZAS,6.06,Non-inhibitor
186,CCC(C)C(NC(=O)Cc1c(C)n(C(=O)c2ccc(Cl)cc2)c2ccc(OC)cc12)C(=O)NS(=O)(=O)c1ccc(Cl)c([N+](=O)[O-])c1,MEMCQBDMWSSWFT-UHFFFAOYSA-N,MEMCQBDMWSSWFT,5.31,Non-inhibitor
187,O=C(O)C(Cc1ccccc1)N1C(=O)C(=Cc2ccc(OCCOc3ccc(C=C4SC(=S)N(C(Cc5ccccc5)C(=O)O)C4=O)cc3)cc2)SC1=S,MEWOLNCWQUCYPM-UHFFFAOYSA-N,MEWOLNCWQUCYPM,5.77,Non-inhibitor
188,CSCCC(C(=O)O)N1C(=O)C(=Cc2ccc(Br)cc2)SC1=S,MGWJFVUZXCZWFY-UHFFFAOYSA-N,MGWJFVUZXCZWFY,4.16,Non-inhibitor
189,CCc1c(-c2cccc(Cl)c2C)c2c(ncnc2NC(Cc2ccccc2)C(=O)O)s1,MLKUMODNHNMDBV-UHFFFAOYSA-N,MLKUMODNHNMDBV,4.54,Non-inhibitor
190,COC(=O)CCN=Cc1c2c(O)c(-c3c(C)cc4c(C(C)C)c(O)c(O)c(C=NCCC(=O)OC)c4c3O)c(C)cc2c(C(C)C)c(O)c1O,MLTSXBOQPIPUPW-UHFFFAOYSA-N,MLTSXBOQPIPUPW,7.05,Inhibitor
191,O=C(NS(=O)(=O)c1ccc([N+](=O)[O-])cc1)C(Cc1c[nH]c2c1cccc2)N1C(=O)C(=Cc2ccc(-c3ccc(Cl)cc3)cc2)SC1=S,MLYRKALYFLZCFQ-UHFFFAOYSA-N,MLYRKALYFLZCFQ,6.17,Non-inhibitor
192,Cc1c(C(=O)NCCCN2CCN(C)CC2)c(-c2cc(N3CCN(c4ccc(NS(=O)(=O)c5ccccc5)cc4)CC3)ccc2)c(-c2ccc(Cl)cc2)n1C,MMOVKWAFRJUUCC-UHFFFAOYSA-N,MMOVKWAFRJUUCC,6.25,Non-inhibitor
193,CN(CCCc1ccccc1)S(=O)(=O)c1c(O)c(O)c(O)c(C(=O)N2CCc3c(cc(S(=O)(=O)NCCc4ccccc4)cc3)C2)c1,MSGQUTXPOGRULO-UHFFFAOYSA-N,MSGQUTXPOGRULO,6.96,Inhibitor
194,COC1(Cc2cc(Cl)ccc2)CCN(c2ccc(C(=O)NS(=O)(=O)c3ccc(NC(CCN(C)C)CSc4ccccc4)c([N+](=O)[O-])c3)cc2)CC1,MSYLNZXHGMUOOS-UHFFFAOYSA-N,MSYLNZXHGMUOOS,8.74,Inhibitor
195,COc1ccc(Oc2ccc3C4=C(C#N)C(=O)N=C4c4cccc2c43)cc1,MTVXIMCLUYDUHS-UHFFFAOYSA-N,MTVXIMCLUYDUHS,6.52,Inhibitor
196,Cc1cc(OCCCn2ccc3cc(OCc4ccc(C(=O)O)cc4)ccc32)cc(C)c1Cl,MURNSIIRTWLJOD-UHFFFAOYSA-N,MURNSIIRTWLJOD,5.85,Non-inhibitor
197,CCc1c(-c2cccc(Cl)c2C)c2c(ncnc2OC(Cc2ccccc2)C(=O)O)s1,MVZYIPCJBOOBGD-UHFFFAOYSA-N,MVZYIPCJBOOBGD,4.44,Non-inhibitor
198,COc1cc(CCC(=O)N(C)C)ccc1-c1ccc(C(=O)NS(=O)(=O)c2cc([N+](=O)[O-])c(NCCSc3ccccc3)cc2)cc1,MZLVRSXAQZHURB-UHFFFAOYSA-N,MZLVRSXAQZHURB,6.4,Non-inhibitor
199,O=C(NC(Cc1ccc(OCc2ccc(-c3ccccc3)cc2)cc1)C(=O)NS(=O)(=O)c1ccc(Cl)c([N+](=O)[O-])c1)c1ccc2ccccc2c1,MZTDRYAEWMJXGC-UHFFFAOYSA-N,MZTDRYAEWMJXGC,6.24,Non-inhibitor
200,CC(C(=O)N1CCOCC1)N1C(=O)C(=Cc2ccc(Br)cc2)SC1=S,NFLJIEYTKIMWIW-UHFFFAOYSA-N,NFLJIEYTKIMWIW,4.16,Non-inhibitor
201,CN(C)CCCC(CSc1ccccc1)Nc1ccc(S(=O)(=O)NC(=O)c2ccc(N3CCC(C)(C)CC3)cc2)cc1[N+](=O)[O-],NIOPGFLOQNHRPP-UHFFFAOYSA-N,NIOPGFLOQNHRPP,7.04,Inhibitor
202,O=C(O)c1c(CCCOc2cccc3ccccc23)c2cccc3c2n1CCS3,NKNPHHGNUNPDRP-UHFFFAOYSA-N,NKNPHHGNUNPDRP,5.51,Non-inhibitor
203,CC1(C)CCN(c2ccc(C(=O)NS(=O)(=O)c3ccc(NC(CCN4CCOCC4)CSc4ccccc4)c([N+](=O)[O-])c3)cc2)CC1,NLJIRQSWGBPYHN-UHFFFAOYSA-N,NLJIRQSWGBPYHN,6.695,Inhibitor
204,O=C(Nc1nc2c(cccc2)s1)c1c2CN(c3nc(C(=O)O)c(CCOc4cccc(-n5ncc6c5ncnc6)c4)s3)CCc2ccc1,NLTMWGNDANWOHE-UHFFFAOYSA-N,NLTMWGNDANWOHE,7.0,Inhibitor
205,O=C(Nc1nc2c(cccc2)s1)c1c2CN(c3ccc(-c4cn(Cc5ccccc5)nc4)c(C(=O)O)n3)CCc2ccc1,NMKBDYBTAFPYQG-UHFFFAOYSA-N,NMKBDYBTAFPYQG,6.93,Inhibitor
206,O=C(CCc1ccccc1)Nc1ccc(C(=O)NS(=O)(=O)c2ccc(NCCSc3ccccc3)c([N+](=O)[O-])c2)cc1,NNNSNOXNCDVQGR-UHFFFAOYSA-N,NNNSNOXNCDVQGR,5.36,Non-inhibitor
207,N#CC1=C(O)c2cccc3c(Sc4ccc(Br)cc4)ccc(c23)C1=NCCC(=O)NCCOCCO,NPKOQTZTCSRBST-UHFFFAOYSA-N,NPKOQTZTCSRBST,6.09,Non-inhibitor
208,Cc1ccc(S(=O)(=O)NC(=O)C(Cc2ccccc2)N2C(=O)NC(Cc3ccc(-c4cc(C)ccc4)cc3)C2=O)cc1,NQCKTLVJCZRTNE-UHFFFAOYSA-N,NQCKTLVJCZRTNE,4.89,Non-inhibitor
209,O=C(O)c1c(NS(=O)(=O)c2cc3c(cccc3)cc2)ccc(SCCc2ccccc2)c1,NSEKHDVVZNMXDE-UHFFFAOYSA-N,NSEKHDVVZNMXDE,5.25,Non-inhibitor
210,N#CC1=C(O)c2cccc3c(Sc4ccc(Br)cc4)ccc(c23)C1=NCCC(=O)NCc1ccc(C(=O)O)cc1,NTHOVYVBPQHFAA-UHFFFAOYSA-N,NTHOVYVBPQHFAA,6.8,Inhibitor
211,Cc1c(C(=O)N(c2ccc(O)cc2)c2cn(C)nc2)cc(-c2cc(Cl)ccc2C(=O)N2Cc3c(cccc3)CC2CN2CCOCC2)n1C,NUMXZEYOUGENSA-UHFFFAOYSA-N,NUMXZEYOUGENSA,8.469999999999999,Inhibitor
212,N#CC1=C(O)c2cccc3c(Sc4ccc(Br)cc4)ccc(c23)C1=NCCC(=O)NCc1c(C(=O)O)cccc1,NUUUGWOXRXZZKA-UHFFFAOYSA-N,NUUUGWOXRXZZKA,5.87,Non-inhibitor
213,Cc1c(-c2ccc(-c3c(C)oc4c(c(O)c(O)c(O)c4CC(C)C)c3=O)cc2)c(=O)c2c(o1)c(CC(C)C)c(O)c(O)c2O,NVRYRFIEVFCEGP-UHFFFAOYSA-N,NVRYRFIEVFCEGP,7.77,Inhibitor
214,Cc1c(C(=O)N(c2ccccc2)c2cnc3c(c2)CCN3C)cc(-c2cc(Cl)ccc2C(=O)N2Cc3c(cccc3)CC2CN2CCOCC2)n1C,NVVCFVDAKPTXMM-UHFFFAOYSA-N,NVVCFVDAKPTXMM,7.74,Inhibitor
215,O=C(O)C(Cc1ccccc1)N1C(=O)C(=Cc2ccc(Br)cc2)SC1=S,NWNRPXAZPNUBGV-UHFFFAOYSA-N,NWNRPXAZPNUBGV,4.85,Non-inhibitor
216,Cc1cc(OCCCc2c(C(=O)O)n3CCSc4cccc2c43)cc(C)c1Cl,NZEFYOHVASXLPS-UHFFFAOYSA-N,NZEFYOHVASXLPS,5.64,Non-inhibitor
217,O=C(O)CSc1c(O)c2c(cccc2)c(NS(=O)(=O)c2ccc(-c3ccc(Cl)cc3)cc2)c1,NZJRLTZEJDEFLT-UHFFFAOYSA-N,NZJRLTZEJDEFLT,5.21,Non-inhibitor
218,CN(C)C(=O)N1CCN(c2ccc(C(=O)NS(=O)(=O)c3ccc(NCCSc4ccccc4)c([N+](=O)[O-])c3)cc2)CC1,NZRSGQHCNCNOLL-UHFFFAOYSA-N,NZRSGQHCNCNOLL,5.45,Non-inhibitor
219,COc1cc(CCCN2CCOCC2)ccc1-c1ccc(C(=O)NS(=O)(=O)c2ccc(NC(CCN(C)C)CSc3ccccc3)c([N+](=O)[O-])c2)cc1,ODNXRXAXPHKAQQ-UHFFFAOYSA-N,ODNXRXAXPHKAQQ,6.305,Non-inhibitor
220,CC(C)c1cc2c(cc1)c(=Nc1ccc(Oc3ccccc3)cc1)c1c(c(O)c(O)c(O)c1)n2C(=O)c1ccc(C(C)(C)C)cc1,OHKYOKMELIFONA-UHFFFAOYSA-N,OHKYOKMELIFONA,7.25,Inhibitor
221,O=C1NC2=C(C1=NCCCc1ccccc1)c1ccc(Sc3ccc(OO)cc3)c3cccc2c13,OHUMWVDIZFUPRC-UHFFFAOYSA-N,OHUMWVDIZFUPRC,7.24,Inhibitor
222,CCOc1ccc(-c2c(NC(=O)c3ccccc3)c(C(=O)O)nn2-c2ccc(Oc3ccccc3)cc2)cc1,OMNHLSACIDVOIX-UHFFFAOYSA-N,OMNHLSACIDVOIX,6.07,Non-inhibitor
223,O=C(NC(Cc1ccccc1)C(=O)NS(=O)(=O)c1ccccc1)c1cn(Cc2ccc(-c3ccc(Cl)cc3)cc2)c2c1cccc2,OOVAAFLATYDMLI-UHFFFAOYSA-N,OOVAAFLATYDMLI,6.13,Non-inhibitor
224,O=C(NS(=O)(=O)c1ccc(Cl)c([N+](=O)[O-])c1)C(Cc1ccccc1)N1C(=O)NC(Cc2ccc(-c3ccc(Cl)cc3)cc2)C1=O,OQKABKQHXVJGKK-UHFFFAOYSA-N,OQKABKQHXVJGKK,5.43,Non-inhibitor
225,Cc1cc(C=CC(=O)Nc2ccc(C(=O)NS(=O)(=O)c3ccc(NCCSc4ccccc4)c([N+](=O)[O-])c3)cc2)ccc1,ORLFBORQSLQBHH-UHFFFAOYSA-N,ORLFBORQSLQBHH,5.77,Non-inhibitor
226,Cc1c(C(=O)N(c2ccc(O)cc2)c2cn(C)nc2)cc(-c2cc(Cl)ccc2C(=O)N2Cc3c(cccc3)CC2CN2CCN3CCOCC3C2)n1C,OSMMZUVYLQLXOG-UHFFFAOYSA-N,OSMMZUVYLQLXOG,8.455,Inhibitor
227,CC(C)=CCCC(C)C1C=CC2(C(=O)O)C(C=C(C)C3CCC(C(=O)O)CC3)C=C(C)CC2C1,OTBMTWUPWVANPM-UHFFFAOYSA-N,OTBMTWUPWVANPM,5.83,Non-inhibitor
228,Cc1cc(OCCCc2c3C(=O)N(c4cc5c(ccn5C)c(C(=O)O)c4)CCCn3c3c2ccc(Cl)c3-c2c(C)n(C)nc2C)cc(C)c1Cl,OTFAIFQJDQCNJT-UHFFFAOYSA-N,OTFAIFQJDQCNJT,6.24,Non-inhibitor
229,COc1cc(CCCN2CCOCC2)ccc1-c1ccc(C(=O)NS(=O)(=O)c2cc([N+](=O)[O-])c(NC(CCCN(C)C)CSc3ccccc3)cc2)cc1,OVYKEJLIVZMZRM-UHFFFAOYSA-N,OVYKEJLIVZMZRM,6.5,Inhibitor
230,CC1=CC(C=C(Cl)c2ccc(C(=O)O)cc2)C2(C(=O)O)C=CC(CCn3cc(-c4ccccc4)nn3)CC2C1,OZMMHCNNHMTRLA-UHFFFAOYSA-N,OZMMHCNNHMTRLA,5.81,Non-inhibitor
231,O=C(O)c1ccc([N+](=O)[O-])c(COc2ccc(C=C3SC(=S)N(c4ccc([N+](=O)[O-])cc4)C3=O)cc2)c1,OZOZREGYUXCMJJ-UHFFFAOYSA-N,OZOZREGYUXCMJJ,5.51,Non-inhibitor
232,Cc1c(-c2c(C)cc3c(C(C)C)c(O)c(O)cc3c2O)c(O)c2cc(O)c(O)c(C(C)C)c2c1,PBJKWGWHZVXBGU-UHFFFAOYSA-N,PBJKWGWHZVXBGU,5.87,Non-inhibitor
233,O=Cc1ccc(-c2ccc(CC3NC(=O)N(C(Cc4ccccc4)C(=O)NS(=O)(=O)c4ccc(Cl)c([N+](=O)[O-])c4)C3=O)cc2)cc1,PBLHMWGKXSXLDD-UHFFFAOYSA-N,PBLHMWGKXSXLDD,4.89,Non-inhibitor
234,COc1ccc(C=CC(=O)Nc2ccc(C(=O)NS(=O)(=O)c3ccc(NCCSc4ccccc4)c([N+](=O)[O-])c3)cc2)cc1,PGMIJPOMKAAJFV-UHFFFAOYSA-N,PGMIJPOMKAAJFV,5.89,Non-inhibitor
235,O=C(O)c1csc(N2CCc3c(C2)c(C(=O)Nc2nc4c(cccc4)s2)ccc3)n1,PHCCZZHEZZPUGG-UHFFFAOYSA-N,PHCCZZHEZZPUGG,5.04,Non-inhibitor
236,Cc1ccc(CC(=O)NC(Cc2ccc(OCc3ccccc3)cc2)C(=O)NS(=O)(=O)c2ccc(NCCCc3ccccc3)c([N+](=O)[O-])c2)cc1,PIIWCHCFSUCMHL-UHFFFAOYSA-N,PIIWCHCFSUCMHL,6.35,Non-inhibitor
237,O=C(Nc1nc2c(cccc2)s1)c1c2CN(c3ccc(CCCOc4ccccc4)c(C(=O)O)n3)CCc2ccc1,PKEFYKXFFFEGCZ-UHFFFAOYSA-N,PKEFYKXFFFEGCZ,6.2,Non-inhibitor
238,Cc1cc(OCCCc2c(C(=O)O)n3CCCc4c(Cl)ccc2c43)cc(C)c1Cl,POKYVKHUQBRKCF-UHFFFAOYSA-N,POKYVKHUQBRKCF,6.11,Non-inhibitor
239,CC(C)=CCCC1=CCC(C(=O)Nc2ccc(C(=O)O)cc2)C(c2ccccc2)C1,PPPBWPZMOZTBJL-UHFFFAOYSA-N,PPPBWPZMOZTBJL,5.66,Non-inhibitor
240,CC(C)c1c(Cc2cc(C(=O)Nc3ccc(S(=O)(=O)c4c(C(C)(C)C)cccc4)cc3)c(O)c(O)c2O)cccc1,PQAPVTKIEGUPRN-UHFFFAOYSA-N,PQAPVTKIEGUPRN,6.466666666666666,Non-inhibitor
241,COc1ccccc1Oc1ccc2C3=C(C#N)C(=O)N=C3c3cccc1c32,PRNJUJSNFAYRNO-UHFFFAOYSA-N,PRNJUJSNFAYRNO,6.05,Non-inhibitor
242,COc1ccc2c(c1)CCc1cc(OC)ccc1[N+]([O-])=[N+]2[O-],PSEWIQFVVLQNNL-UHFFFAOYSA-N,PSEWIQFVVLQNNL,5.19,Non-inhibitor
243,CC1=CC(C=C(Cl)c2ccc(C(=O)O)cc2)C2(C(=O)O)C=CC(CCOC(=O)c3ccc(Oc4ccc(NC(=O)COc5ccc(C)cc5)cc4)cc3)CC2C1,PTYPKHLFYWABFM-UHFFFAOYSA-N,PTYPKHLFYWABFM,7.05,Inhibitor
244,COc1c(Cc2c(C(C)C)cccc2)cc(C(=O)Nc2ccc(S(=O)(=O)c3ccccc3C(C)(C)C)cc2)c(OC)c1OC,PYRLGOIPDCITMO-UHFFFAOYSA-N,PYRLGOIPDCITMO,4.6,Non-inhibitor
245,Cc1cc(OCCCc2c3C(=O)N(c4cc(C(=O)O)cc5c4n(C)cc5)CCCn3c3c2ccc(Cl)c3-c2c(C)n(C)nc2C)cc(C)c1Cl,QAGXRQPLERZDFS-UHFFFAOYSA-N,QAGXRQPLERZDFS,6.28,Non-inhibitor
246,Cc1c(-c2c(C)cc3c(C(C)C)c(O)c(O)c(C=O)c3c2O)c(O)c2c(C=O)c(O)c(O)c(C(C)C)c2c1,QBKSWRVVCFFDOT-UHFFFAOYSA-N,QBKSWRVVCFFDOT,6.135625,Non-inhibitor
247,Cc1c(-c2ccc(N3CCc4c(C3)c(C(=O)Nc3nc5c(cccc5)s3)ccc4)nc2C(=O)O)cnn1CC12CC3CC(CC(C3)C1)C2,QCQQONWEDCOTBV-UHFFFAOYSA-N,QCQQONWEDCOTBV,8.21,Inhibitor
248,Cc1cc(OCCCc2c(C(=O)O)[nH]c3cc(Cl)ccc23)ccc1Cl,QCVCOYWNENRIEG-UHFFFAOYSA-N,QCVCOYWNENRIEG,5.85,Non-inhibitor
249,O=C(O)C(Cc1ccccc1)Nc1ncnc2c1c(-c1cc(O)ccc1)c(-c1ccccc1)s2,QCWRZLCYTPTRAK-UHFFFAOYSA-N,QCWRZLCYTPTRAK,4.68,Non-inhibitor
250,CC(C)c1c(O)c(O)c(O)c(C(=O)N2CCc3c(cc(S(=O)(=O)NCCc4ccccc4)cc3)C2)c1,QDGGZDBYCDBSGQ-UHFFFAOYSA-N,QDGGZDBYCDBSGQ,6.23,Non-inhibitor
251,O=C(O)c1cc2c(cccc2)n1S(=O)(=O)c1ccc(OCc2cccc(Cl)c2)cc1,QDHAZAAJSGGQDF-UHFFFAOYSA-N,QDHAZAAJSGGQDF,5.44,Non-inhibitor
252,Cc1cc(OCCCc2c3C(=O)N(c4ccc(C(=O)O)c5cccnc45)CCCn3c3c2ccc(Cl)c3-c2c(C)n(C)nc2C)cc(C)c1Cl,QEACFIZDFCDWRW-UHFFFAOYSA-N,QEACFIZDFCDWRW,6.31,Non-inhibitor
253,O=C(Nc1ccccc1)c1c(O)c(O)c(O)c(Cc2ccccc2)c1,QFCGWKILQYTRID-UHFFFAOYSA-N,QFCGWKILQYTRID,5.173333333333333,Non-inhibitor
254,CN(C)CC#Cc1ccc(OCCCc2c(C(=O)O)nc(N3CCc4c(C3)c(C(=O)Nc3nc5c(cccc5)s3)ccc4)s2)c(Cl)c1,QGATUSVXNWAPRF-UHFFFAOYSA-N,QGATUSVXNWAPRF,6.55,Inhibitor
255,O=C(Cc1ccccc1)Nc1ccc(C(=O)NS(=O)(=O)c2ccc(NCCSc3ccccc3)c([N+](=O)[O-])c2)cc1,QGCMSMQORLMKPB-UHFFFAOYSA-N,QGCMSMQORLMKPB,5.4,Non-inhibitor
256,O=C(Nc1nc2c(cccc2)s1)c1c2CN(c3ccc(-c4cn(Cc5ccccc5)nn4)c(C(=O)O)n3)CCc2ccc1,QGEMJPBZSUHINL-UHFFFAOYSA-N,QGEMJPBZSUHINL,6.46,Non-inhibitor
257,CCOc1ccc(-c2cc(C(=O)O)nn2-c2ccccc2)cc1,QHXBYJRUEXSIEL-UHFFFAOYSA-N,QHXBYJRUEXSIEL,5.21,Non-inhibitor
258,COc1cc(CCCN(C)C)ccc1-c1ccc(C(=O)NS(=O)(=O)c2ccc(NCCSc3ccccc3)c([N+](=O)[O-])c2)cc1,QJXYANOGESSWIK-UHFFFAOYSA-N,QJXYANOGESSWIK,5.91,Non-inhibitor
259,CC(C)(C)OC(=O)NC(Cc1ccc(OCc2ccc(-c3ccc(Cl)cc3)cc2)cc1)C(=O)NS(=O)(=O)c1ccc(Cl)c([N+](=O)[O-])c1,QKDMWUKADAUXCY-UHFFFAOYSA-N,QKDMWUKADAUXCY,6.24,Non-inhibitor
260,CCc1c(-c2cc(Oc3ccc(F)cc3)ccc2)c2c(ncnc2NC(C)C(=O)O)s1,QKPIJRIFEBBRFI-UHFFFAOYSA-N,QKPIJRIFEBBRFI,4.609999999999999,Non-inhibitor
261,COc1ccccc1N1C(=O)C(=Cc2cccc(OCc3ccc(C(=O)O)cc3)c2)SC1=S,QLPXUPVIXOBYSH-UHFFFAOYSA-N,QLPXUPVIXOBYSH,5.8,Non-inhibitor
262,CC(C)(C)c1ccc(N2CCN(S(=O)(=O)Nc3c(C(=O)O)cc(SCCc4ccccc4)cc3)CC2)cc1,QNFWYMWAXZJAME-UHFFFAOYSA-N,QNFWYMWAXZJAME,5.92,Non-inhibitor
263,CCc1c(-c2cc3c(cc2)[nH]cc3)c2c(ncnc2NC(C)C(=O)O)s1,QOISOOHIVJLDFS-UHFFFAOYSA-N,QOISOOHIVJLDFS,4.55,Non-inhibitor
264,O=C(NS(=O)(=O)c1ccc([N+](=O)[O-])cc1)C(Cc1ccc(Br)cc1)N1C(=O)C(=Cc2ccc(-c3ccc(C(F)(F)F)cc3)cc2)SC1=S,QTXBPYQQJZVKQZ-UHFFFAOYSA-N,QTXBPYQQJZVKQZ,6.05,Non-inhibitor
265,CON(C)C(=O)C1CC=C(CCC=C(C)C)CC1c1ccccc1,QVUOHKMJFICORO-UHFFFAOYSA-N,QVUOHKMJFICORO,6.52,Inhibitor
266,Cc1cc(OCCCc2c3C(=O)N(c4cn(C)c5c(C(=O)O)cccc45)CCCn3c3c2ccc(Cl)c3-c2c(C)n(C)nc2C)cc(C)c1Cl,RAIWZODXCCHHAD-UHFFFAOYSA-N,RAIWZODXCCHHAD,6.51,Inhibitor
267,Cc1ccc(-c2ccc(COc3ccc(CC(NC(=O)OC(C)(C)C)C(=O)NS(=O)(=O)c4ccc(Cl)c([N+](=O)[O-])c4)cc3)cc2)cc1,RCJPQQWLPYZWGV-UHFFFAOYSA-N,RCJPQQWLPYZWGV,6.41,Non-inhibitor
268,O=C(C=Cc1ccccc1C(F)(F)F)Nc1ccc(C(=O)NS(=O)(=O)c2ccc(NCCSc3ccccc3)c([N+](=O)[O-])c2)cc1,REDKMAYZALKKRQ-UHFFFAOYSA-N,REDKMAYZALKKRQ,5.77,Non-inhibitor
269,COc1cc(CCCN2CCOCC2)ccc1-c1ccc(C(=O)NS(=O)(=O)c2ccc(NC(CSc3ccccc3)CC(=O)N(C)C)c([N+](=O)[O-])c2)cc1,REHZPUBHLVXFPB-UHFFFAOYSA-N,REHZPUBHLVXFPB,6.92,Inhibitor
270,CC1=NN(c2nc(-c3ccccc3)cs2)C(=O)C1=Cc1ncc[nH]1,REIKSWQMCGHUHP-UHFFFAOYSA-N,REIKSWQMCGHUHP,5.7,Non-inhibitor
271,Cc1c(C(=O)N(c2ccc(O)cc2)c2cnc3c(c2)ccn3C)cc(-c2cc(Cl)ccc2C(=O)N2Cc3c(cccc3)CC2CN2CCN(C)CC2)n1C,RHLOMMKLDRCLAQ-UHFFFAOYSA-N,RHLOMMKLDRCLAQ,8.7,Inhibitor
272,Cc1c(C(=O)N(c2ccc(O)cc2)c2cn(C)c(C#N)c2)cc(-c2cc(Cl)ccc2C(=O)N2Cc3c(cccc3)CC2CN2CCOCC2)n1C,RIIZYGXLARDION-UHFFFAOYSA-N,RIIZYGXLARDION,8.515,Inhibitor
273,Cc1cccc(-c2ccc(CC3NC(=O)N(C(Cc4ccccc4)C(=O)NS(=O)(=O)c4ccc(Cl)c([N+](=O)[O-])c4)C3=O)cc2)c1,RKJXISLZPZCUCS-UHFFFAOYSA-N,RKJXISLZPZCUCS,5.36,Non-inhibitor
274,Cc1c(C(=O)NCCCN2CCN(C)CC2)c(-c2cc(N3CCN(c4ccc(NS(=O)(=O)c5cccc(F)c5)cc4)CC3)ccc2)c(-c2ccc(Cl)cc2)n1C,RLJYSFMWNSHSPL-UHFFFAOYSA-N,RLJYSFMWNSHSPL,6.6,Inhibitor
275,CCCCN=C1C(=O)NC2=C1c1c3c2cccc3c(Oc2ccc(C(C)C)cc2)cc1,RRAOKGXYLVNIAW-UHFFFAOYSA-N,RRAOKGXYLVNIAW,6.49,Non-inhibitor
276,Cc1cc(OCCCc2c3C(=O)N(c4cccc5c(C(=O)O)cccc45)CC(C)n3c3c2ccc(Cl)c3-c2c(C)n(C)nc2C)cc(C)c1Cl,RRWFCNKYNKGARG-UHFFFAOYSA-N,RRWFCNKYNKGARG,6.42,Non-inhibitor
277,CN(C)CCC(CSc1ccccc1)Nc1ccc(S(=O)(=O)NC(=O)c2ccc(N3CCC(=Cc4ccccc4C(F)(F)F)CC3)cc2)cc1[N+](=O)[O-],RSGYTDGOUIXVMA-UHFFFAOYSA-N,RSGYTDGOUIXVMA,8.7,Inhibitor
278,COc1ccc(S(=O)(=O)NC(=O)C(Cc2ccccc2)NC(=O)Cc2c(C)n(-c3ccc(-c4ccccc4)cc3)c3c2cc(OC)cc3)cc1,RVELPQFQFFFRHM-UHFFFAOYSA-N,RVELPQFQFFFRHM,6.33,Non-inhibitor
279,O=C(O)c1c(CCCOc2cccc3ccccc23)c2cccc3c2n1CCC[S+]3[O-],RWBITVLVWMQUOJ-UHFFFAOYSA-N,RWBITVLVWMQUOJ,4.8,Non-inhibitor
280,O=C(NS(=O)(=O)c1ccccc1)C(Cc1c[nH]c2c1cccc2)N1C(=O)C(=Cc2ccc(-c3ccc([N+](=O)[O-])cc3)cc2)SC1=S,RWEIEFDBEOCZKL-UHFFFAOYSA-N,RWEIEFDBEOCZKL,6.27,Non-inhibitor
281,O=C(O)CSc1cc(NS(=O)(=O)c2ccccc2-c2ccccc2)c2ccccc2c1O,RXYYPYDPEDTDSR-UHFFFAOYSA-N,RXYYPYDPEDTDSR,4.62,Non-inhibitor
282,O=C(NS(=O)(=O)c1ccccc1)C(Cc1ccc(Br)cc1)N1C(=O)C(=Cc2ccc(-c3ccc(Cl)cc3)cc2)SC1=S,RYQDANONZXIWFO-UHFFFAOYSA-N,RYQDANONZXIWFO,6.33,Non-inhibitor
283,CC(=O)c1ccc(NC(=O)OCCC2C=CC3(C(=O)O)C(C=C(Cl)c4ccc(C(=O)O)cc4)C=C(C)CC3C2)cc1,RZKYZUOJBSZVJQ-UHFFFAOYSA-N,RZKYZUOJBSZVJQ,5.54,Non-inhibitor
284,CC(C)(C)OC(=O)NC(Cc1ccc(OCc2ccc(Oc3ccccc3)cc2)cc1)C(=O)NS(=O)(=O)c1ccc(Cl)c([N+](=O)[O-])c1,RZRBVEFOQRJMCV-UHFFFAOYSA-N,RZRBVEFOQRJMCV,6.16,Non-inhibitor
285,CC1=CC(C=C(Cl)c2ccc(C(=O)O)cc2)C2(C(=O)O)C=CC(CCOC(=O)Nc3ccc(Cl)cc3)CC2C1,RZVLJBWQRHWEOY-UHFFFAOYSA-N,RZVLJBWQRHWEOY,5.85,Non-inhibitor
286,Cc1ccccc1N1C(=O)C(=Cc2cccc(OCc3ccc(C(=O)O)cc3)c2)SC1=S,SBUUWMLPOCXDGC-UHFFFAOYSA-N,SBUUWMLPOCXDGC,5.51,Non-inhibitor
287,CC(=C1SC(=S)N(C(CC(C)C)C(=O)O)C1=O)c1ccccc1,SCEVCEGSVQEIQX-UHFFFAOYSA-N,SCEVCEGSVQEIQX,4.67,Non-inhibitor
288,CCCCN=C1C(=O)NC2=C1c1c3c2cccc3c(Sc2ccc(N)cc2)cc1,SGWMAESMAPTEEP-UHFFFAOYSA-N,SGWMAESMAPTEEP,6.72,Inhibitor
289,Cc1cc(OCCCc2c3C(=O)N(c4cccc5c4n(C)cc5C(=O)O)CCCn3c3c2ccc(Cl)c3-c2c(C)n(C)nc2C)cc(C)c1Cl,SIUYYHMJPRXSEZ-UHFFFAOYSA-N,SIUYYHMJPRXSEZ,6.85,Inhibitor
290,Cc1c(-c2c(C)cc3c(C(C)C)c(O)c(O)c(C=NCCCC(=O)O)c3c2O)c(O)c2c(C=NCCCC(=O)O)c(O)c(O)c(C(C)C)c2c1,SLACVTBRGGXEOK-UHFFFAOYSA-N,SLACVTBRGGXEOK,6.63,Inhibitor
291,O=C(NC(Cc1ccc(OCc2ccc(-c3ccccc3)cc2)cc1)C(=O)NS(=O)(=O)c1ccc(Cl)c([N+](=O)[O-])c1)c1cccnc1,SMMOVTLHWLZLTP-UHFFFAOYSA-N,SMMOVTLHWLZLTP,6.24,Non-inhibitor
292,Cc1c(CN2CCN(c3ccc(C(=O)NS(=O)(=O)c4ccc(NC(CCN(C)C)CSc5ccccc5)c([N+](=O)[O-])c4)cc3)CC2)cccc1,SMQYDTWNUNHOFH-UHFFFAOYSA-N,SMQYDTWNUNHOFH,8.35,Inhibitor
293,O=C(C=Cc1cccc(C(F)(F)F)c1)Nc1ccc(C(=O)NS(=O)(=O)c2ccc(NCCSc3ccccc3)c([N+](=O)[O-])c2)cc1,SNSDYKQFGBFTKR-UHFFFAOYSA-N,SNSDYKQFGBFTKR,5.58,Non-inhibitor
294,Cc1cc(OCCCc2c3C(=O)N(c4cn(C)c5ccc(C(=O)O)cc45)CCCn3c3c2ccc(Cl)c3-c2c(C)n(C)nc2C)cc(C)c1Cl,SNXZLJPTQJSGBF-UHFFFAOYSA-N,SNXZLJPTQJSGBF,6.25,Non-inhibitor
295,CN(C)CC#Cc1ccc(OCCCc2c(C(=O)O)nc(N3CCc4c(C3)c(C(=O)Nc3nc5c(cccc5)s3)ccc4)s2)c(F)c1,SOYCFODXNRVBTI-UHFFFAOYSA-N,SOYCFODXNRVBTI,7.115,Inhibitor
296,O=c1c(O)cccc2c1c(O)c(O)cc2C1Oc2c(CC1O)c(O)cc(O)c2,SPQGLWVRJNKSPU-UHFFFAOYSA-N,SPQGLWVRJNKSPU,6.54,Inhibitor
297,O=C(O)c1c(CCCOc2ccc(Cl)c3ccccc23)c2cccc3c2n1CCS3,SPYVTODDKXWTQY-UHFFFAOYSA-N,SPYVTODDKXWTQY,5.96,Non-inhibitor
298,CC(C)(C)c1ccc(N2CCN(S(=O)(=O)Nc3c(C(=O)O)cc(SCCC(=O)Nc4ccccc4)cc3)CC2)cc1,STJXGZZMVAELRV-UHFFFAOYSA-N,STJXGZZMVAELRV,4.79,Non-inhibitor
299,O=C(NS(=O)(=O)c1cc([N+](=O)[O-])c(Cl)cc1)C(Cc1ccccc1)N1C(=O)C(=Cc2ccc(-c3ccccc3)cc2)SC1=S,SUZSSGSBCPFCBQ-UHFFFAOYSA-N,SUZSSGSBCPFCBQ,6.27,Non-inhibitor
300,Cc1ccc(S(=O)(=O)N2CCN(c3ccc(C(=O)NS(=O)(=O)c4ccc(NC(CCN(C)C)CSc5ccccc5)c([N+](=O)[O-])c4)cc3)CC2)cc1,SVVXHOLCHCAPEW-UHFFFAOYSA-N,SVVXHOLCHCAPEW,8.21,Inhibitor
301,O=C(NS(=O)(=O)c1cc([N+](=O)[O-])c(NCCSc2ccccc2)cc1)c1ccc(-c2ccc(F)cc2)cc1,SWGIDRBGIJDBQO-UHFFFAOYSA-N,SWGIDRBGIJDBQO,6.36,Non-inhibitor
302,CN(C)CCC(CSc1ccccc1)Nc1ccc(S(=O)(=O)NC(=O)c2ccc(N3CCC(=Cc4ccccc4Cl)CC3)cc2)cc1[N+](=O)[O-],SXJFWYOKAIEGEZ-UHFFFAOYSA-N,SXJFWYOKAIEGEZ,9.15,Inhibitor
303,COc1ccccc1N1C(=O)C(=Cc2ccc(OCc3ccc(C(=O)O)cc3)cc2)SC1=S,SYALXDPIEWWOEL-UHFFFAOYSA-N,SYALXDPIEWWOEL,5.7,Non-inhibitor
304,Cc1ccc(O)c(Cn2c(-c3ccccc3)nc3c(cc(O)c(O)c3O)c2=O)c1,SYEGIOUDEHFYQT-UHFFFAOYSA-N,SYEGIOUDEHFYQT,6.75,Inhibitor
305,O=C(Nc1ccc(C(=O)NS(=O)(=O)c2ccc(NCCSc3ccccc3)c([N+](=O)[O-])c2)cc1)c1ccccc1,TVPSJQIEGFPHDV-UHFFFAOYSA-N,TVPSJQIEGFPHDV,5.77,Non-inhibitor
306,Cc1cc(OCCCn2c(C(=O)N(C)C)cc3ccc(OCc4ccccc4C(=O)O)cc32)cc(C)c1Cl,TYXDVFHSCBAALD-UHFFFAOYSA-N,TYXDVFHSCBAALD,6.14,Non-inhibitor
307,CC1(C)CCN(c2ccc(C(=O)NS(=O)(=O)c3ccc(NCCSc4ccccc4)c([N+](=O)[O-])c3)cc2)CC1,TZOBOAHCWXVNEO-UHFFFAOYSA-N,TZOBOAHCWXVNEO,6.72,Inhibitor
308,Cc1ccc(CC(=O)NC(Cc2ccc(OCc3ccc(-c4ccccc4)cc3)cc2)C(=O)NS(=O)(=O)c2ccc(NCCCc3ccccc3)c([N+](=O)[O-])c2)cc1,UAGNHVFBJJUWLW-UHFFFAOYSA-N,UAGNHVFBJJUWLW,6.35,Non-inhibitor
309,COC(=O)CN=Cc1c2c(O)c(-c3c(C)cc4c(C(C)C)c(O)c(O)c(C=NC(=O)OC)c4c3O)c(C)cc2c(C(C)C)c(O)c1O,UBAPMKADBUUOTN-UHFFFAOYSA-N,UBAPMKADBUUOTN,8.3,Inhibitor
310,CN(C)CC#Cc1ccc(OCCCc2c(C(=O)O)nc(N3CCc4c(C3)c(C(=O)Nc3nc5c(cccc5)s3)ccc4)s2)cc1,UBVFEVVNFNKDNY-UHFFFAOYSA-N,UBVFEVVNFNKDNY,7.22,Inhibitor
311,CCOc1c(N=Nc2c(O)n(-c3nc(-c4ccccc4)cs3)nc2C)cccc1,UBZKIJYXDHHDFN-UHFFFAOYSA-N,UBZKIJYXDHHDFN,5.52,Non-inhibitor
312,COc1cc2c(cc1)n(-c1ccc(-c3ccccc3)cc1)c(C)c2CC(=O)NC(Cc1c[nH]c2ccccc12)C(=O)NS(=O)(=O)c1cc([N+](=O)[O-])c(Cl)cc1,UCPJJCPGGVBKPJ-UHFFFAOYSA-N,UCPJJCPGGVBKPJ,6.08,Non-inhibitor
313,CC(C)c1ccc(-n2nc(C(=O)O)cc2-c2ccc(OCc3ccccc3)cc2)cc1,UENGMGNNNAYDNG-UHFFFAOYSA-N,UENGMGNNNAYDNG,6.42,Non-inhibitor
314,O=C(C=Cc1ccc(C(F)(F)F)cc1)Nc1ccc(C(=O)NS(=O)(=O)c2ccc(NCCSc3ccccc3)c([N+](=O)[O-])c2)cc1,UFAJKVWLOKHZLD-UHFFFAOYSA-N,UFAJKVWLOKHZLD,5.7,Non-inhibitor
315,CCc1c(-c2cc(Oc3ccc(F)cc3)ccc2)c2c(ncnc2NC(C(=O)O)c2ccccc2)s1,UGCSGSCETNYDFA-UHFFFAOYSA-N,UGCSGSCETNYDFA,4.89,Non-inhibitor
316,CC(C)c1ccc(O)c(Cn2c(-c3ccccc3)nc3c(cc(O)c(O)c3O)c2=O)c1,UGGKGLCTXKBKQS-UHFFFAOYSA-N,UGGKGLCTXKBKQS,5.95,Non-inhibitor
317,O=C1N=C2C(=C1NCCCc1ccccc1)c1ccc(N3CCSCC3)c3cccc2c13,UIMDYSCARYVYQT-UHFFFAOYSA-N,UIMDYSCARYVYQT,7.31,Inhibitor
318,Cc1ccc(-c2ccc(COc3ccc(CC(NC(=O)OC(C)(C)C)C(=O)NS(=O)(=O)c4ccc(NCCOc5ccccc5)c([N+](=O)[O-])c4)cc3)cc2)cc1,UIUGEZMBPSPLOH-UHFFFAOYSA-N,UIUGEZMBPSPLOH,6.07,Non-inhibitor
319,CC(C)Oc1ccc(-c2cc(C(=O)O)nn2-c2ccccc2)cc1,UKGNVPWMQUQOGC-UHFFFAOYSA-N,UKGNVPWMQUQOGC,5.16,Non-inhibitor
320,COC1(Cc2ccccc2C)CCN(c2ccc(C(=O)NS(=O)(=O)c3ccc(NC(CCN(C)C)CSc4ccccc4)c([N+](=O)[O-])c3)cc2)CC1,ULAIPSLGMQQQIW-UHFFFAOYSA-N,ULAIPSLGMQQQIW,8.85,Inhibitor
321,Cc1cc2c(c(O)c1-c1c(O)c3c(cc1C)c(C(C)C)c(O)c(O)c3C=O)c(C=O)c(O)c(O)c2C,UMHZWCFXZIHUEL-UHFFFAOYSA-N,UMHZWCFXZIHUEL,6.06,Non-inhibitor
322,COC(=O)CCNC(=O)C1CC=C(CCC=C(C)C)CC1c1ccccc1,UMOKNTQMINGARC-UHFFFAOYSA-N,UMOKNTQMINGARC,5.51,Non-inhibitor
323,CC(C)c1ccc(Oc2ccc3C4=C(NC(=O)C4=NCCCc4ccccc4)c4cccc2c43)cc1,UQGNXYDWNJQPQF-UHFFFAOYSA-N,UQGNXYDWNJQPQF,7.38,Inhibitor
324,C=C(c1ccc(C(=O)NS(=O)(=O)c2ccc(NCCSc3ccccc3)c([N+](=O)[O-])c2)cc1)c1c(C)cc2c(c1)C(C)(C)CCC2(C)C,UQOYPUQPZRJYPK-UHFFFAOYSA-N,UQOYPUQPZRJYPK,5.38,Non-inhibitor
325,COc1ccc(Sc2ccc3C4=C(C#N)C(=O)N=C4c4cccc2c43)cc1,UQVOXUZIGHRSOD-UHFFFAOYSA-N,UQVOXUZIGHRSOD,6.02,Non-inhibitor
326,O=C(Nc1nc2c(cccc2)s1)c1c2CN(c3nc(C(=O)O)c(CCCOc4cccc(-n5ncc6c5ncnc6)c4)s3)CCc2ccc1,URCPGANLXHSKPY-UHFFFAOYSA-N,URCPGANLXHSKPY,6.66,Inhibitor
327,COc1ccc(C(=O)Nc2ccc(C(=O)NS(=O)(=O)c3ccc(NCCSc4ccccc4)c([N+](=O)[O-])c3)cc2)cc1,UXKLXWUPKCCRON-UHFFFAOYSA-N,UXKLXWUPKCCRON,6.1,Non-inhibitor
328,CCOC(=O)C1=C(C)N=c2sc(=Cc3cn(Cc4ccc(-c5ccccc5)cc4)c4ccccc34)c(=O)n2C1c1ccccc1,UXLHUPGETZEDBZ-UHFFFAOYSA-N,UXLHUPGETZEDBZ,6.28,Non-inhibitor
329,COc1cccc(CCSc2cc(C(=O)O)c(NS(=O)(=O)N3CCN(c4ccc(C(C)(C)C)cc4)CC3)cc2)c1,UYWXDTRFWXMZPY-UHFFFAOYSA-N,UYWXDTRFWXMZPY,5.92,Non-inhibitor
330,Cc1cc(OCCCn2c(C(=O)N3CCCCC3)cc3ccc(OCc4ccccc4C(=O)O)cc32)cc(C)c1Cl,VCLWBHSWYDTQJD-UHFFFAOYSA-N,VCLWBHSWYDTQJD,6.57,Inhibitor
331,O=C(NS(=O)(=O)c1ccc([N+](=O)[O-])cc1)C(Cc1ccccc1)N1C(=O)C(=Cc2ccc(-c3ccc(C(F)(F)F)cc3)cc2)SC1=S,VGUQQJLVVIMEFQ-UHFFFAOYSA-N,VGUQQJLVVIMEFQ,6.07,Non-inhibitor
332,Cc1cc(OCCCn2ccc3c2cccc3OCc2ccccc2C(=O)O)cc(C)c1Cl,VJKUDDOPPPACMV-UHFFFAOYSA-N,VJKUDDOPPPACMV,6.64,Inhibitor
333,CCCOc1ccc(CC(NC(=O)Cc2c(C)n(C(=O)c3ccc(Cl)cc3)c3ccc(OC)cc23)C(=O)NS(=O)(=O)c2ccc(Cl)c([N+](=O)[O-])c2)cc1,VKOFHICRVRSPIX-UHFFFAOYSA-N,VKOFHICRVRSPIX,5.89,Non-inhibitor
334,CN(C)c1ccc(CNC(=O)CCN=C2C(C#N)=C(O)c3cccc4c(Sc5ccc(Br)cc5)ccc2c34)cc1,VLCYDJACHRUGGP-UHFFFAOYSA-N,VLCYDJACHRUGGP,5.37,Non-inhibitor
335,Cc1c(N(C(=O)c2c(C)n(C)c(-c3cc(Cl)ccc3C(=O)N3Cc4c(cccc4)CC3CN3CCOCC3)c2)c2ccc(O)cc2)cc(C#N)n1C,VNNWQLOUMFCVJD-UHFFFAOYSA-N,VNNWQLOUMFCVJD,8.68,Inhibitor
336,Cc1cc(OCCCc2c3C(=O)N(c4cc(C(=O)O)ccc4)CC(C)n3c3c2ccc(Cl)c3-c2c(C)n(C)nc2C)cc(C)c1Cl,VNTDZDNWMPCDCA-UHFFFAOYSA-N,VNTDZDNWMPCDCA,6.0,Non-inhibitor
337,CC(C)CC(C(=O)O)N1C(=O)C(=C(c2ccccc2)c2ccc(-c3ccccc3)cc2)SC1=S,VOAXBLPJWRNYKU-UHFFFAOYSA-N,VOAXBLPJWRNYKU,5.71,Non-inhibitor
338,Cc1c(C(=O)N(c2ccc(O)cc2)c2cccc(C#N)c2)cc(-c2cc(Cl)ccc2C(=O)N2Cc3c(cccc3)CC2CN2CCOCC2)n1C,VOGHXGCONPXIKM-UHFFFAOYSA-N,VOGHXGCONPXIKM,8.41,Inhibitor
339,Cc1c(-c2ccccc2)c(=O)c2c(o1)c(CC(C)C)c(O)c(O)c2O,VOKVHQWUUIPROY-UHFFFAOYSA-N,VOKVHQWUUIPROY,6.47,Non-inhibitor
340,Cc1c(N(C(=O)c2c(C)n(C)c(-c3cc4c(cc3C(=O)N3Cc5c(cccc5)CC3CN3CCOCC3)OCCO4)c2)c2ccc(O)cc2)cc(C#N)n1C,VOTWMWZEFASSLY-UHFFFAOYSA-N,VOTWMWZEFASSLY,8.51,Inhibitor
341,O=C(O)c1csc(-c2ccc3CCCC(=NNc4nc5c(cccc5)s4)c3c2)n1,VQBHQKNPDJBYMG-UHFFFAOYSA-N,VQBHQKNPDJBYMG,5.3,Non-inhibitor
342,CN(C)CC#Cc1c(F)cc(OCCCc2c(C(=O)O)nc(N3CCc4c(C3)c(C(=O)Nc3nc5c(cccc5)s3)ccc4)s2)c(F)c1,VSBDSKDORLCGKF-UHFFFAOYSA-N,VSBDSKDORLCGKF,7.05,Inhibitor
343,Cc1cc(OCCCc2c(C(=O)O)n3CCCSc4cccc2c43)cc(C)c1Cl,VTXXZVJSZRWWRU-UHFFFAOYSA-N,VTXXZVJSZRWWRU,5.43,Non-inhibitor
344,CCC(C)c1ccc(Oc2ccc3C4=C(C#N)C(=O)N=C4c4cccc2c43)cc1,VTYCCCCZIPADRN-UHFFFAOYSA-N,VTYCCCCZIPADRN,6.8,Inhibitor
345,Cc1cc(OCCCn2c(C(N)=O)cc3ccc(OCc4ccccc4C(=O)O)cc32)cc(C)c1Cl,VUDNYXCCWOOPAN-UHFFFAOYSA-N,VUDNYXCCWOOPAN,6.07,Non-inhibitor
346,COC(=O)C12C=CC(CC(=O)Nc3ccc(Cl)cc3)CC1CC(C)=CC2C=C(Cl)c1ccc(C(=O)O)cc1,VVILYNHSRXZKRA-UHFFFAOYSA-N,VVILYNHSRXZKRA,6.16,Non-inhibitor
347,CCOc1c(N=Nc2c(O)n(-c3cccc(-c4ccc(N(C)C)cc4)c3)nc2C)cccc1,VWAHPKXYXYLIIU-UHFFFAOYSA-N,VWAHPKXYXYLIIU,5.38,Non-inhibitor
348,C=C(C)c1c(-c2cccc(Cl)c2C)c2c(ncnc2NC(Cc2ccccc2)C(=O)O)s1,VWGHDJKYTHUPAS-UHFFFAOYSA-N,VWGHDJKYTHUPAS,5.27,Non-inhibitor
349,CCCCN=C1C(=O)NC2=C1c1c3c2cccc3c(N2CCSCC2)cc1,VWXKRYCZXIHSPX-UHFFFAOYSA-N,VWXKRYCZXIHSPX,6.7,Inhibitor
350,CC(C)(C)OC(=O)NC(Cc1ccc(OCc2ccccc2)cc1)C(=O)NS(=O)(=O)c1ccc(NCCCc2ccccc2)c([N+](=O)[O-])c1,VXUUQGFCAHVYRP-UHFFFAOYSA-N,VXUUQGFCAHVYRP,5.82,Non-inhibitor
351,O=C(Nc1c(O)c(O)c(O)cc1C(=O)NCc1ccccc1)c1ccccc1,VYQFVFZWQVNTIH-UHFFFAOYSA-N,VYQFVFZWQVNTIH,5.88,Non-inhibitor
352,O=C(c1c2CCCCn2c(-c2cc3c(cc2C(=O)N2Cc4c(cccc4)CC2CN2CCOCC2)OCO3)c1)N(c1ccccc1)c1ccc(O)cc1,VYXJULKGMXJVGI-UHFFFAOYSA-N,VYXJULKGMXJVGI,8.89,Inhibitor
353,CN(C)CCC(CSc1ccccc1)Nc1ccc(S(=O)(=O)NC(=O)c2ccc(N3CCC(=Cc4ccccc4C#N)CC3)cc2)cc1[N+](=O)[O-],VZPPLAMKJVEBAM-UHFFFAOYSA-N,VZPPLAMKJVEBAM,7.89,Inhibitor
354,O=C(C=Cc1ccccc1Cl)Nc1ccc(C(=O)NS(=O)(=O)c2ccc(NCCSc3ccccc3)c([N+](=O)[O-])c2)cc1,WCCURKPGTWDEPT-UHFFFAOYSA-N,WCCURKPGTWDEPT,6.22,Non-inhibitor
355,CCCCN=C1C(C#N)=C(O)c2c3c1ccc(Sc1ccc(Br)cc1)c3ccc2,WCYCOLUXSJFTKA-UHFFFAOYSA-N,WCYCOLUXSJFTKA,6.68,Inhibitor
356,O=C(O)CSc1cc(NS(=O)(=O)c2ccc(-c3ccccc3)cc2)c2ccccc2c1O,WDSIRVXGKDXLAU-UHFFFAOYSA-N,WDSIRVXGKDXLAU,5.05,Non-inhibitor
357,O=C(O)c1c(CCCOc2cccc3c2cccc3)c2c(cccc2)s1,WEKMYYBVUYSISQ-UHFFFAOYSA-N,WEKMYYBVUYSISQ,5.01,Non-inhibitor
358,CCCCCCN=C1C(=O)NC2=C1c1c3c2cccc3c(N2CCSCC2)cc1,WIAHPNNINQUXBH-UHFFFAOYSA-N,WIAHPNNINQUXBH,7.02,Inhibitor
359,Cc1ccccc1Oc1ccc2C3=C(C#N)C(=O)N=C3c3cccc1c32,WJGYEKOJLFTYIV-UHFFFAOYSA-N,WJGYEKOJLFTYIV,5.84,Non-inhibitor
360,O=C(O)c1c(CCCOc2cccc3ccccc23)c2cccc3c2n1CCCS3,WLXWGKQBHKCGOD-UHFFFAOYSA-N,WLXWGKQBHKCGOD,5.0,Non-inhibitor
361,O=C(OC1Cc2c(cc(O)cc2O)OC1c1cc(O)c(O)c(O)c1)c1cc(O)c(O)c(O)c1,WMBWREPUVVBILR-UHFFFAOYSA-N,WMBWREPUVVBILR,6.55,Inhibitor
362,O=C(O)c1c(CCCOc2c3CCCCc3ccc2)c2cccc3c2n1CCS3,WOGLKUSZJCJORI-UHFFFAOYSA-N,WOGLKUSZJCJORI,5.43,Non-inhibitor
363,COC1(Cc2ccccc2F)CCN(c2ccc(C(=O)NS(=O)(=O)c3ccc(NC(CCN(C)C)CSc4ccccc4)c([N+](=O)[O-])c3)cc2)CC1,WOKKFKCBYMRFBZ-UHFFFAOYSA-N,WOKKFKCBYMRFBZ,8.51,Inhibitor
364,CN(C)CCC(CSc1ccccc1)Nc1ccc(S(=O)(=O)NC(=O)c2ccc(N3CCC4(CC3)CC(Cc3ccccc3)=NO4)cc2)cc1[N+](=O)[O-],WPDFQZLKJJZIJX-UHFFFAOYSA-N,WPDFQZLKJJZIJX,8.19,Inhibitor
365,N#Cc1ccc(COc2ccc(CC(NC(=O)Cc3ccc(-c4ccccc4)cc3)C(=O)NS(=O)(=O)c3ccc(NC4CCCC4)c([N+](=O)[O-])c3)cc2)cc1,WQOQIJISSIPNLY-UHFFFAOYSA-N,WQOQIJISSIPNLY,6.21,Non-inhibitor
366,O=C(O)CSc1cc(NS(=O)(=O)c2ccc(Br)cc2)c2ccccc2c1O,WUGANDSUVKXMEC-UHFFFAOYSA-N,WUGANDSUVKXMEC,5.04,Non-inhibitor
367,O=C(NS(=O)(=O)c1ccc([N+](=O)[O-])cc1)C(Cc1ccccc1)N1C(=O)C(=Cc2ccc(-c3ccccc3)cc2)SC1=S,WVMYPBNXMFMJJY-UHFFFAOYSA-N,WVMYPBNXMFMJJY,6.35,Non-inhibitor
368,O=C(NS(=O)(=O)c1ccccc1)C(Cc1ccc(Br)cc1)N1C(=O)C(=Cc2ccc(-c3ccc([N+](=O)[O-])cc3)cc2)SC1=S,WVYGCYJTGGCNTL-UHFFFAOYSA-N,WVYGCYJTGGCNTL,6.38,Non-inhibitor
369,Cc1cc(OCCCn2ccc3ccc(OCc4cccc(C(=O)O)c4)cc32)cc(C)c1Cl,WYAHBTJBOXJLSZ-UHFFFAOYSA-N,WYAHBTJBOXJLSZ,5.92,Non-inhibitor
370,O=C(O)c1ccc([N+](=O)[O-])c(COc2ccc(C=C3SC(=S)N(c4ccccc4)C3=O)cc2)c1,XANRDXIWJCUKFA-UHFFFAOYSA-N,XANRDXIWJCUKFA,5.05,Non-inhibitor
371,COc1cc(O)c2c(=O)cc(-c3cc(O)c(O)cc3Cc3ccccc3)oc2c1,XEDIVVGQTOTJSS-UHFFFAOYSA-N,XEDIVVGQTOTJSS,5.89,Non-inhibitor
372,Cc1cc(OCCCc2c3C(=O)N(c4cn(C)c5cc(C(=O)O)ccc45)CC(C)n3c3c2ccc(Cl)c3-c2c(C)n(C)nc2C)cc(C)c1Cl,XEJDPJHQCIGMPE-UHFFFAOYSA-N,XEJDPJHQCIGMPE,6.3,Non-inhibitor
373,O=C(NS(=O)(=O)c1cc([N+](=O)[O-])c(Cl)cc1)C(Cc1ccccc1)N1C(=O)C(=Cc2ccc(-c3ccc(Cl)cc3)cc2)SC1=S,XHKNIWAQOMDZOS-UHFFFAOYSA-N,XHKNIWAQOMDZOS,5.72,Non-inhibitor
374,Cc1c(C(=O)N(c2ccc(O)cc2)c2cn(C)nc2)cc(-c2cc(F)ccc2C(=O)N2Cc3c(cccc3)CC2CN2CCOCC2)n1C,XJAHZBYUSLAMHD-UHFFFAOYSA-N,XJAHZBYUSLAMHD,8.055,Inhibitor
375,CCn1c(-c2cc3c(cc2C(=O)N2Cc4c(cccc4)CC2CN2CCOCC2)OCO3)cc(C(=O)N(c2ccc(O)cc2)c2cn(C)nc2)c1C,XJLOYNJOPADPGD-UHFFFAOYSA-N,XJLOYNJOPADPGD,8.08,Inhibitor
376,Cc1c(C(=O)N(c2ccc(O)cc2)c2cn(C3CCOC3)nc2)cc(-c2cc(F)ccc2C(=O)N2Cc3c(cccc3)CC2CN2CCOCC2)n1C,XJOFGWJUEHAPBP-UHFFFAOYSA-N,XJOFGWJUEHAPBP,7.6,Inhibitor
377,CCC(C)C(C(=O)NS(=O)(=O)c1ccccc1)N1C(=O)C(=Cc2ccc(-c3ccccc3)cc2)SC1=S,XLIXBBVJVMZVOY-UHFFFAOYSA-N,XLIXBBVJVMZVOY,6.39,Non-inhibitor
378,CCOc1ccccc1N=Nc1c(O)n(-c2cc(-c3ccc(N(C)C)cc3)cc(O)c2)nc1C,XMCXDWMEPUPLSC-UHFFFAOYSA-N,XMCXDWMEPUPLSC,4.92,Non-inhibitor
379,CC(C)Oc1ccc(C(=O)Nc2c(-c3ccc(OC(C)C)cc3)n(-c3ccc(Oc4ccccc4)cc3)nc2C(=O)O)cc1,XMMSWQSSUYVMCR-UHFFFAOYSA-N,XMMSWQSSUYVMCR,6.695,Inhibitor
380,COC1(Cc2ccccc2)CCN(c2ccc(C(=O)NS(=O)(=O)c3ccc(NC(CCN(C)C)CSc4ccccc4)c([N+](=O)[O-])c3)cc2)CC1,XMUXSYFVLMWJFR-UHFFFAOYSA-N,XMUXSYFVLMWJFR,8.09,Inhibitor
381,Cc1cc(OCCCn2ccc3cc(OCc4c(C(=O)O)cccc4)ccc32)cc(C)c1Cl,XNENLWGUIGBLAZ-UHFFFAOYSA-N,XNENLWGUIGBLAZ,6.12,Non-inhibitor
382,O=C(O)c1c(CCCOc2cccc3ccccc23)c2cccc3c2n1CCC3,XOMAOOTVWOCYAD-UHFFFAOYSA-N,XOMAOOTVWOCYAD,5.14,Non-inhibitor
383,CC(C)(C)c1ccc(OCCCn2c(C(=O)N3CCCCC3)cc3ccc(OCc4ccccc4C(=O)O)cc32)cc1,XOWXHFVXESDNAX-UHFFFAOYSA-N,XOWXHFVXESDNAX,6.82,Inhibitor
384,Cc1cc(OCCCn2ccc3cc(OCc4cc(C(=O)O)ccc4)ccc32)cc(C)c1Cl,XQBCHYWCZPYLGN-UHFFFAOYSA-N,XQBCHYWCZPYLGN,6.39,Non-inhibitor
385,N#CC1=C(O)c2cccc3c(Sc4ccc(Br)cc4)ccc(c23)C1=NCCC(=O)O,XQVKECVZEAUASD-UHFFFAOYSA-N,XQVKECVZEAUASD,5.9,Non-inhibitor
386,CC1=CC(C=C(Cl)c2ccc(C(=O)O)cc2)C2(C(=O)O)C=CC(CCOC(=O)Nc3ccc(Br)cc3)CC2C1,XQVPWPPXHFBKEB-UHFFFAOYSA-N,XQVPWPPXHFBKEB,6.08,Non-inhibitor
387,CN(C)CCC(CSc1ccccc1)Nc1ccc(S(=O)(=O)NC(=O)c2ccc(N3CCC(=Cc4ccc(F)cc4)CC3)cc2)cc1[N+](=O)[O-],XRDADZJPQLAHCT-UHFFFAOYSA-N,XRDADZJPQLAHCT,8.47,Inhibitor
388,Cc1ccc(CC(=O)NC(Cc2ccc(OCc3ccc(-c4ccccc4)cc3)cc2)C(=O)NS(=O)(=O)c2ccc(Cl)c([N+](=O)[O-])c2)cc1,XUFVTCSWGHPRFZ-UHFFFAOYSA-N,XUFVTCSWGHPRFZ,5.96,Non-inhibitor
389,Cc1cc(OCCCn2ccc3ccc(OCc4ccc(C(=O)O)cc4)cc32)cc(C)c1Cl,XVLWTNHMSONXMO-UHFFFAOYSA-N,XVLWTNHMSONXMO,5.91,Non-inhibitor
390,Cc1cc(OCCCc2c(C(=O)O)n3CCSc4cccc2c43)ccc1Cl,XWIOEODLFVLVCY-UHFFFAOYSA-N,XWIOEODLFVLVCY,5.2,Non-inhibitor
391,CCCCCCN=C1C(=O)NC2=C1c1c3c2cccc3c(Oc2ccc(C(C)C)cc2)cc1,XWZAPHLZFDMUHL-UHFFFAOYSA-N,XWZAPHLZFDMUHL,6.74,Inhibitor
392,COc1cc(CCC(=O)N2CCOCC2)ccc1-c1ccc(C(=O)NS(=O)(=O)c2cc([N+](=O)[O-])c(NCCSc3ccccc3)cc2)cc1,XXGDZWWCGYEYSL-UHFFFAOYSA-N,XXGDZWWCGYEYSL,6.44,Non-inhibitor
393,Cc1c(Cl)c(C)cc(OCCCc2c(C(=O)O)n(C)c3ccccc23)c1,XYIJQMZUCQCNMO-UHFFFAOYSA-N,XYIJQMZUCQCNMO,5.13,Non-inhibitor
394,O=C(NS(=O)(=O)c1ccc([N+](=O)[O-])cc1)C(Cc1ccc(Br)cc1)N1C(=O)C(=Cc2ccc(-c3ccc(Cl)cc3)cc2)SC1=S,XZEBFHCFALOIHZ-UHFFFAOYSA-N,XZEBFHCFALOIHZ,6.15,Non-inhibitor
395,O=C(NS(=O)(=O)c1cc([N+](=O)[O-])c(Cl)cc1)C(Cc1ccccc1)N1C(=O)C(=Cc2ccc(-c3ccc(C(F)(F)F)cc3)cc2)SC1=S,XZKKVJIAMXSHEG-UHFFFAOYSA-N,XZKKVJIAMXSHEG,6.06,Non-inhibitor
396,CC(C)COc1ccc(C(=O)Nc2c(-c3ccc(OC(C)C)cc3)n(-c3ccc(Oc4ccccc4)cc3)nc2C(=O)O)cc1,YFJFMRRMGIOCHI-UHFFFAOYSA-N,YFJFMRRMGIOCHI,5.85,Non-inhibitor
397,O=C(Nc1nc2c(cccc2)s1)c1c2CN(c3ccc(-c4cn(Cc5ccccc5)cc4)c(C(=O)O)n3)CCc2ccc1,YGLJYVHIEPGHAJ-UHFFFAOYSA-N,YGLJYVHIEPGHAJ,6.92,Inhibitor
398,CCOc1ccc(-c2c(NC(=O)c3ccc(OC(C)C)cc3)c(C(=O)O)nn2-c2ccc(Oc3ccccc3)cc2)cc1,YGMNUAIEAAWEDE-UHFFFAOYSA-N,YGMNUAIEAAWEDE,7.55,Inhibitor
399,CC(=O)OCOC(=O)c1ccc(C(Cl)=CC2C=C(C)CC3CC(CC(=O)O)C=CC23C(=O)OCOC(C)=O)cc1,YHSWUYYWQJTWFN-UHFFFAOYSA-N,YHSWUYYWQJTWFN,5.74,Non-inhibitor
400,CC1=NN(c2nc(-c3ccccc3)cs2)C(=O)C1=Cc1ccc2ccccc2c1,YIFNDDDVTPQXMK-UHFFFAOYSA-N,YIFNDDDVTPQXMK,5.7,Non-inhibitor
401,CN(C)CCC(CSc1ccccc1)Nc1ccc(S(=O)(=O)NC(=O)c2ccc(N3CCN(Cc4ccccc4NC4CCCCC4)CC3)cc2)cc1[N+](=O)[O-],YLMURQOFHMQRRU-UHFFFAOYSA-N,YLMURQOFHMQRRU,8.46,Inhibitor
402,CC(C)Oc1ccc(-c2cc(C(=O)O)nn2-c2ccc(Oc3ccccc3)cc2)cc1,YMZIQERIFKUTOB-UHFFFAOYSA-N,YMZIQERIFKUTOB,6.03,Non-inhibitor
403,CC1=NN(c2nc(-c3ccccc3)cs2)C(=O)C1=CC(c1ccccc1)c1ccccc1,YNCKUVWUXFTUOR-UHFFFAOYSA-N,YNCKUVWUXFTUOR,5.8,Non-inhibitor
404,CN(C)CCC(CSc1ccccc1)Nc1ccc(S(=O)(=O)Nc2ccc(N3CCN(Cc4ccccc4-c4ccc(Cl)cc4)CC3)cc2)cc1[N+](=O)[O-],YOBQZXHKWPNPCD-UHFFFAOYSA-N,YOBQZXHKWPNPCD,7.66,Inhibitor
405,O=C(NS(=O)(=O)c1ccc([N+](=O)[O-])cc1)C(Cc1c[nH]c2c1cccc2)N1C(=O)C(=Cc2ccc(-c3ccc([N+](=O)[O-])cc3)cc2)SC1=S,YOCJSFHRFHXGMO-UHFFFAOYSA-N,YOCJSFHRFHXGMO,7.1,Inhibitor
406,CC1OC2(CCN(c3ccc(C(=O)NS(=O)(=O)c4ccc(NC(CCN(C)C)CSc5ccccc5)c([N+](=O)[O-])c4)cc3)CC2)N(Cc2ccccc2)C1=O,YOWVHFCSBZXUDJ-UHFFFAOYSA-N,YOWVHFCSBZXUDJ,8.02,Inhibitor
407,CC1=NN(c2nc(-c3ccccc3)cs2)C(=O)C1=Cc1ccc(-c2ccccc2)cc1,YPLBYQXNSWCZEB-UHFFFAOYSA-N,YPLBYQXNSWCZEB,5.8,Non-inhibitor
408,COc1ccccc1CC1(OC)CCN(c2ccc(C(=O)NS(=O)(=O)c3ccc(NC(CCN(C)C)CSc4ccccc4)c([N+](=O)[O-])c3)cc2)CC1,YTDTWJFCCHKDOW-UHFFFAOYSA-N,YTDTWJFCCHKDOW,8.8,Inhibitor
409,Cc1cc(OCCCc2c3C(=O)N(c4cn(C)c5cc(C(=O)O)ccc45)CCCn3c3c2ccc(Cl)c3-c2c(C)n(C)nc2C)cc(C)c1Cl,YTOHMGKVIJYDIR-UHFFFAOYSA-N,YTOHMGKVIJYDIR,6.28,Non-inhibitor
410,O=C(O)C(Cc1c[nH]c2c1cccc2)N1C(=O)C(=Cc2ccc(Br)cc2)SC1=S,YWNIWYSIZUOBBC-UHFFFAOYSA-N,YWNIWYSIZUOBBC,5.54,Non-inhibitor
411,CN(C)CCC(CSc1ccccc1)Nc1ccc(S(=O)(=O)NC(=O)c2ccc(N3CCC(=Cc4cnccc4)CC3)cc2)cc1[N+](=O)[O-],YWPKBEPJHDRETK-UHFFFAOYSA-N,YWPKBEPJHDRETK,7.17,Inhibitor
412,CN(C)CCC(CSc1ccccc1)Nc1ccc(S(=O)(=O)NC(=O)c2ccc(N3CCN(C(=O)Nc4ccccc4)CC3)cc2)cc1[N+](=O)[O-],YXKBOKPOXNALDG-UHFFFAOYSA-N,YXKBOKPOXNALDG,6.52,Inhibitor
413,O=c1cc(-c2cc(O)c(O)cc2Cc2ccccc2)oc2c1c(O)cc(O)c2,YZHNQMGHXBKYIT-UHFFFAOYSA-N,YZHNQMGHXBKYIT,5.34,Non-inhibitor
414,O=C(NS(=O)(=O)c1ccc([N+](=O)[O-])cc1)C(Cc1ccccc1)N1C(=O)C(=Cc2ccc(-c3ccc(Cl)cc3)cc2)SC1=S,ZCMOJVOIAUAYFM-UHFFFAOYSA-N,ZCMOJVOIAUAYFM,6.18,Non-inhibitor
415,CN(C)CCC(CSc1ccccc1)Nc1ccc(S(=O)(=O)NC(=O)c2ccc(N3CCN(C(=O)c4ccccc4)CC3)cc2)cc1[N+](=O)[O-],ZCOASPBHOFKONX-UHFFFAOYSA-N,ZCOASPBHOFKONX,7.21,Inhibitor
416,Nc1ccc(Sc2ccc3C4=C(NC(=O)C4=NCCCc4ccccc4)c4cccc2c43)cc1,ZGHTVVBYVVYAHB-UHFFFAOYSA-N,ZGHTVVBYVVYAHB,7.7,Inhibitor
417,O=C(NC(Cc1ccc(Br)cc1)C(=O)NS(=O)(=O)c1ccccc1)c1cn(Cc2ccc(-c3ccc(Cl)cc3)cc2)c2c1cccc2,ZLIUPNSKFCEFMJ-UHFFFAOYSA-N,ZLIUPNSKFCEFMJ,6.04,Non-inhibitor
418,O=C(NS(=O)(=O)c1ccccc1)C(Cc1c[nH]c2c1cccc2)N1C(=O)C(=Cc2ccc(-c3ccccc3)cc2)SC1=S,ZMWRIPJEMXMBTN-UHFFFAOYSA-N,ZMWRIPJEMXMBTN,6.14,Non-inhibitor
419,COc1cc(CN(C)C)ccc1-c1ccc(C(=O)NS(=O)(=O)c2ccc(NCCSc3ccccc3)c([N+](=O)[O-])c2)cc1,ZOEQZRDHXXEEAC-UHFFFAOYSA-N,ZOEQZRDHXXEEAC,5.34,Non-inhibitor
420,CC(Nc1c2c(-c3cc(O)ccc3)c(-c3ccccc3)sc2ncn1)C(=O)O,ZOIJFJMJCQHMJE-UHFFFAOYSA-N,ZOIJFJMJCQHMJE,4.31,Non-inhibitor
421,COC(=O)c1ccc(-c2ccc(C=C3SC(=S)N(C(Cc4ccccc4)C(=O)NS(=O)(=O)c4cc([N+](=O)[O-])c(Cl)cc4)C3=O)cc2)cc1,ZQZMIHSCFJTHMT-UHFFFAOYSA-N,ZQZMIHSCFJTHMT,5.85,Non-inhibitor
422,Cc1cc(OCCCc2c(C(=O)O)[nH]c3ccccc23)ccc1Cl,ZSWWJMJGPVWUMG-UHFFFAOYSA-N,ZSWWJMJGPVWUMG,5.04,Non-inhibitor
423,Cc1nn(Cc2ccccc2)c(C)c1-c1ccc(N2CCc3c(C2)c(C(=O)Nc2nc4c(cccc4)s2)ccc3)nc1C(=O)O,ZTNPPPMKYJVOKW-UHFFFAOYSA-N,ZTNPPPMKYJVOKW,6.26,Non-inhibitor
424,CCc1c(-c2cc(O)ccc2)c2c(ncnc2NC(C)C(=O)O)s1,ZVAJPNVZGQNWQE-UHFFFAOYSA-N,ZVAJPNVZGQNWQE,5.3,Non-inhibitor
425,CCOc1ccc(-c2c(NC(=O)c3ccc(C(C)(C)C)cc3)c(C(=O)O)nn2-c2ccc(Oc3ccccc3)cc2)cc1,ZVNNFQPPAUZMTQ-UHFFFAOYSA-N,ZVNNFQPPAUZMTQ,6.39,Non-inhibitor
426,O=C(NS(=O)(=O)c1ccc(NCCSc2ccccc2)c([N+](=O)[O-])c1)c1ccc(C(=O)c2ccccc2)cc1,ZWNZDXMRVIGCFE-UHFFFAOYSA-N,ZWNZDXMRVIGCFE,5.47,Non-inhibitor
427,CC(C)(C)OC(=O)NC(Cc1ccc(OCc2ccc(C#N)cc2)cc1)C(=O)NS(=O)(=O)c1ccc(NCCCc2ccccc2)c([N+](=O)[O-])c1,ZZQJFMAANHFPSS-UHFFFAOYSA-N,ZZQJFMAANHFPSS,6.1,Non-inhibitor
